3,9,14,17,52,640,221,2.0,78.0,22.0
6,9,14,18,53,642,223,2.0,78.0,22.0
4,7,13,17,51,640,222,2.0,78.0,22.0
6,7,15,17,52,641,224,2.0,78.0,22.0
2,11,13,18,51,642,223,2.0,78.0,22.0
3,6,12,15,49,640,221,2.0,78.0,22.0
3,9,15,16,52,640,223,2.0,78.0,22.0
4,8,15,20,52,643,223,2.0,78.0,22.0
0,13,7,22,46,644,217,2.0,78.0,22.0
2,8,13,17,51,641,220,2.0,78.0,22.0
3,9,13,17,50,642,222,2.0,78.0,22.0
1,10,12,19,50,641,222,2.0,78.0,22.0
0,11,7,17,46,642,219,2.0,78.0,22.0
4,9,14,17,52,639,224,2.0,78.0,22.0
0,11,10,19,45,643,217,2.0,78.0,22.0
3,7,14,14,51,638,224,2.0,78.0,22.0
3,10,15,18,50,641,223,2.0,78.0,22.0
3,5,15,12,53,637,224,2.0,78.0,22.0
3,8,13,16,50,641,224,2.0,78.0,22.0
0,12,8,17,46,643,218,2.0,78.0,22.0
0,11,8,21,46,645,217,2.0,78.0,22.0
2,10,12,17,50,644,220,2.0,78.0,22.0
2,11,12,18,50,642,223,2.0,78.0,22.0
4,7,16,18,54,641,224,2.0,78.0,22.0
8,8,16,15,53,640,227,2.0,78.0,22.0
5,9,14,17,51,642,222,2.0,78.0,22.0
4,8,13,16,50,642,223,2.0,78.0,22.0
4,8,14,17,51,641,225,2.0,78.0,22.0
4,9,16,17,52,639,225,2.0,78.0,22.0
2,8,16,17,51,642,224,2.0,78.0,22.0
2,7,11,13,49,638,220,2.0,78.0,22.0
3,8,13,17,51,641,222,2.0,78.0,22.0
4,3,14,13,52,637,225,2.0,78.0,22.0
0,10,10,17,47,642,218,2.0,78.0,22.0
0,7,11,18,50,644,221,2.0,78.0,22.0
4,9,15,17,53,640,223,2.0,78.0,22.0
2,9,12,12,49,640,223,2.0,78.0,22.0
0,10,10,17,45,638,221,2.0,78.0,22.0
5,8,14,17,50,642,223,2.0,78.0,22.0
0,7,10,16,48,639,218,2.0,78.0,22.0
0,12,10,17,48,642,218,2.0,78.0,22.0
3,8,13,17,49,641,222,2.0,78.0,22.0
5,8,16,17,51,640,223,2.0,78.0,22.0
4,8,15,16,52,641,224,2.0,78.0,22.0
4,10,14,16,51,640,224,2.0,78.0,22.0
1,13,11,18,50,644,221,2.0,78.0,22.0
3,4,14,16,51,639,225,2.0,78.0,22.0
4,9,14,17,51,640,223,2.0,78.0,22.0
3,7,13,18,51,642,223,2.0,78.0,22.0
4,8,13,16,50,640,224,2.0,78.0,22.0
3,10,15,18,51,640,221,2.0,78.0,22.0
0,10,9,18,44,643,219,2.0,78.0,22.0
4,8,16,16,52,640,224,2.0,78.0,22.0
3,10,12,18,49,643,223,2.0,78.0,22.0
2,9,14,17,49,640,219,2.0,78.0,22.0
3,9,13,17,50,642,223,2.0,78.0,22.0
4,8,14,14,52,639,223,2.0,78.0,22.0
0,12,8,20,47,645,218,2.0,78.0,22.0
2,10,15,17,51,641,224,2.0,78.0,22.0
2,4,14,17,53,639,223,2.0,78.0,22.0
5,8,13,18,51,642,224,2.0,78.0,22.0
3,9,14,17,50,639,220,2.0,78.0,22.0
3,8,14,17,51,641,224,2.0,78.0,22.0
1,7,16,18,50,642,223,2.0,78.0,22.0
3,10,15,17,51,641,224,2.0,78.0,22.0
0,12,9,21,48,643,218,2.0,78.0,22.0
3,8,12,16,50,643,222,2.0,78.0,22.0
0,8,9,16,48,640,221,2.0,78.0,22.0
4,8,15,18,52,640,225,2.0,78.0,22.0
0,10,8,20,48,644,218,2.0,78.0,22.0
4,6,15,10,52,638,224,2.0,78.0,22.0
3,8,11,17,49,642,221,2.0,78.0,22.0
2,8,14,13,51,637,221,2.0,78.0,22.0
4,9,14,18,52,641,223,2.0,78.0,22.0
0,11,9,21,45,645,219,2.0,78.0,22.0
2,9,14,17,51,640,224,2.0,78.0,22.0
2,8,14,17,51,641,223,2.0,78.0,22.0
5,9,15,17,51,641,223,2.0,78.0,22.0
6,6,14,16,52,638,224,2.0,78.0,22.0
5,7,16,15,54,637,225,2.0,78.0,22.0
6,9,16,17,52,641,225,2.0,78.0,22.0
5,10,13,18,51,642,225,2.0,78.0,22.0
0,10,10,16,48,642,219,2.0,78.0,22.0
3,9,14,17,51,641,225,2.0,78.0,22.0
2,9,12,17,50,641,223,2.0,78.0,22.0
2,5,12,13,49,638,221,2.0,78.0,22.0
4,7,13,16,52,640,223,2.0,78.0,22.0
6,4,18,14,55,637,227,2.0,78.0,22.0
4,8,15,17,52,639,223,2.0,78.0,22.0
3,8,10,15,49,640,220,2.0,78.0,22.0
0,12,7,20,46,643,218,2.0,78.0,22.0
3,9,14,15,53,639,224,2.0,78.0,22.0
2,9,14,16,51,640,223,2.0,78.0,22.0
4,9,14,20,52,643,222,2.0,78.0,22.0
5,9,15,16,50,639,224,2.0,78.0,22.0
1,12,8,17,47,642,217,2.0,78.0,22.0
3,9,13,18,51,641,224,2.0,78.0,22.0
3,7,16,17,52,641,225,2.0,78.0,22.0
1,11,12,16,51,642,223,2.0,78.0,22.0
2,9,14,19,51,641,225,2.0,78.0,22.0
3,8,14,17,26,215,82,4.0,75.0,25.0
4,8,15,18,27,213,81,4.0,75.0,25.0
2,8,14,12,26,208,82,4.0,75.0,25.0
3,3,14,11,29,209,83,4.0,75.0,25.0
2,9,10,15,25,213,81,4.0,75.0,25.0
3,7,14,15,27,213,83,4.0,75.0,25.0
2,8,14,17,29,214,82,4.0,75.0,25.0
4,9,14,18,27,215,80,4.0,75.0,25.0
3,7,15,16,28,213,82,4.0,75.0,25.0
4,4,18,16,32,210,86,4.0,75.0,25.0
0,8,8,18,23,214,78,4.0,75.0,25.0
2,3,15,11,27,207,82,4.0,75.0,25.0
3,6,14,14,28,211,81,4.0,75.0,25.0
3,8,14,16,26,214,81,4.0,75.0,25.0
3,4,17,14,29,210,83,4.0,75.0,25.0
2,8,14,14,28,214,82,4.0,75.0,25.0
2,9,16,18,29,214,81,4.0,75.0,25.0
1,5,15,14,27,212,81,4.0,75.0,25.0
4,6,15,16,28,213,81,4.0,75.0,25.0
3,8,11,15,27,214,80,4.0,75.0,25.0
0,9,11,16,23,214,76,4.0,75.0,25.0
4,5,17,11,31,208,83,4.0,75.0,25.0
3,5,15,14,27,212,84,4.0,75.0,25.0
2,10,13,20,28,215,80,4.0,75.0,25.0
0,7,14,17,25,213,81,4.0,75.0,25.0
1,8,12,16,25,215,79,4.0,75.0,25.0
3,6,15,15,26,210,81,4.0,75.0,25.0
3,2,14,10,25,209,82,4.0,75.0,25.0
0,9,9,18,21,214,77,4.0,75.0,25.0
2,10,11,16,28,214,81,4.0,75.0,25.0
2,5,11,17,27,214,81,4.0,75.0,25.0
2,8,16,16,27,212,82,4.0,75.0,25.0
3,7,15,16,28,213,82,4.0,75.0,25.0
0,7,11,15,26,213,79,4.0,75.0,25.0
2,5,17,13,30,209,83,4.0,75.0,25.0
3,10,14,19,28,214,84,4.0,75.0,25.0
3,8,15,15,28,212,82,4.0,75.0,25.0
3,8,15,16,27,214,82,4.0,75.0,25.0
3,8,14,15,28,212,82,4.0,75.0,25.0
3,8,14,16,28,214,81,4.0,75.0,25.0
2,8,15,18,28,214,82,4.0,75.0,25.0
0,7,9,16,24,214,76,4.0,75.0,25.0
5,3,16,11,29,209,83,4.0,75.0,25.0
3,4,14,15,29,211,83,4.0,75.0,25.0
3,4,15,14,28,212,81,4.0,75.0,25.0
0,8,9,17,21,213,78,4.0,75.0,25.0
0,8,12,17,23,212,81,4.0,75.0,25.0
3,4,12,12,28,211,83,4.0,75.0,25.0
3,7,15,16,27,214,83,4.0,75.0,25.0
3,10,14,18,27,216,81,4.0,75.0,25.0
3,9,14,17,29,214,83,4.0,75.0,25.0
2,9,12,17,27,214,82,4.0,75.0,25.0
3,8,14,15,28,212,82,4.0,75.0,25.0
4,8,15,16,28,214,83,4.0,75.0,25.0
4,9,15,17,27,213,82,4.0,75.0,25.0
5,5,15,13,25,211,84,4.0,75.0,25.0
0,9,10,17,24,217,78,4.0,75.0,25.0
5,4,17,13,31,212,85,4.0,75.0,25.0
4,4,15,10,29,209,83,4.0,75.0,25.0
2,8,10,15,25,213,81,4.0,75.0,25.0
1,9,14,17,28,214,82,4.0,75.0,25.0
2,9,14,17,27,214,83,4.0,75.0,25.0
2,9,14,17,26,215,82,4.0,75.0,25.0
0,7,10,15,24,213,78,4.0,75.0,25.0
3,4,15,11,29,210,80,4.0,75.0,25.0
5,3,15,11,29,208,85,4.0,75.0,25.0
1,7,14,15,27,213,83,4.0,75.0,25.0
5,1,19,14,31,213,84,4.0,75.0,25.0
1,8,13,19,27,215,81,4.0,75.0,25.0
4,9,15,17,28,214,81,4.0,75.0,25.0
0,13,8,17,22,217,77,4.0,75.0,25.0
2,8,15,17,28,215,80,4.0,75.0,25.0
2,8,14,11,26,209,80,4.0,75.0,25.0
3,8,14,17,26,214,82,4.0,75.0,25.0
3,5,16,13,28,211,84,4.0,75.0,25.0
5,6,16,15,28,212,84,4.0,75.0,25.0
2,8,14,19,27,215,83,4.0,75.0,25.0
1,10,14,17,27,215,81,4.0,75.0,25.0
5,7,13,16,27,213,82,4.0,75.0,25.0
3,11,14,20,28,217,82,4.0,75.0,25.0
0,11,8,21,21,218,76,4.0,75.0,25.0
3,7,16,15,26,214,81,4.0,75.0,25.0
3,8,14,16,28,214,81,4.0,75.0,25.0
2,3,14,15,29,211,82,4.0,75.0,25.0
1,10,12,13,25,215,81,4.0,75.0,25.0
3,8,14,16,27,214,82,4.0,75.0,25.0
0,7,15,16,30,213,82,4.0,75.0,25.0
4,9,15,16,28,214,82,4.0,75.0,25.0
5,9,15,16,28,213,82,4.0,75.0,25.0
0,8,12,18,25,214,77,4.0,75.0,25.0
4,3,17,10,28,208,84,4.0,75.0,25.0
4,7,14,16,28,213,83,4.0,75.0,25.0
8,6,18,14,30,212,86,4.0,75.0,25.0
3,7,15,15,28,214,84,4.0,75.0,25.0
2,7,14,16,28,213,82,4.0,75.0,25.0
2,5,17,14,29,210,84,4.0,75.0,25.0
3,7,13,11,27,211,81,4.0,75.0,25.0
2,9,15,18,28,214,83,4.0,75.0,25.0
3,9,14,18,25,214,81,4.0,75.0,25.0
4,7,14,16,28,213,83,4.0,75.0,25.0
4,7,15,14,19,72,38,6.0,72.0,28.0
4,4,14,11,21,69,39,6.0,72.0,28.0
2,8,15,15,18,74,38,6.0,72.0,28.0
0,5,7,14,11,73,34,6.0,72.0,28.0
0,8,11,11,16,70,35,6.0,72.0,28.0
0,5,10,15,18,74,35,6.0,72.0,28.0
0,9,12,16,18,74,37,6.0,72.0,28.0
2,6,13,13,17,72,38,6.0,72.0,28.0
0,10,11,18,17,75,35,6.0,72.0,28.0
3,9,14,16,17,75,39,6.0,72.0,28.0
3,9,14,16,19,74,37,6.0,72.0,28.0
3,5,16,15,19,75,39,6.0,72.0,28.0
4,8,13,16,20,74,40,6.0,72.0,28.0
4,3,15,12,20,69,39,6.0,72.0,28.0
0,8,14,15,18,74,39,6.0,72.0,28.0
3,8,16,16,19,74,40,6.0,72.0,28.0
1,9,16,18,19,75,37,6.0,72.0,28.0
0,6,11,16,18,77,35,6.0,72.0,28.0
2,6,13,16,17,73,39,6.0,72.0,28.0
6,2,16,12,22,70,42,6.0,72.0,28.0
4,8,13,15,20,74,37,6.0,72.0,28.0
3,7,11,15,18,72,39,6.0,72.0,28.0
3,6,16,14,19,71,40,6.0,72.0,28.0
0,4,12,10,18,70,39,6.0,72.0,28.0
3,7,15,11,20,70,40,6.0,72.0,28.0
2,7,15,16,19,74,39,6.0,72.0,28.0
2,4,14,17,19,72,38,6.0,72.0,28.0
5,5,16,13,21,70,41,6.0,72.0,28.0
1,10,13,17,18,74,38,6.0,72.0,28.0
3,8,15,15,20,72,41,6.0,72.0,28.0
0,9,10,17,15,73,35,6.0,72.0,28.0
2,3,13,16,18,73,38,6.0,72.0,28.0
0,4,12,17,19,75,34,6.0,72.0,28.0
0,8,11,16,16,73,36,6.0,72.0,28.0
3,4,16,11,20,70,40,6.0,72.0,28.0
5,8,15,16,20,75,38,6.0,72.0,28.0
3,7,15,16,19,74,39,6.0,72.0,28.0
5,7,15,15,20,73,40,6.0,72.0,28.0
4,3,15,10,18,66,38,6.0,72.0,28.0
2,7,15,15,19,73,39,6.0,72.0,28.0
3,8,16,17,19,75,41,6.0,72.0,28.0
4,9,14,15,19,74,39,6.0,72.0,28.0
2,8,14,16,19,73,38,6.0,72.0,28.0
2,7,14,16,20,75,38,6.0,72.0,28.0
4,4,15,13,20,72,41,6.0,72.0,28.0
2,8,12,17,16,76,37,6.0,72.0,28.0
4,9,14,14,20,74,39,6.0,72.0,28.0
0,8,12,17,16,76,36,6.0,72.0,28.0
4,4,17,9,21,70,41,6.0,72.0,28.0
3,5,16,11,19,69,39,6.0,72.0,28.0
5,3,14,9,20,70,41,6.0,72.0,28.0
2,4,13,11,20,71,39,6.0,72.0,28.0
0,9,10,18,17,76,35,6.0,72.0,28.0
4,8,14,17,17,76,37,6.0,72.0,28.0
0,7,12,15,15,72,36,6.0,72.0,28.0
6,5,15,12,20,69,40,6.0,72.0,28.0
0,7,12,17,19,76,37,6.0,72.0,28.0
3,9,16,18,20,74,40,6.0,72.0,28.0
5,9,13,16,19,74,39,6.0,72.0,28.0
3,8,14,16,20,74,39,6.0,72.0,28.0
3,6,14,16,19,73,38,6.0,72.0,28.0
2,9,16,15,20,75,41,6.0,72.0,28.0
4,8,15,16,16,74,38,6.0,72.0,28.0
3,3,16,13,21,69,41,6.0,72.0,28.0
4,10,16,16,20,74,39,6.0,72.0,28.0
0,8,10,19,14,77,34,6.0,72.0,28.0
1,7,12,11,16,69,36,6.0,72.0,28.0
4,8,14,13,20,71,39,6.0,72.0,28.0
3,6,14,16,19,75,40,6.0,72.0,28.0
2,9,13,16,17,75,36,6.0,72.0,28.0
0,7,10,15,15,76,34,6.0,72.0,28.0
5,2,16,10,21,67,41,6.0,72.0,28.0
2,9,12,13,19,72,39,6.0,72.0,28.0
4,7,15,15,19,74,41,6.0,72.0,28.0
2,4,12,16,18,75,40,6.0,72.0,28.0
4,9,15,12,20,71,38,6.0,72.0,28.0
5,6,16,16,20,77,38,6.0,72.0,28.0
2,8,11,15,15,74,35,6.0,72.0,28.0
2,8,13,15,19,73,40,6.0,72.0,28.0
1,10,10,16,16,76,36,6.0,72.0,28.0
0,11,8,19,14,77,35,6.0,72.0,28.0
1,10,12,15,18,74,38,6.0,72.0,28.0
2,9,15,17,20,75,41,6.0,72.0,28.0
5,6,16,12,21,71,41,6.0,72.0,28.0
7,2,18,11,23,70,41,6.0,72.0,28.0
1,9,12,15,19,74,39,6.0,72.0,28.0
2,5,14,17,20,75,38,6.0,72.0,28.0
4,4,15,14,21,72,40,6.0,72.0,28.0
4,8,15,16,20,75,40,6.0,72.0,28.0
4,7,14,16,18,72,39,6.0,72.0,28.0
0,8,11,16,17,75,35,6.0,72.0,28.0
2,7,12,11,16,70,36,6.0,72.0,28.0
4,9,14,16,19,75,39,6.0,72.0,28.0
2,7,16,17,19,74,40,6.0,72.0,28.0
0,5,12,11,16,67,39,6.0,72.0,28.0
4,8,13,15,19,73,38,6.0,72.0,28.0
3,7,13,14,19,72,39,6.0,72.0,28.0
3,8,13,16,19,74,39,6.0,72.0,28.0
4,3,15,15,19,73,40,6.0,72.0,28.0
0,7,12,19,14,76,36,6.0,72.0,28.0
0,7,8,14,14,31,13,8.0,69.0,31.0
4,4,15,9,20,27,20,8.0,69.0,31.0
4,6,14,14,19,33,20,8.0,69.0,31.0
0,4,9,17,17,33,14,8.0,69.0,31.0
2,9,14,15,20,33,20,8.0,69.0,31.0
0,3,11,11,17,28,17,8.0,69.0,31.0
2,8,15,15,22,33,20,8.0,69.0,31.0
3,8,16,15,20,32,19,8.0,69.0,31.0
4,8,14,16,20,33,19,8.0,69.0,31.0
2,7,12,14,20,33,18,8.0,69.0,31.0
1,9,13,14,20,35,19,8.0,69.0,31.0
3,7,13,14,20,33,19,8.0,69.0,31.0
3,7,14,13,20,34,20,8.0,69.0,31.0
2,9,14,16,20,33,18,8.0,69.0,31.0
6,5,13,9,22,28,20,8.0,69.0,31.0
2,5,13,13,20,29,21,8.0,69.0,31.0
0,10,9,16,16,33,15,8.0,69.0,31.0
0,8,8,13,15,33,17,8.0,69.0,31.0
4,6,14,12,19,30,20,8.0,69.0,31.0
3,6,15,14,21,32,20,8.0,69.0,31.0
3,8,10,14,18,32,18,8.0,69.0,31.0
0,4,13,15,19,30,18,8.0,69.0,31.0
5,7,16,15,19,33,20,8.0,69.0,31.0
5,3,16,12,21,29,21,8.0,69.0,31.0
1,6,9,13,15,32,15,8.0,69.0,31.0
2,8,13,14,20,35,18,8.0,69.0,31.0
3,3,13,10,19,29,19,8.0,69.0,31.0
4,8,15,15,21,33,21,8.0,69.0,31.0
0,8,9,13,16,32,14,8.0,69.0,31.0
2,7,11,15,19,35,17,8.0,69.0,31.0
5,2,15,12,20,28,18,8.0,69.0,31.0
2,7,14,14,19,32,18,8.0,69.0,31.0
2,9,10,15,17,34,16,8.0,69.0,31.0
3,8,12,15,20,32,19,8.0,69.0,31.0
4,8,12,10,19,28,19,8.0,69.0,31.0
0,4,9,16,14,33,13,8.0,69.0,31.0
1,7,10,15,16,31,14,8.0,69.0,31.0
2,7,14,14,19,33,18,8.0,69.0,31.0
0,9,8,15,14,31,14,8.0,69.0,31.0
3,5,14,17,19,33,19,8.0,69.0,31.0
0,8,10,14,16,32,13,8.0,69.0,31.0
1,6,12,9,17,29,18,8.0,69.0,31.0
4,7,14,15,20,33,20,8.0,69.0,31.0
5,7,15,14,21,34,22,8.0,69.0,31.0
4,7,12,17,19,34,20,8.0,69.0,31.0
0,7,8,16,16,34,12,8.0,69.0,31.0
1,7,13,15,21,35,17,8.0,69.0,31.0
4,3,15,12,23,29,20,8.0,69.0,31.0
1,7,10,13,17,31,16,8.0,69.0,31.0
1,7,14,12,20,34,19,8.0,69.0,31.0
0,7,14,14,19,33,18,8.0,69.0,31.0
2,7,13,13,18,32,19,8.0,69.0,31.0
4,8,14,16,20,32,20,8.0,69.0,31.0
5,5,16,12,22,29,22,8.0,69.0,31.0
3,5,15,12,21,28,18,8.0,69.0,31.0
2,3,14,17,20,32,19,8.0,69.0,31.0
0,7,14,16,19,34,18,8.0,69.0,31.0
4,7,13,12,19,33,19,8.0,69.0,31.0
2,7,14,17,21,33,19,8.0,69.0,31.0
2,7,14,14,19,33,19,8.0,69.0,31.0
2,8,16,15,19,34,19,8.0,69.0,31.0
0,7,11,8,17,27,16,8.0,69.0,31.0
4,5,16,10,22,28,21,8.0,69.0,31.0
0,6,8,16,16,32,16,8.0,69.0,31.0
3,8,14,14,21,34,21,8.0,69.0,31.0
3,3,13,14,21,32,21,8.0,69.0,31.0
3,3,13,13,21,27,19,8.0,69.0,31.0
0,5,10,13,18,32,15,8.0,69.0,31.0
3,8,13,14,19,32,19,8.0,69.0,31.0
1,5,11,13,18,33,20,8.0,69.0,31.0
2,5,14,16,19,33,19,8.0,69.0,31.0
2,7,14,14,19,33,20,8.0,69.0,31.0
4,9,14,16,19,32,20,8.0,69.0,31.0
3,9,13,15,21,31,21,8.0,69.0,31.0
4,6,15,14,19,32,20,8.0,69.0,31.0
4,3,15,10,20,28,20,8.0,69.0,31.0
4,5,15,13,21,30,20,8.0,69.0,31.0
0,9,10,18,17,35,16,8.0,69.0,31.0
3,6,15,14,19,31,18,8.0,69.0,31.0
2,7,14,14,20,32,22,8.0,69.0,31.0
4,8,14,14,20,32,20,8.0,69.0,31.0
4,7,14,13,21,32,18,8.0,69.0,31.0
4,8,16,13,22,33,20,8.0,69.0,31.0
2,8,14,13,19,33,19,8.0,69.0,31.0
0,6,10,14,14,33,12,8.0,69.0,31.0
1,7,12,15,18,33,18,8.0,69.0,31.0
0,7,10,14,16,35,15,8.0,69.0,31.0
0,7,11,11,18,28,16,8.0,69.0,31.0
5,6,17,13,21,28,22,8.0,69.0,31.0
2,6,16,14,21,33,20,8.0,69.0,31.0
3,7,13,15,19,34,19,8.0,69.0,31.0
3,8,15,15,20,32,19,8.0,69.0,31.0
3,4,16,12,21,28,22,8.0,69.0,31.0
0,11,9,15,14,34,16,8.0,69.0,31.0
3,2,13,11,23,29,20,8.0,69.0,31.0
0,8,11,14,17,32,14,8.0,69.0,31.0
2,5,12,7,19,27,18,8.0,69.0,31.0
4,7,14,12,18,27,19,8.0,69.0,31.0
1,7,15,16,18,34,19,8.0,69.0,31.0
0,8,15,14,20,31,21,8.0,69.0,31.0
3,6,13,13,18,19,14,10.0,66.0,34.0
0,7,10,14,17,20,12,10.0,66.0,34.0
0,7,10,13,12,21,10,10.0,66.0,34.0
4,4,15,11,21,16,17,10.0,66.0,34.0
4,8,16,13,17,19,14,10.0,66.0,34.0
3,7,13,15,20,20,14,10.0,66.0,34.0
2,8,14,14,18,20,14,10.0,66.0,34.0
4,5,13,12,19,15,15,10.0,66.0,34.0
3,4,16,10,17,16,15,10.0,66.0,34.0
3,7,13,16,18,20,14,10.0,66.0,34.0
3,8,14,15,19,20,14,10.0,66.0,34.0
0,9,7,13,13,17,10,10.0,66.0,34.0
2,7,14,12,18,20,14,10.0,66.0,34.0
0,9,8,14,13,20,9,10.0,66.0,34.0
3,7,11,13,17,19,14,10.0,66.0,34.0
3,8,15,14,18,18,15,10.0,66.0,34.0
1,6,12,16,17,20,12,10.0,66.0,34.0
5,2,16,7,19,14,17,10.0,66.0,34.0
0,7,10,14,15,19,9,10.0,66.0,34.0
2,10,14,13,18,21,11,10.0,66.0,34.0
2,7,11,14,20,18,14,10.0,66.0,34.0
3,6,15,15,19,20,15,10.0,66.0,34.0
2,7,14,14,17,20,14,10.0,66.0,34.0
3,6,15,13,19,19,13,10.0,66.0,34.0
1,7,15,15,19,21,14,10.0,66.0,34.0
1,7,15,13,19,18,15,10.0,66.0,34.0
3,8,15,15,19,21,14,10.0,66.0,34.0
3,9,13,15,17,18,12,10.0,66.0,34.0
2,7,14,14,20,20,14,10.0,66.0,34.0
4,9,14,15,20,20,16,10.0,66.0,34.0
5,6,14,14,18,17,15,10.0,66.0,34.0
3,8,15,11,18,19,14,10.0,66.0,34.0
1,7,14,15,19,20,14,10.0,66.0,34.0
1,8,12,14,19,20,13,10.0,66.0,34.0
3,6,11,14,18,18,13,10.0,66.0,34.0
4,6,14,11,19,17,17,10.0,66.0,34.0
0,9,12,13,16,18,9,10.0,66.0,34.0
2,6,13,15,19,20,14,10.0,66.0,34.0
2,5,14,14,18,20,14,10.0,66.0,34.0
3,8,14,14,18,19,13,10.0,66.0,34.0
0,9,9,14,14,17,10,10.0,66.0,34.0
3,3,13,15,18,20,14,10.0,66.0,34.0
4,6,13,13,18,18,15,10.0,66.0,34.0
2,3,14,13,18,20,14,10.0,66.0,34.0
3,8,11,14,17,21,14,10.0,66.0,34.0
4,4,15,10,20,15,16,10.0,66.0,34.0
4,7,12,15,16,20,15,10.0,66.0,34.0
5,3,13,10,17,16,16,10.0,66.0,34.0
0,9,10,15,13,19,9,10.0,66.0,34.0
1,8,14,15,17,20,13,10.0,66.0,34.0
0,7,8,13,13,19,11,10.0,66.0,34.0
3,3,14,9,18,16,16,10.0,66.0,34.0
1,7,10,15,13,19,10,10.0,66.0,34.0
3,10,13,15,20,21,13,10.0,66.0,34.0
5,7,12,13,17,20,15,10.0,66.0,34.0
2,7,13,16,18,19,13,10.0,66.0,34.0
3,9,14,13,18,18,15,10.0,66.0,34.0
3,7,15,14,18,19,14,10.0,66.0,34.0
3,6,15,16,20,21,13,10.0,66.0,34.0
3,1,15,12,19,16,15,10.0,66.0,34.0
4,4,12,12,20,16,12,10.0,66.0,34.0
3,8,12,13,19,19,15,10.0,66.0,34.0
3,6,15,14,19,19,14,10.0,66.0,34.0
1,7,13,16,18,20,13,10.0,66.0,34.0
5,1,16,11,21,15,18,10.0,66.0,34.0
0,7,11,12,12,18,10,10.0,66.0,34.0
2,8,14,15,19,20,15,10.0,66.0,34.0
4,8,15,15,19,21,16,10.0,66.0,34.0
2,7,13,14,19,19,14,10.0,66.0,34.0
3,9,13,14,19,21,15,10.0,66.0,34.0
4,8,16,12,21,15,15,10.0,66.0,34.0
1,8,10,14,15,20,10,10.0,66.0,34.0
0,7,10,13,14,19,13,10.0,66.0,34.0
3,7,15,13,19,19,13,10.0,66.0,34.0
0,6,11,16,17,22,10,10.0,66.0,34.0
1,6,9,14,14,17,11,10.0,66.0,34.0
1,8,13,14,17,20,13,10.0,66.0,34.0
1,7,13,16,18,20,12,10.0,66.0,34.0
0,12,7,14,12,21,9,10.0,66.0,34.0
0,9,14,13,19,19,14,10.0,66.0,34.0
0,8,11,15,16,19,9,10.0,66.0,34.0
1,10,10,17,14,21,10,10.0,66.0,34.0
2,9,15,16,19,19,13,10.0,66.0,34.0
5,8,13,14,17,20,14,10.0,66.0,34.0
0,7,12,15,18,19,13,10.0,66.0,34.0
3,8,12,15,17,21,12,10.0,66.0,34.0
0,9,10,16,15,20,11,10.0,66.0,34.0
3,8,13,14,17,21,14,10.0,66.0,34.0
3,8,15,15,20,21,14,10.0,66.0,34.0
3,6,15,16,18,20,14,10.0,66.0,34.0
1,6,14,13,18,19,12,10.0,66.0,34.0
0,7,10,13,13,18,10,10.0,66.0,34.0
2,7,16,15,20,19,17,10.0,66.0,34.0
0,11,11,14,14,18,10,10.0,66.0,34.0
0,11,10,16,16,23,10,10.0,66.0,34.0
2,7,13,15,18,20,14,10.0,66.0,34.0
6,1,16,8,19,14,15,10.0,66.0,34.0
4,7,11,14,18,20,15,10.0,66.0,34.0
2,6,16,13,19,20,15,10.0,66.0,34.0
0,9,12,17,17,22,13,10.0,66.0,34.0
8,9,30,747,1269,182,15,2.0,98.0,42.0
5,11,28,753,1266,186,14,2.0,98.0,42.0
5,13,29,749,1267,185,12,2.0,98.0,42.0
2,12,24,749,1262,189,10,2.0,98.0,42.0
6,13,28,752,1267,188,14,2.0,98.0,42.0
6,13,29,752,1265,187,14,2.0,98.0,42.0
6,12,28,748,1263,185,14,2.0,98.0,42.0
4,12,27,750,1266,188,11,2.0,98.0,42.0
0,16,24,753,1262,190,7,2.0,98.0,42.0
5,15,28,754,1266,188,13,2.0,98.0,42.0
4,12,26,752,1267,186,13,2.0,98.0,42.0
8,10,28,748,1270,184,14,2.0,98.0,42.0
6,9,30,744,1269,182,14,2.0,98.0,42.0
6,13,29,753,1266,186,15,2.0,98.0,42.0
8,14,29,749,1268,184,15,2.0,98.0,42.0
4,13,25,754,1265,191,12,2.0,98.0,42.0
4,9,27,750,1265,185,13,2.0,98.0,42.0
5,11,28,752,1266,188,13,2.0,98.0,42.0
0,15,23,753,1264,188,9,2.0,98.0,42.0
6,10,27,754,1266,189,13,2.0,98.0,42.0
4,12,29,752,1269,188,15,2.0,98.0,42.0
4,13,28,752,1268,185,13,2.0,98.0,42.0
4,15,26,750,1265,186,11,2.0,98.0,42.0
0,11,24,753,1264,188,6,2.0,98.0,42.0
6,12,29,752,1268,187,15,2.0,98.0,42.0
5,13,27,755,1265,188,13,2.0,98.0,42.0
3,11,25,752,1263,187,10,2.0,98.0,42.0
6,13,29,751,1268,188,14,2.0,98.0,42.0
0,12,25,753,1264,189,9,2.0,98.0,42.0
2,14,24,752,1265,190,8,2.0,98.0,42.0
4,16,28,753,1265,188,13,2.0,98.0,42.0
6,12,28,751,1266,188,14,2.0,98.0,42.0
6,14,29,751,1266,188,14,2.0,98.0,42.0
1,12,24,751,1263,187,11,2.0,98.0,42.0
2,16,25,751,1264,187,9,2.0,98.0,42.0
6,11,27,750,1267,182,14,2.0,98.0,42.0
2,11,24,753,1263,187,9,2.0,98.0,42.0
4,14,28,753,1267,189,13,2.0,98.0,42.0
4,13,28,751,1267,187,13,2.0,98.0,42.0
6,12,29,753,1268,186,13,2.0,98.0,42.0
6,13,29,751,1268,187,14,2.0,98.0,42.0
5,14,28,754,1265,188,12,2.0,98.0,42.0
0,14,22,754,1263,190,8,2.0,98.0,42.0
3,13,27,753,1267,188,13,2.0,98.0,42.0
0,14,25,755,1266,192,9,2.0,98.0,42.0
0,15,24,754,1264,191,9,2.0,98.0,42.0
6,9,28,748,1266,186,14,2.0,98.0,42.0
6,8,31,747,1268,183,18,2.0,98.0,42.0
8,14,28,753,1268,188,13,2.0,98.0,42.0
0,16,24,755,1262,191,8,2.0,98.0,42.0
8,8,30,746,1268,184,14,2.0,98.0,42.0
3,14,27,753,1267,189,14,2.0,98.0,42.0
2,16,24,751,1263,187,9,2.0,98.0,42.0
5,13,29,752,1269,188,14,2.0,98.0,42.0
5,14,29,753,1266,187,13,2.0,98.0,42.0
3,13,28,753,1267,189,13,2.0,98.0,42.0
1,13,25,753,1265,190,6,2.0,98.0,42.0
3,13,28,750,1267,188,13,2.0,98.0,42.0
6,13,28,751,1266,189,14,2.0,98.0,42.0
5,13,28,750,1267,185,12,2.0,98.0,42.0
8,8,29,748,1268,185,15,2.0,98.0,42.0
4,11,27,752,1267,188,13,2.0,98.0,42.0
3,10,24,748,1264,183,10,2.0,98.0,42.0
7,11,30,751,1268,187,14,2.0,98.0,42.0
5,14,30,752,1268,187,14,2.0,98.0,42.0
4,14,29,752,1268,188,14,2.0,98.0,42.0
8,11,30,752,1268,187,13,2.0,98.0,42.0
4,13,30,752,1266,188,14,2.0,98.0,42.0
5,13,29,753,1266,188,13,2.0,98.0,42.0
4,12,26,752,1265,188,13,2.0,98.0,42.0
1,12,24,748,1265,182,10,2.0,98.0,42.0
2,14,23,755,1262,191,8,2.0,98.0,42.0
7,7,31,748,1269,184,15,2.0,98.0,42.0
4,13,30,752,1269,187,13,2.0,98.0,42.0
0,14,22,752,1263,187,8,2.0,98.0,42.0
4,13,27,752,1267,187,13,2.0,98.0,42.0
3,11,28,753,1267,184,11,2.0,98.0,42.0
4,12,28,752,1267,189,14,2.0,98.0,42.0
6,14,29,753,1267,190,12,2.0,98.0,42.0
7,9,32,748,1269,181,17,2.0,98.0,42.0
6,12,30,752,1268,187,14,2.0,98.0,42.0
3,13,27,751,1266,188,12,2.0,98.0,42.0
3,14,28,752,1267,188,14,2.0,98.0,42.0
4,10,26,753,1267,185,12,2.0,98.0,42.0
4,8,28,750,1268,187,14,2.0,98.0,42.0
5,11,27,751,1266,188,13,2.0,98.0,42.0
4,14,30,751,1267,188,14,2.0,98.0,42.0
4,13,27,752,1269,188,14,2.0,98.0,42.0
5,15,30,753,1267,190,12,2.0,98.0,42.0
1,12,24,753,1262,188,9,2.0,98.0,42.0
5,9,29,753,1269,187,14,2.0,98.0,42.0
6,12,30,753,1267,188,12,2.0,98.0,42.0
4,12,28,750,1266,187,14,2.0,98.0,42.0
3,14,28,752,1267,187,13,2.0,98.0,42.0
5,9,32,751,1270,184,18,2.0,98.0,42.0
6,9,31,748,1267,182,15,2.0,98.0,42.0
0,15,25,756,1264,190,10,2.0,98.0,42.0
4,9,28,752,1269,187,11,2.0,98.0,42.0
2,13,24,753,1266,187,11,2.0,98.0,42.0
3,10,27,750,1268,184,13,2.0,98.0,42.0
4,8,116,202,270,77,14,4.0,95.0,45.0
3,10,117,204,269,76,14,4.0,95.0,45.0
3,9,114,199,267,71,11,4.0,95.0,45.0
0,12,110,200,263,75,8,4.0,95.0,45.0
4,11,115,203,269,77,12,4.0,95.0,45.0
2,11,110,205,263,78,8,4.0,95.0,45.0
1,9,112,201,265,75,11,4.0,95.0,45.0
4,11,115,200,267,76,11,4.0,95.0,45.0
5,9,116,203,269,77,13,4.0,95.0,45.0
3,9,116,200,269,75,10,4.0,95.0,45.0
4,10,115,200,268,75,12,4.0,95.0,45.0
0,13,114,202,265,76,9,4.0,95.0,45.0
2,9,114,201,269,74,11,4.0,95.0,45.0
5,8,117,201,270,76,13,4.0,95.0,45.0
5,10,116,205,270,76,13,4.0,95.0,45.0
0,12,112,203,266,77,9,4.0,95.0,45.0
4,6,119,202,273,74,16,4.0,95.0,45.0
5,10,116,202,270,76,15,4.0,95.0,45.0
3,10,116,201,269,78,13,4.0,95.0,45.0
3,7,115,196,270,74,12,4.0,95.0,45.0
2,10,116,203,270,78,12,4.0,95.0,45.0
5,8,116,198,270,73,15,4.0,95.0,45.0
1,13,113,203,265,77,10,4.0,95.0,45.0
4,9,115,202,266,76,11,4.0,95.0,45.0
3,10,114,203,268,77,10,4.0,95.0,45.0
5,10,116,202,270,75,12,4.0,95.0,45.0
3,11,115,201,270,76,11,4.0,95.0,45.0
1,13,114,201,265,78,8,4.0,95.0,45.0
5,9,115,203,267,76,9,4.0,95.0,45.0
5,11,114,202,270,75,11,4.0,95.0,45.0
4,9,117,201,270,76,13,4.0,95.0,45.0
4,9,116,202,270,76,12,4.0,95.0,45.0
5,10,115,203,270,77,11,4.0,95.0,45.0
3,11,116,201,269,76,12,4.0,95.0,45.0
6,5,117,199,271,71,13,4.0,95.0,45.0
4,8,116,200,270,75,14,4.0,95.0,45.0
4,9,115,201,270,76,11,4.0,95.0,45.0
2,12,114,204,268,77,8,4.0,95.0,45.0
5,8,117,200,271,75,12,4.0,95.0,45.0
2,10,115,203,268,78,9,4.0,95.0,45.0
5,12,116,204,269,77,15,4.0,95.0,45.0
1,11,112,200,264,76,9,4.0,95.0,45.0
5,10,116,199,269,76,11,4.0,95.0,45.0
2,12,115,202,269,76,12,4.0,95.0,45.0
0,11,113,203,266,78,9,4.0,95.0,45.0
4,10,114,202,266,78,12,4.0,95.0,45.0
3,7,116,201,269,75,13,4.0,95.0,45.0
6,4,116,197,270,73,15,4.0,95.0,45.0
4,9,115,202,269,76,12,4.0,95.0,45.0
0,12,112,203,268,79,9,4.0,95.0,45.0
1,10,115,201,270,77,13,4.0,95.0,45.0
6,6,115,198,272,73,14,4.0,95.0,45.0
4,11,113,203,268,77,12,4.0,95.0,45.0
4,11,114,202,268,76,12,4.0,95.0,45.0
1,10,114,203,270,76,12,4.0,95.0,45.0
2,8,116,197,268,73,12,4.0,95.0,45.0
2,9,116,202,268,78,12,4.0,95.0,45.0
3,10,117,202,268,76,12,4.0,95.0,45.0
0,11,110,206,264,80,9,4.0,95.0,45.0
8,7,116,200,271,72,13,4.0,95.0,45.0
4,10,116,202,270,77,12,4.0,95.0,45.0
5,10,115,197,269,73,14,4.0,95.0,45.0
6,6,115,197,269,72,14,4.0,95.0,45.0
6,9,114,203,269,75,12,4.0,95.0,45.0
5,10,116,202,271,76,14,4.0,95.0,45.0
4,10,115,202,268,75,13,4.0,95.0,45.0
0,13,112,204,264,77,9,4.0,95.0,45.0
3,11,114,201,268,76,12,4.0,95.0,45.0
4,10,117,203,269,77,12,4.0,95.0,45.0
2,10,115,202,269,77,11,4.0,95.0,45.0
3,9,115,203,268,76,12,4.0,95.0,45.0
5,7,117,196,269,73,12,4.0,95.0,45.0
6,11,116,204,270,77,12,4.0,95.0,45.0
4,12,114,203,269,76,13,4.0,95.0,45.0
3,12,116,205,270,76,12,4.0,95.0,45.0
1,12,115,200,267,76,10,4.0,95.0,45.0
5,10,116,201,269,76,13,4.0,95.0,45.0
5,4,118,196,271,73,14,4.0,95.0,45.0
4,10,115,200,268,76,11,4.0,95.0,45.0
5,11,115,202,271,77,14,4.0,95.0,45.0
4,11,114,200,267,77,11,4.0,95.0,45.0
0,11,110,202,266,76,8,4.0,95.0,45.0
4,5,115,197,267,70,12,4.0,95.0,45.0
4,12,115,202,269,76,13,4.0,95.0,45.0
5,10,115,202,266,77,13,4.0,95.0,45.0
6,6,116,198,268,73,13,4.0,95.0,45.0
1,11,116,203,270,78,12,4.0,95.0,45.0
4,9,117,202,268,76,13,4.0,95.0,45.0
3,8,110,200,264,73,11,4.0,95.0,45.0
5,7,115,198,269,75,12,4.0,95.0,45.0
3,8,115,201,270,76,12,4.0,95.0,45.0
1,11,116,203,270,76,12,4.0,95.0,45.0
4,9,115,199,270,73,14,4.0,95.0,45.0
5,11,114,202,269,76,12,4.0,95.0,45.0
6,7,117,199,271,73,14,4.0,95.0,45.0
5,10,116,201,270,76,12,4.0,95.0,45.0
4,9,116,201,269,77,12,4.0,95.0,45.0
4,9,116,201,269,78,13,4.0,95.0,45.0
4,11,115,203,268,77,12,4.0,95.0,45.0
5,10,115,196,268,74,13,4.0,95.0,45.0
5,8,72,77,83,66,10,6.0,92.0,48.0
3,8,73,76,82,65,11,6.0,92.0,48.0
2,9,72,76,81,67,11,6.0,92.0,48.0
4,8,73,78,82,67,12,6.0,92.0,48.0
3,9,72,74,82,66,11,6.0,92.0,48.0
2,9,70,77,83,66,8,6.0,92.0,48.0
3,7,72,74,82,65,12,6.0,92.0,48.0
2,8,70,77,80,67,13,6.0,92.0,48.0
0,10,65,76,76,68,5,6.0,92.0,48.0
0,8,71,74,78,62,10,6.0,92.0,48.0
4,4,73,74,82,65,11,6.0,92.0,48.0
3,8,71,77,82,66,11,6.0,92.0,48.0
4,7,70,75,82,66,12,6.0,92.0,48.0
2,9,73,77,82,67,11,6.0,92.0,48.0
4,3,73,71,82,62,10,6.0,92.0,48.0
0,9,68,78,78,69,5,6.0,92.0,48.0
1,11,70,77,79,69,9,6.0,92.0,48.0
0,10,70,78,79,68,5,6.0,92.0,48.0
4,8,73,76,82,67,11,6.0,92.0,48.0
4,7,71,76,82,67,11,6.0,92.0,48.0
4,4,75,72,83,65,11,6.0,92.0,48.0
1,10,70,77,83,67,10,6.0,92.0,48.0
4,8,72,78,82,68,11,6.0,92.0,48.0
2,8,67,75,79,65,8,6.0,92.0,48.0
4,5,73,72,84,64,12,6.0,92.0,48.0
3,7,70,76,81,65,10,6.0,92.0,48.0
3,6,74,74,84,63,12,6.0,92.0,48.0
1,9,70,77,82,67,11,6.0,92.0,48.0
3,7,71,76,83,65,12,6.0,92.0,48.0
4,8,72,76,82,67,11,6.0,92.0,48.0
2,8,70,75,80,67,13,6.0,92.0,48.0
0,6,69,76,77,65,8,6.0,92.0,48.0
3,7,71,76,80,67,9,6.0,92.0,48.0
5,9,70,76,82,67,11,6.0,92.0,48.0
2,9,72,78,81,67,9,6.0,92.0,48.0
3,9,72,76,81,67,10,6.0,92.0,48.0
3,8,70,77,81,67,11,6.0,92.0,48.0
1,9,72,77,81,67,11,6.0,92.0,48.0
2,9,70,77,82,66,12,6.0,92.0,48.0
3,9,69,76,81,67,6,6.0,92.0,48.0
0,9,66,76,77,66,5,6.0,92.0,48.0
0,7,69,74,80,66,9,6.0,92.0,48.0
0,5,72,74,82,64,9,6.0,92.0,48.0
3,8,73,76,82,68,9,6.0,92.0,48.0
2,8,71,78,82,66,10,6.0,92.0,48.0
2,5,71,73,82,64,10,6.0,92.0,48.0
2,10,71,74,79,66,10,6.0,92.0,48.0
3,6,73,71,84,65,14,6.0,92.0,48.0
3,8,72,75,82,67,10,6.0,92.0,48.0
4,9,72,76,82,66,10,6.0,92.0,48.0
2,6,71,75,82,66,11,6.0,92.0,48.0
2,6,71,73,81,63,9,6.0,92.0,48.0
3,5,72,71,82,64,13,6.0,92.0,48.0
1,7,72,76,81,67,11,6.0,92.0,48.0
4,7,72,74,83,66,11,6.0,92.0,48.0
4,8,70,76,82,66,10,6.0,92.0,48.0
6,3,73,73,82,62,12,6.0,92.0,48.0
2,9,70,77,82,67,9,6.0,92.0,48.0
4,2,74,72,84,59,13,6.0,92.0,48.0
4,4,73,75,84,64,12,6.0,92.0,48.0
3,1,74,71,84,62,13,6.0,92.0,48.0
3,4,70,77,81,66,9,6.0,92.0,48.0
3,7,69,72,79,65,7,6.0,92.0,48.0
0,7,68,77,78,67,5,6.0,92.0,48.0
2,6,72,77,83,67,12,6.0,92.0,48.0
0,9,67,75,77,66,7,6.0,92.0,48.0
3,9,71,77,80,66,8,6.0,92.0,48.0
4,9,72,77,83,66,10,6.0,92.0,48.0
4,9,71,76,82,66,10,6.0,92.0,48.0
3,7,73,76,81,67,11,6.0,92.0,48.0
2,9,70,76,80,67,9,6.0,92.0,48.0
4,8,70,76,79,66,12,6.0,92.0,48.0
3,4,72,70,84,62,11,6.0,92.0,48.0
1,6,70,76,81,64,6,6.0,92.0,48.0
0,9,70,75,80,68,11,6.0,92.0,48.0
2,8,72,76,81,67,11,6.0,92.0,48.0
0,8,67,75,77,67,4,6.0,92.0,48.0
3,12,69,75,78,69,9,6.0,92.0,48.0
2,8,72,76,82,65,9,6.0,92.0,48.0
4,4,73,72,83,64,10,6.0,92.0,48.0
4,9,72,76,82,67,11,6.0,92.0,48.0
3,7,72,74,83,66,12,6.0,92.0,48.0
1,9,71,76,82,67,11,6.0,92.0,48.0
0,12,67,75,77,66,6,6.0,92.0,48.0
4,8,71,75,81,65,10,6.0,92.0,48.0
3,7,73,75,81,67,12,6.0,92.0,48.0
2,9,71,76,82,68,9,6.0,92.0,48.0
2,8,73,76,82,66,13,6.0,92.0,48.0
2,7,70,72,81,62,10,6.0,92.0,48.0
4,4,72,73,83,63,8,6.0,92.0,48.0
4,6,71,75,81,66,10,6.0,92.0,48.0
1,8,70,75,81,66,9,6.0,92.0,48.0
1,7,68,74,80,66,9,6.0,92.0,48.0
2,9,72,76,81,66,10,6.0,92.0,48.0
2,3,72,73,82,62,12,6.0,92.0,48.0
2,6,71,74,81,63,10,6.0,92.0,48.0
0,8,67,75,78,66,7,6.0,92.0,48.0
3,7,70,76,81,67,11,6.0,92.0,48.0
0,5,69,68,80,62,10,6.0,92.0,48.0
2,9,72,72,81,62,11,6.0,92.0,48.0
1,5,34,34,36,44,10,8.0,89.0,51.0
2,5,35,34,36,42,9,8.0,89.0,51.0
1,5,34,34,35,43,9,8.0,89.0,51.0
0,7,33,34,36,45,9,8.0,89.0,51.0
3,5,33,35,36,43,9,8.0,89.0,51.0
1,3,34,30,35,41,9,8.0,89.0,51.0
0,8,31,33,32,43,6,8.0,89.0,51.0
0,6,28,35,31,44,1,8.0,89.0,51.0
2,4,33,35,34,44,8,8.0,89.0,51.0
1,6,35,35,35,44,9,8.0,89.0,51.0
0,6,34,34,35,43,9,8.0,89.0,51.0
1,6,33,35,36,43,10,8.0,89.0,51.0
2,5,33,33,36,43,9,8.0,89.0,51.0
4,1,35,29,36,40,11,8.0,89.0,51.0
4,4,34,34,36,43,10,8.0,89.0,51.0
2,6,33,34,34,44,9,8.0,89.0,51.0
2,5,32,34,34,43,9,8.0,89.0,51.0
0,5,33,32,33,41,8,8.0,89.0,51.0
3,6,36,35,36,44,10,8.0,89.0,51.0
3,1,36,29,38,40,12,8.0,89.0,51.0
1,1,32,35,34,44,6,8.0,89.0,51.0
1,5,32,34,35,44,8,8.0,89.0,51.0
2,6,34,34,35,44,10,8.0,89.0,51.0
4,6,32,34,35,44,9,8.0,89.0,51.0
3,6,34,30,36,43,11,8.0,89.0,51.0
1,7,34,34,36,45,9,8.0,89.0,51.0
1,1,33,30,35,41,9,8.0,89.0,51.0
0,5,33,33,32,43,7,8.0,89.0,51.0
3,7,36,32,36,46,9,8.0,89.0,51.0
2,6,34,33,36,45,8,8.0,89.0,51.0
2,6,32,36,35,45,10,8.0,89.0,51.0
1,6,33,34,36,44,8,8.0,89.0,51.0
4,6,33,32,33,39,9,8.0,89.0,51.0
0,5,31,33,32,43,4,8.0,89.0,51.0
0,7,29,36,30,46,5,8.0,89.0,51.0
3,2,34,34,36,43,8,8.0,89.0,51.0
0,5,32,36,34,46,9,8.0,89.0,51.0
2,1,33,34,33,42,10,8.0,89.0,51.0
4,6,32,34,36,45,10,8.0,89.0,51.0
5,0,36,31,37,40,11,8.0,89.0,51.0
0,8,28,33,31,45,4,8.0,89.0,51.0
4,6,34,34,35,43,10,8.0,89.0,51.0
2,5,32,34,36,44,10,8.0,89.0,51.0
2,5,34,31,35,41,8,8.0,89.0,51.0
0,8,31,38,36,46,6,8.0,89.0,51.0
0,6,30,37,30,44,5,8.0,89.0,51.0
2,6,34,35,36,42,10,8.0,89.0,51.0
1,6,33,33,35,44,9,8.0,89.0,51.0
0,8,29,35,30,48,3,8.0,89.0,51.0
3,7,35,35,35,44,12,8.0,89.0,51.0
3,6,32,36,36,44,9,8.0,89.0,51.0
5,5,35,32,36,41,11,8.0,89.0,51.0
0,7,30,34,32,44,6,8.0,89.0,51.0
4,5,35,32,36,43,10,8.0,89.0,51.0
1,7,34,34,37,44,10,8.0,89.0,51.0
2,5,33,31,32,43,8,8.0,89.0,51.0
2,5,33,29,34,41,10,8.0,89.0,51.0
3,6,33,34,34,42,9,8.0,89.0,51.0
2,5,33,33,36,41,9,8.0,89.0,51.0
0,6,30,33,31,42,4,8.0,89.0,51.0
1,5,31,33,35,45,7,8.0,89.0,51.0
2,5,32,35,35,43,8,8.0,89.0,51.0
3,1,35,29,37,38,10,8.0,89.0,51.0
4,8,34,35,37,45,10,8.0,89.0,51.0
3,6,34,34,34,44,9,8.0,89.0,51.0
2,2,34,32,35,44,9,8.0,89.0,51.0
2,8,34,35,36,43,11,8.0,89.0,51.0
3,5,33,33,35,44,9,8.0,89.0,51.0
0,2,33,34,35,45,5,8.0,89.0,51.0
0,4,30,29,32,40,7,8.0,89.0,51.0
2,5,34,35,36,43,8,8.0,89.0,51.0
0,5,29,32,31,41,4,8.0,89.0,51.0
1,5,33,34,33,44,7,8.0,89.0,51.0
3,2,34,28,36,40,9,8.0,89.0,51.0
4,6,36,34,37,45,10,8.0,89.0,51.0
1,7,33,35,34,44,9,8.0,89.0,51.0
2,6,34,34,36,45,10,8.0,89.0,51.0
0,6,34,33,36,44,10,8.0,89.0,51.0
0,5,33,35,36,44,10,8.0,89.0,51.0
4,8,34,35,36,45,9,8.0,89.0,51.0
4,7,32,33,35,44,8,8.0,89.0,51.0
0,8,31,34,32,43,6,8.0,89.0,51.0
3,2,32,32,34,42,8,8.0,89.0,51.0
2,7,34,35,36,42,10,8.0,89.0,51.0
1,4,33,33,32,42,10,8.0,89.0,51.0
0,5,31,35,29,44,5,8.0,89.0,51.0
3,6,33,32,35,42,9,8.0,89.0,51.0
4,0,35,30,37,39,11,8.0,89.0,51.0
3,2,34,32,36,41,10,8.0,89.0,51.0
2,6,33,35,35,43,8,8.0,89.0,51.0
5,4,37,32,37,41,12,8.0,89.0,51.0
0,7,33,36,32,46,8,8.0,89.0,51.0
3,5,34,32,35,41,11,8.0,89.0,51.0
4,5,33,31,33,41,9,8.0,89.0,51.0
2,5,33,32,35,43,7,8.0,89.0,51.0
0,6,33,34,34,44,8,8.0,89.0,51.0
0,4,31,34,32,44,8,8.0,89.0,51.0
2,2,34,29,35,41,10,8.0,89.0,51.0
0,5,29,32,30,42,3,8.0,89.0,51.0
3,5,32,34,34,44,7,8.0,89.0,51.0
3,2,21,17,21,27,7,10.0,86.0,54.0
1,8,19,24,20,31,10,10.0,86.0,54.0
3,1,21,22,22,30,10,10.0,86.0,54.0
0,7,17,22,15,32,4,10.0,86.0,54.0
0,6,18,22,18,30,8,10.0,86.0,54.0
2,5,21,19,20,30,8,10.0,86.0,54.0
3,7,19,21,20,31,8,10.0,86.0,54.0
2,7,20,22,20,30,8,10.0,86.0,54.0
2,5,20,21,19,31,8,10.0,86.0,54.0
1,6,21,20,20,29,8,10.0,86.0,54.0
3,2,20,15,20,27,8,10.0,86.0,54.0
0,5,15,22,14,29,1,10.0,86.0,54.0
4,5,20,23,20,31,9,10.0,86.0,54.0
4,2,21,15,22,29,10,10.0,86.0,54.0
2,7,19,20,19,31,5,10.0,86.0,54.0
1,5,19,20,19,30,8,10.0,86.0,54.0
2,6,21,21,19,30,8,10.0,86.0,54.0
2,5,18,21,17,29,7,10.0,86.0,54.0
3,6,21,20,19,31,8,10.0,86.0,54.0
3,4,19,21,21,29,8,10.0,86.0,54.0
0,1,20,18,22,30,7,10.0,86.0,54.0
2,6,21,21,21,31,9,10.0,86.0,54.0
2,7,22,24,19,31,10,10.0,86.0,54.0
3,5,21,21,19,29,7,10.0,86.0,54.0
1,3,18,21,17,28,4,10.0,86.0,54.0
3,3,20,19,20,26,8,10.0,86.0,54.0
0,9,17,21,19,31,4,10.0,86.0,54.0
0,2,20,21,19,30,7,10.0,86.0,54.0
2,3,18,20,21,28,7,10.0,86.0,54.0
0,8,15,20,16,30,6,10.0,86.0,54.0
2,4,19,19,19,30,9,10.0,86.0,54.0
0,7,20,22,20,30,9,10.0,86.0,54.0
2,6,18,21,19,30,6,10.0,86.0,54.0
2,6,22,22,21,29,7,10.0,86.0,54.0
2,7,20,21,18,31,6,10.0,86.0,54.0
2,6,21,23,18,31,8,10.0,86.0,54.0
1,5,20,21,19,29,7,10.0,86.0,54.0
2,7,20,24,19,31,8,10.0,86.0,54.0
0,7,18,22,18,32,4,10.0,86.0,54.0
1,6,17,23,19,32,8,10.0,86.0,54.0
0,9,16,23,15,31,2,10.0,86.0,54.0
0,8,17,22,17,31,5,10.0,86.0,54.0
0,1,20,17,19,27,7,10.0,86.0,54.0
2,7,20,22,19,30,8,10.0,86.0,54.0
1,2,20,19,20,27,7,10.0,86.0,54.0
0,5,16,19,15,29,4,10.0,86.0,54.0
1,5,21,20,19,30,9,10.0,86.0,54.0
0,8,19,21,19,30,8,10.0,86.0,54.0
1,4,20,21,20,30,8,10.0,86.0,54.0
1,8,20,23,19,29,7,10.0,86.0,54.0
1,6,20,22,20,30,9,10.0,86.0,54.0
3,1,22,16,20,26,10,10.0,86.0,54.0
2,7,21,23,20,31,9,10.0,86.0,54.0
0,6,20,21,18,32,6,10.0,86.0,54.0
0,7,15,21,15,31,2,10.0,86.0,54.0
0,5,20,24,18,32,8,10.0,86.0,54.0
0,4,20,21,17,31,7,10.0,86.0,54.0
0,8,16,21,16,32,6,10.0,86.0,54.0
1,8,20,19,19,30,8,10.0,86.0,54.0
1,4,18,20,17,30,7,10.0,86.0,54.0
2,6,20,21,21,29,9,10.0,86.0,54.0
1,5,19,20,19,30,8,10.0,86.0,54.0
3,5,20,21,18,29,6,10.0,86.0,54.0
4,6,21,21,20,32,9,10.0,86.0,54.0
1,5,20,21,18,31,9,10.0,86.0,54.0
0,2,19,18,19,28,4,10.0,86.0,54.0
1,6,17,18,16,27,6,10.0,86.0,54.0
2,8,21,21,20,31,7,10.0,86.0,54.0
3,6,20,21,20,31,9,10.0,86.0,54.0
0,7,14,24,15,28,1,10.0,86.0,54.0
0,8,17,22,15,30,4,10.0,86.0,54.0
1,7,20,24,18,31,8,10.0,86.0,54.0
2,6,21,21,20,30,9,10.0,86.0,54.0
1,4,21,19,20,29,10,10.0,86.0,54.0
2,6,19,24,19,31,8,10.0,86.0,54.0
4,0,21,18,21,27,10,10.0,86.0,54.0
4,5,23,21,20,31,9,10.0,86.0,54.0
1,7,19,22,19,31,7,10.0,86.0,54.0
1,5,21,19,20,28,9,10.0,86.0,54.0
2,7,19,23,20,32,6,10.0,86.0,54.0
1,6,20,20,18,31,9,10.0,86.0,54.0
5,2,23,19,24,27,13,10.0,86.0,54.0
2,4,21,22,20,31,7,10.0,86.0,54.0
3,6,20,21,20,31,8,10.0,86.0,54.0
0,7,13,22,14,31,2,10.0,86.0,54.0
0,6,17,24,19,31,6,10.0,86.0,54.0
0,3,21,20,20,27,8,10.0,86.0,54.0
1,6,18,21,20,29,8,10.0,86.0,54.0
1,1,19,21,18,32,7,10.0,86.0,54.0
4,6,20,19,19,26,9,10.0,86.0,54.0
2,3,21,19,20,30,9,10.0,86.0,54.0
2,5,20,21,20,30,9,10.0,86.0,54.0
1,5,20,22,19,30,9,10.0,86.0,54.0
4,0,22,18,21,27,10,10.0,86.0,54.0
0,6,15,21,15,29,3,10.0,86.0,54.0
0,4,17,20,15,29,5,10.0,86.0,54.0
4,3,20,20,21,27,9,10.0,86.0,54.0
3,6,20,22,20,30,8,10.0,86.0,54.0
1,3,21,16,20,29,10,10.0,86.0,54.0
1,5,16,17,15,27,6,10.0,86.0,54.0
3,12,505,1162,549,12,11,2.0,118.0,62.0
6,11,503,1162,549,12,9,2.0,118.0,62.0
4,13,497,1162,547,11,10,2.0,118.0,62.0
3,11,499,1162,548,9,10,2.0,118.0,62.0
3,15,498,1162,544,11,9,2.0,118.0,62.0
4,12,504,1161,548,10,9,2.0,118.0,62.0
0,14,493,1162,545,9,7,2.0,118.0,62.0
4,11,499,1163,548,12,8,2.0,118.0,62.0
4,11,501,1160,549,9,11,2.0,118.0,62.0
5,11,497,1163,547,10,12,2.0,118.0,62.0
6,6,506,1158,550,4,11,2.0,118.0,62.0
4,12,503,1160,549,12,11,2.0,118.0,62.0
0,11,495,1164,545,12,5,2.0,118.0,62.0
4,12,497,1158,543,7,6,2.0,118.0,62.0
3,12,503,1159,549,9,10,2.0,118.0,62.0
1,12,495,1164,545,12,7,2.0,118.0,62.0
4,12,506,1160,550,12,11,2.0,118.0,62.0
3,10,500,1159,548,7,9,2.0,118.0,62.0
1,12,498,1159,545,8,9,2.0,118.0,62.0
5,13,503,1160,549,12,9,2.0,118.0,62.0
5,14,495,1164,545,11,10,2.0,118.0,62.0
4,7,506,1160,550,8,8,2.0,118.0,62.0
1,9,495,1163,547,13,5,2.0,118.0,62.0
5,12,500,1162,549,12,11,2.0,118.0,62.0
5,13,503,1159,549,10,11,2.0,118.0,62.0
5,14,499,1163,549,11,10,2.0,118.0,62.0
5,14,505,1162,548,11,10,2.0,118.0,62.0
4,10,501,1159,549,8,11,2.0,118.0,62.0
0,14,493,1161,543,9,6,2.0,118.0,62.0
4,7,505,1157,550,6,14,2.0,118.0,62.0
5,12,504,1161,550,11,11,2.0,118.0,62.0
4,9,501,1160,549,8,13,2.0,118.0,62.0
4,12,497,1161,549,11,10,2.0,118.0,62.0
4,9,504,1161,547,13,8,2.0,118.0,62.0
1,11,496,1164,542,10,6,2.0,118.0,62.0
2,12,499,1157,544,5,6,2.0,118.0,62.0
5,13,501,1161,549,11,9,2.0,118.0,62.0
5,14,498,1162,547,12,10,2.0,118.0,62.0
3,10,504,1160,548,11,10,2.0,118.0,62.0
4,11,502,1160,548,11,10,2.0,118.0,62.0
3,13,499,1162,547,12,9,2.0,118.0,62.0
5,13,504,1159,547,12,11,2.0,118.0,62.0
1,15,498,1160,544,10,8,2.0,118.0,62.0
6,7,505,1157,550,7,11,2.0,118.0,62.0
1,12,499,1163,546,13,9,2.0,118.0,62.0
2,10,499,1159,547,8,9,2.0,118.0,62.0
2,14,498,1162,543,12,8,2.0,118.0,62.0
0,12,494,1161,545,9,6,2.0,118.0,62.0
5,7,504,1159,549,10,11,2.0,118.0,62.0
1,9,498,1162,548,12,9,2.0,118.0,62.0
3,12,499,1161,546,8,9,2.0,118.0,62.0
6,12,504,1161,549,12,9,2.0,118.0,62.0
7,10,502,1160,551,9,12,2.0,118.0,62.0
5,12,497,1160,549,10,10,2.0,118.0,62.0
1,14,499,1160,545,10,9,2.0,118.0,62.0
4,11,500,1159,548,7,9,2.0,118.0,62.0
4,13,504,1161,548,11,10,2.0,118.0,62.0
5,13,499,1163,548,10,12,2.0,118.0,62.0
0,12,494,1160,544,12,5,2.0,118.0,62.0
2,11,500,1157,544,6,10,2.0,118.0,62.0
4,13,504,1161,550,11,11,2.0,118.0,62.0
5,14,499,1162,549,12,10,2.0,118.0,62.0
6,8,506,1160,549,8,12,2.0,118.0,62.0
5,13,502,1162,549,11,10,2.0,118.0,62.0
3,9,504,1158,548,6,10,2.0,118.0,62.0
3,14,503,1160,547,7,11,2.0,118.0,62.0
3,13,494,1163,544,12,4,2.0,118.0,62.0
3,13,500,1162,548,12,11,2.0,118.0,62.0
4,10,499,1155,546,4,9,2.0,118.0,62.0
6,5,504,1155,549,3,12,2.0,118.0,62.0
5,14,503,1159,548,9,9,2.0,118.0,62.0
4,10,498,1157,548,7,9,2.0,118.0,62.0
3,14,499,1164,549,13,10,2.0,118.0,62.0
3,8,496,1157,544,6,8,2.0,118.0,62.0
4,11,505,1159,549,10,10,2.0,118.0,62.0
0,12,497,1162,546,10,10,2.0,118.0,62.0
2,11,499,1157,546,5,8,2.0,118.0,62.0
1,11,503,1160,547,11,12,2.0,118.0,62.0
4,14,496,1163,546,10,12,2.0,118.0,62.0
0,9,496,1160,545,11,6,2.0,118.0,62.0
1,13,498,1159,546,11,9,2.0,118.0,62.0
4,14,503,1160,549,10,11,2.0,118.0,62.0
0,11,495,1161,547,8,9,2.0,118.0,62.0
6,13,500,1160,549,11,11,2.0,118.0,62.0
6,11,499,1160,548,9,10,2.0,118.0,62.0
4,12,499,1159,545,11,8,2.0,118.0,62.0
4,9,505,1161,548,12,9,2.0,118.0,62.0
4,11,503,1161,547,12,10,2.0,118.0,62.0
1,12,492,1163,543,11,7,2.0,118.0,62.0
1,12,498,1160,547,12,8,2.0,118.0,62.0
4,8,505,1157,549,7,11,2.0,118.0,62.0
3,9,499,1158,549,9,9,2.0,118.0,62.0
2,14,493,1163,544,11,5,2.0,118.0,62.0
1,14,500,1163,546,10,7,2.0,118.0,62.0
6,13,504,1160,549,11,11,2.0,118.0,62.0
3,9,499,1162,548,11,7,2.0,118.0,62.0
3,13,500,1162,549,10,9,2.0,118.0,62.0
6,13,501,1163,548,12,9,2.0,118.0,62.0
4,11,503,1161,548,11,10,2.0,118.0,62.0
5,11,498,1161,548,10,10,2.0,118.0,62.0
0,9,123,296,154,25,5,4.0,115.0,65.0
6,3,128,292,156,20,13,4.0,115.0,65.0
2,9,122,295,151,24,5,4.0,115.0,65.0
5,4,127,291,156,18,11,4.0,115.0,65.0
3,10,125,296,154,25,8,4.0,115.0,65.0
3,4,128,291,156,22,9,4.0,115.0,65.0
4,8,126,296,155,24,10,4.0,115.0,65.0
0,10,122,295,148,24,3,4.0,115.0,65.0
1,8,127,295,156,24,10,4.0,115.0,65.0
0,8,123,293,151,22,7,4.0,115.0,65.0
0,8,120,298,148,26,5,4.0,115.0,65.0
0,9,123,295,151,22,7,4.0,115.0,65.0
0,11,121,296,150,26,4,4.0,115.0,65.0
0,8,123,292,153,20,7,4.0,115.0,65.0
5,4,128,293,156,20,10,4.0,115.0,65.0
0,6,123,292,152,20,6,4.0,115.0,65.0
4,4,128,291,156,20,11,4.0,115.0,65.0
2,7,126,296,154,26,10,4.0,115.0,65.0
3,7,125,295,155,24,9,4.0,115.0,65.0
5,7,128,293,158,24,12,4.0,115.0,65.0
4,1,127,291,155,19,10,4.0,115.0,65.0
0,7,123,295,152,24,8,4.0,115.0,65.0
0,7,122,293,153,25,6,4.0,115.0,65.0
3,7,127,292,155,21,11,4.0,115.0,65.0
1,12,124,298,150,28,6,4.0,115.0,65.0
0,9,122,297,150,27,5,4.0,115.0,65.0
3,4,126,292,156,19,10,4.0,115.0,65.0
0,7,125,296,154,25,10,4.0,115.0,65.0
6,2,130,290,157,20,10,4.0,115.0,65.0
0,11,120,299,150,28,6,4.0,115.0,65.0
3,5,125,291,152,20,10,4.0,115.0,65.0
0,3,122,291,154,23,6,4.0,115.0,65.0
0,6,123,292,153,23,6,4.0,115.0,65.0
0,7,121,296,153,26,5,4.0,115.0,65.0
3,7,125,295,156,24,10,4.0,115.0,65.0
3,10,126,295,155,26,8,4.0,115.0,65.0
3,8,125,296,155,24,10,4.0,115.0,65.0
3,8,127,295,155,25,9,4.0,115.0,65.0
2,9,124,296,154,25,10,4.0,115.0,65.0
1,9,127,296,155,24,8,4.0,115.0,65.0
2,3,126,291,154,22,10,4.0,115.0,65.0
1,9,123,295,154,24,5,4.0,115.0,65.0
3,9,128,295,155,25,8,4.0,115.0,65.0
0,7,121,295,150,24,4,4.0,115.0,65.0
0,8,122,292,150,25,4,4.0,115.0,65.0
3,5,128,290,155,22,10,4.0,115.0,65.0
3,8,124,297,153,25,10,4.0,115.0,65.0
3,8,126,294,154,24,8,4.0,115.0,65.0
0,9,124,295,153,22,7,4.0,115.0,65.0
2,6,127,295,154,24,9,4.0,115.0,65.0
2,3,126,289,155,19,11,4.0,115.0,65.0
0,9,121,295,150,24,6,4.0,115.0,65.0
6,3,127,290,156,19,11,4.0,115.0,65.0
4,5,128,291,156,23,11,4.0,115.0,65.0
0,9,122,294,152,24,8,4.0,115.0,65.0
1,5,125,293,156,21,9,4.0,115.0,65.0
2,10,124,298,151,26,8,4.0,115.0,65.0
3,5,126,291,155,22,7,4.0,115.0,65.0
3,8,125,296,153,23,8,4.0,115.0,65.0
3,2,126,294,156,24,9,4.0,115.0,65.0
4,10,127,296,155,26,10,4.0,115.0,65.0
3,6,125,291,156,23,7,4.0,115.0,65.0
2,6,126,296,154,24,11,4.0,115.0,65.0
2,8,127,294,154,25,9,4.0,115.0,65.0
3,9,128,295,155,26,9,4.0,115.0,65.0
5,6,124,295,153,24,8,4.0,115.0,65.0
4,2,127,289,156,16,12,4.0,115.0,65.0
0,9,119,295,150,24,4,4.0,115.0,65.0
1,6,125,296,154,26,8,4.0,115.0,65.0
0,7,124,297,152,25,5,4.0,115.0,65.0
3,8,127,292,156,24,8,4.0,115.0,65.0
0,8,121,296,150,25,4,4.0,115.0,65.0
4,5,126,292,154,18,10,4.0,115.0,65.0
2,7,127,295,154,23,10,4.0,115.0,65.0
3,7,125,295,156,23,8,4.0,115.0,65.0
3,7,128,293,154,25,8,4.0,115.0,65.0
3,8,125,296,154,24,9,4.0,115.0,65.0
3,10,127,294,155,26,9,4.0,115.0,65.0
2,7,126,296,156,26,11,4.0,115.0,65.0
3,8,127,295,155,24,10,4.0,115.0,65.0
0,5,122,293,150,23,5,4.0,115.0,65.0
1,8,124,292,154,23,9,4.0,115.0,65.0
0,6,124,295,153,24,7,4.0,115.0,65.0
5,2,128,289,157,18,13,4.0,115.0,65.0
0,10,120,298,151,24,3,4.0,115.0,65.0
4,9,125,297,155,25,11,4.0,115.0,65.0
3,7,128,294,155,25,9,4.0,115.0,65.0
3,9,124,296,155,24,9,4.0,115.0,65.0
0,5,123,292,152,20,7,4.0,115.0,65.0
2,8,127,292,153,25,11,4.0,115.0,65.0
3,9,126,297,152,24,10,4.0,115.0,65.0
4,7,125,295,155,27,8,4.0,115.0,65.0
0,8,121,296,149,25,5,4.0,115.0,65.0
4,7,127,291,155,21,9,4.0,115.0,65.0
2,8,125,295,155,24,9,4.0,115.0,65.0
3,3,127,293,156,20,9,4.0,115.0,65.0
0,6,125,298,155,24,7,4.0,115.0,65.0
4,9,126,295,154,24,10,4.0,115.0,65.0
3,9,127,292,156,24,11,4.0,115.0,65.0
3,10,125,295,154,24,9,4.0,115.0,65.0
3,7,121,127,71,43,8,6.0,112.0,68.0
2,7,122,126,70,43,8,6.0,112.0,68.0
4,7,122,127,71,43,10,6.0,112.0,68.0
2,8,123,126,70,43,8,6.0,112.0,68.0
0,3,117,119,67,40,5,6.0,112.0,68.0
0,6,120,125,68,44,8,6.0,112.0,68.0
2,8,120,126,71,42,8,6.0,112.0,68.0
4,0,124,123,73,38,13,6.0,112.0,68.0
2,6,122,126,70,42,9,6.0,112.0,68.0
4,6,125,122,71,40,11,6.0,112.0,68.0
3,6,122,126,70,44,10,6.0,112.0,68.0
0,8,118,127,68,43,4,6.0,112.0,68.0
3,7,119,128,71,45,10,6.0,112.0,68.0
0,9,121,128,69,46,7,6.0,112.0,68.0
3,6,123,128,70,44,9,6.0,112.0,68.0
0,8,118,127,68,44,6,6.0,112.0,68.0
3,8,121,128,72,45,10,6.0,112.0,68.0
3,5,124,125,72,43,7,6.0,112.0,68.0
3,8,122,125,71,43,10,6.0,112.0,68.0
6,3,124,123,73,42,11,6.0,112.0,68.0
0,8,117,126,66,45,3,6.0,112.0,68.0
3,8,122,126,70,45,9,6.0,112.0,68.0
3,6,122,124,69,43,10,6.0,112.0,68.0
1,5,122,126,70,42,8,6.0,112.0,68.0
2,5,122,126,72,43,9,6.0,112.0,68.0
2,6,123,125,72,44,9,6.0,112.0,68.0
1,6,118,125,66,44,5,6.0,112.0,68.0
4,6,122,126,71,45,7,6.0,112.0,68.0
3,7,122,125,70,43,12,6.0,112.0,68.0
2,2,122,122,70,37,10,6.0,112.0,68.0
0,10,116,124,67,43,5,6.0,112.0,68.0
0,5,118,123,65,38,5,6.0,112.0,68.0
0,9,117,128,67,44,4,6.0,112.0,68.0
5,4,125,119,73,39,11,6.0,112.0,68.0
2,5,123,126,72,43,9,6.0,112.0,68.0
4,8,121,127,72,44,9,6.0,112.0,68.0
3,6,122,128,71,44,8,6.0,112.0,68.0
3,4,121,126,70,43,8,6.0,112.0,68.0
3,6,122,125,70,42,9,6.0,112.0,68.0
1,9,120,129,69,47,7,6.0,112.0,68.0
3,6,122,126,72,42,11,6.0,112.0,68.0
6,5,128,124,75,41,14,6.0,112.0,68.0
0,6,122,126,70,44,8,6.0,112.0,68.0
3,2,124,121,71,38,10,6.0,112.0,68.0
3,6,120,126,71,46,8,6.0,112.0,68.0
3,5,122,125,69,43,8,6.0,112.0,68.0
1,5,122,127,71,45,10,6.0,112.0,68.0
2,7,122,127,71,44,8,6.0,112.0,68.0
1,6,121,128,69,45,8,6.0,112.0,68.0
3,5,123,126,70,43,10,6.0,112.0,68.0
1,5,122,125,70,45,8,6.0,112.0,68.0
5,2,124,122,72,39,11,6.0,112.0,68.0
1,7,123,127,72,43,9,6.0,112.0,68.0
2,3,122,123,70,42,9,6.0,112.0,68.0
0,8,120,128,71,43,8,6.0,112.0,68.0
3,8,122,125,71,44,10,6.0,112.0,68.0
0,5,121,129,70,46,8,6.0,112.0,68.0
3,8,123,128,71,43,10,6.0,112.0,68.0
0,6,119,126,68,44,7,6.0,112.0,68.0
4,6,123,125,72,45,12,6.0,112.0,68.0
2,8,121,128,70,44,8,6.0,112.0,68.0
2,6,122,126,73,44,9,6.0,112.0,68.0
2,4,121,119,67,39,6,6.0,112.0,68.0
3,5,122,126,71,42,10,6.0,112.0,68.0
4,6,124,123,70,41,9,6.0,112.0,68.0
2,1,124,126,73,42,10,6.0,112.0,68.0
3,4,122,123,72,42,8,6.0,112.0,68.0
1,8,121,126,69,45,7,6.0,112.0,68.0
4,5,122,127,71,43,10,6.0,112.0,68.0
2,6,123,125,70,44,9,6.0,112.0,68.0
6,1,126,122,72,38,11,6.0,112.0,68.0
1,8,121,126,71,44,6,6.0,112.0,68.0
3,6,121,125,71,44,8,6.0,112.0,68.0
0,6,119,122,67,42,6,6.0,112.0,68.0
4,9,121,129,71,46,9,6.0,112.0,68.0
4,5,124,123,70,40,10,6.0,112.0,68.0
5,0,123,121,72,39,11,6.0,112.0,68.0
2,6,121,127,70,43,9,6.0,112.0,68.0
3,5,123,126,72,43,8,6.0,112.0,68.0
2,7,123,128,71,44,11,6.0,112.0,68.0
3,6,123,125,69,44,9,6.0,112.0,68.0
2,7,122,126,69,44,9,6.0,112.0,68.0
1,6,120,129,71,44,9,6.0,112.0,68.0
4,2,125,124,72,41,11,6.0,112.0,68.0
3,8,122,127,70,45,10,6.0,112.0,68.0
4,6,122,123,69,42,9,6.0,112.0,68.0
0,7,118,126,66,44,5,6.0,112.0,68.0
2,1,120,126,69,45,10,6.0,112.0,68.0
0,7,122,126,70,46,8,6.0,112.0,68.0
3,8,122,128,72,44,10,6.0,112.0,68.0
2,6,122,126,69,45,10,6.0,112.0,68.0
1,6,118,121,69,41,6,6.0,112.0,68.0
0,8,116,127,66,46,3,6.0,112.0,68.0
6,1,123,121,71,39,9,6.0,112.0,68.0
4,8,122,127,72,44,10,6.0,112.0,68.0
4,3,125,121,70,40,9,6.0,112.0,68.0
4,3,124,121,71,38,8,6.0,112.0,68.0
2,6,121,127,70,44,6,6.0,112.0,68.0
4,6,123,121,72,40,10,6.0,112.0,68.0
3,6,120,121,67,38,9,6.0,112.0,68.0
4,6,90,62,36,34,9,8.0,109.0,71.0
2,7,91,62,37,34,9,8.0,109.0,71.0
2,6,90,62,39,36,9,8.0,109.0,71.0
1,1,88,59,36,32,6,8.0,109.0,71.0
0,4,89,60,38,35,5,8.0,109.0,71.0
2,7,90,61,38,37,8,8.0,109.0,71.0
2,4,91,63,38,36,8,8.0,109.0,71.0
3,5,90,63,37,37,10,8.0,109.0,71.0
4,2,92,55,41,32,12,8.0,109.0,71.0
0,6,85,63,32,36,4,8.0,109.0,71.0
2,6,91,61,38,37,9,8.0,109.0,71.0
4,4,89,63,38,37,7,8.0,109.0,71.0
2,1,93,57,38,34,9,8.0,109.0,71.0
2,7,90,64,37,37,8,8.0,109.0,71.0
0,7,88,61,34,38,3,8.0,109.0,71.0
1,7,89,63,39,37,8,8.0,109.0,71.0
4,4,92,59,39,32,11,8.0,109.0,71.0
3,2,91,60,39,34,11,8.0,109.0,71.0
4,1,89,60,40,33,10,8.0,109.0,71.0
4,6,89,63,38,37,10,8.0,109.0,71.0
3,6,91,62,39,35,9,8.0,109.0,71.0
0,7,86,61,35,38,5,8.0,109.0,71.0
4,3,91,61,38,37,9,8.0,109.0,71.0
1,6,89,63,38,35,8,8.0,109.0,71.0
4,7,91,61,38,36,10,8.0,109.0,71.0
0,4,88,62,38,35,8,8.0,109.0,71.0
3,6,90,62,38,36,8,8.0,109.0,71.0
5,4,91,61,38,35,9,8.0,109.0,71.0
2,6,92,64,38,37,9,8.0,109.0,71.0
2,4,92,64,38,36,10,8.0,109.0,71.0
2,7,91,65,38,38,10,8.0,109.0,71.0
4,7,92,63,38,38,9,8.0,109.0,71.0
0,9,84,62,33,39,3,8.0,109.0,71.0
1,6,91,61,39,37,8,8.0,109.0,71.0
1,6,90,63,37,38,9,8.0,109.0,71.0
0,10,86,65,35,39,6,8.0,109.0,71.0
1,6,92,63,38,35,9,8.0,109.0,71.0
3,6,93,62,38,35,8,8.0,109.0,71.0
4,3,92,63,40,33,11,8.0,109.0,71.0
3,7,90,62,38,36,9,8.0,109.0,71.0
0,9,84,66,33,39,3,8.0,109.0,71.0
5,7,92,63,38,35,10,8.0,109.0,71.0
0,10,87,63,35,37,6,8.0,109.0,71.0
2,6,91,63,39,37,9,8.0,109.0,71.0
4,7,91,63,39,37,8,8.0,109.0,71.0
0,7,86,61,34,36,5,8.0,109.0,71.0
0,8,85,63,34,37,2,8.0,109.0,71.0
1,6,90,60,38,35,7,8.0,109.0,71.0
3,3,89,56,37,30,9,8.0,109.0,71.0
2,6,90,63,39,36,8,8.0,109.0,71.0
2,3,89,64,38,37,9,8.0,109.0,71.0
2,4,91,63,37,38,8,8.0,109.0,71.0
3,7,89,61,37,36,9,8.0,109.0,71.0
3,2,92,62,38,33,9,8.0,109.0,71.0
2,8,92,61,39,37,9,8.0,109.0,71.0
0,9,88,64,35,37,4,8.0,109.0,71.0
3,7,90,61,38,36,10,8.0,109.0,71.0
4,5,92,59,39,35,12,8.0,109.0,71.0
2,6,90,62,38,38,8,8.0,109.0,71.0
2,5,91,63,38,35,9,8.0,109.0,71.0
2,7,92,64,38,38,8,8.0,109.0,71.0
3,0,92,55,40,30,11,8.0,109.0,71.0
3,6,89,64,38,36,9,8.0,109.0,71.0
0,6,83,65,35,39,3,8.0,109.0,71.0
3,6,90,62,38,35,8,8.0,109.0,71.0
0,5,85,62,36,34,4,8.0,109.0,71.0
3,3,90,60,38,34,10,8.0,109.0,71.0
1,6,90,60,38,38,8,8.0,109.0,71.0
3,3,91,57,39,33,10,8.0,109.0,71.0
0,7,89,62,36,38,7,8.0,109.0,71.0
2,6,90,62,38,36,8,8.0,109.0,71.0
3,2,93,59,39,32,9,8.0,109.0,71.0
4,6,90,58,38,30,9,8.0,109.0,71.0
0,7,87,62,33,36,5,8.0,109.0,71.0
3,7,92,63,40,37,10,8.0,109.0,71.0
3,6,92,61,38,38,9,8.0,109.0,71.0
2,3,89,59,37,33,9,8.0,109.0,71.0
4,0,90,58,39,32,9,8.0,109.0,71.0
2,8,89,64,38,39,11,8.0,109.0,71.0
2,6,91,61,38,36,10,8.0,109.0,71.0
2,6,90,63,38,37,10,8.0,109.0,71.0
0,7,86,63,34,38,5,8.0,109.0,71.0
4,7,90,63,37,38,9,8.0,109.0,71.0
3,7,90,63,38,35,9,8.0,109.0,71.0
4,3,92,60,37,34,10,8.0,109.0,71.0
0,8,86,59,34,34,4,8.0,109.0,71.0
0,8,84,63,33,36,3,8.0,109.0,71.0
3,6,91,63,39,36,9,8.0,109.0,71.0
3,6,92,61,39,36,9,8.0,109.0,71.0
1,2,89,59,36,33,6,8.0,109.0,71.0
0,6,87,59,35,35,6,8.0,109.0,71.0
4,4,91,62,37,36,8,8.0,109.0,71.0
3,6,90,61,38,37,9,8.0,109.0,71.0
1,7,90,65,37,39,7,8.0,109.0,71.0
0,4,89,61,38,36,6,8.0,109.0,71.0
2,7,91,63,38,37,8,8.0,109.0,71.0
3,6,91,60,37,34,10,8.0,109.0,71.0
3,2,93,59,40,32,13,8.0,109.0,71.0
1,6,88,63,32,35,5,8.0,109.0,71.0
3,7,90,64,37,37,9,8.0,109.0,71.0
1,6,57,34,24,23,8,10.0,106.0,74.0
2,5,58,35,24,23,8,10.0,106.0,74.0
3,1,58,33,24,20,9,10.0,106.0,74.0
0,7,53,35,20,22,4,10.0,106.0,74.0
0,7,56,33,20,21,7,10.0,106.0,74.0
4,3,60,29,26,19,8,10.0,106.0,74.0
2,5,58,34,23,22,8,10.0,106.0,74.0
0,4,57,33,21,21,7,10.0,106.0,74.0
2,6,57,34,23,22,6,10.0,106.0,74.0
0,8,56,33,18,24,5,10.0,106.0,74.0
3,0,58,28,23,17,9,10.0,106.0,74.0
3,6,59,34,24,23,7,10.0,106.0,74.0
4,7,58,35,24,23,9,10.0,106.0,74.0
4,1,58,31,25,19,8,10.0,106.0,74.0
3,4,60,35,25,20,7,10.0,106.0,74.0
2,6,60,33,24,22,8,10.0,106.0,74.0
2,2,59,30,22,19,9,10.0,106.0,74.0
6,2,60,30,25,20,12,10.0,106.0,74.0
0,5,57,35,19,24,6,10.0,106.0,74.0
2,5,59,34,24,23,9,10.0,106.0,74.0
0,5,55,33,19,20,6,10.0,106.0,74.0
0,1,58,32,25,23,7,10.0,106.0,74.0
3,5,59,35,24,21,9,10.0,106.0,74.0
1,6,59,35,24,23,6,10.0,106.0,74.0
3,6,60,35,25,23,9,10.0,106.0,74.0
0,6,57,35,23,22,7,10.0,106.0,74.0
2,6,58,33,24,21,9,10.0,106.0,74.0
1,7,58,35,23,24,7,10.0,106.0,74.0
1,7,59,35,25,23,9,10.0,106.0,74.0
2,7,60,35,25,24,9,10.0,106.0,74.0
2,5,57,29,24,19,7,10.0,106.0,74.0
3,5,58,33,25,22,7,10.0,106.0,74.0
4,5,59,32,25,21,9,10.0,106.0,74.0
1,5,57,33,25,21,9,10.0,106.0,74.0
1,6,59,35,23,24,6,10.0,106.0,74.0
0,7,54,35,17,22,5,10.0,106.0,74.0
0,2,56,32,20,20,8,10.0,106.0,74.0
3,5,57,35,23,23,6,10.0,106.0,74.0
2,5,59,35,25,24,10,10.0,106.0,74.0
4,0,60,29,26,17,10,10.0,106.0,74.0
3,4,60,30,26,18,12,10.0,106.0,74.0
2,7,58,35,23,22,8,10.0,106.0,74.0
4,6,59,34,23,23,9,10.0,106.0,74.0
3,6,60,35,25,23,8,10.0,106.0,74.0
5,1,60,29,26,17,9,10.0,106.0,74.0
4,2,59,32,24,20,8,10.0,106.0,74.0
0,6,57,35,24,23,7,10.0,106.0,74.0
4,1,58,32,24,19,9,10.0,106.0,74.0
3,5,59,35,24,23,9,10.0,106.0,74.0
1,5,58,32,24,20,9,10.0,106.0,74.0
1,6,59,34,22,23,9,10.0,106.0,74.0
1,5,58,33,23,24,8,10.0,106.0,74.0
4,4,59,33,25,21,9,10.0,106.0,74.0
4,1,60,31,27,18,10,10.0,106.0,74.0
0,8,54,35,19,23,3,10.0,106.0,74.0
0,7,55,33,20,21,7,10.0,106.0,74.0
6,3,60,31,25,18,12,10.0,106.0,74.0
1,7,57,35,23,22,7,10.0,106.0,74.0
3,6,59,35,24,22,10,10.0,106.0,74.0
3,5,56,33,24,23,8,10.0,106.0,74.0
0,6,53,34,18,22,4,10.0,106.0,74.0
0,6,57,34,22,24,5,10.0,106.0,74.0
2,6,58,34,24,23,9,10.0,106.0,74.0
2,5,58,33,19,21,7,10.0,106.0,74.0
5,1,59,30,26,17,10,10.0,106.0,74.0
2,7,58,33,22,22,7,10.0,106.0,74.0
0,8,53,35,18,23,1,10.0,106.0,74.0
0,8,56,35,23,23,5,10.0,106.0,74.0
3,6,58,32,24,22,8,10.0,106.0,74.0
2,3,57,31,25,18,9,10.0,106.0,74.0
0,5,56,29,20,18,8,10.0,106.0,74.0
0,6,53,35,19,22,2,10.0,106.0,74.0
1,5,58,35,24,22,8,10.0,106.0,74.0
3,5,58,32,23,18,9,10.0,106.0,74.0
4,5,58,32,22,21,8,10.0,106.0,74.0
2,6,57,33,24,22,7,10.0,106.0,74.0
4,7,59,34,23,23,10,10.0,106.0,74.0
4,0,59,27,25,16,9,10.0,106.0,74.0
2,3,59,34,23,23,7,10.0,106.0,74.0
0,4,58,32,23,23,8,10.0,106.0,74.0
3,5,57,33,24,23,7,10.0,106.0,74.0
1,4,57,34,22,23,5,10.0,106.0,74.0
1,5,60,32,22,20,8,10.0,106.0,74.0
1,5,57,34,23,23,8,10.0,106.0,74.0
1,6,58,35,23,24,7,10.0,106.0,74.0
0,6,53,37,19,24,4,10.0,106.0,74.0
1,6,60,34,23,23,7,10.0,106.0,74.0
0,7,54,37,18,25,6,10.0,106.0,74.0
0,7,57,33,21,22,6,10.0,106.0,74.0
1,0,59,31,23,20,8,10.0,106.0,74.0
0,6,58,35,25,22,9,10.0,106.0,74.0
0,6,52,33,18,22,3,10.0,106.0,74.0
0,5,54,34,17,22,4,10.0,106.0,74.0
2,0,59,30,25,17,8,10.0,106.0,74.0
3,4,58,31,23,18,6,10.0,106.0,74.0
2,7,58,35,22,23,9,10.0,106.0,74.0
3,5,60,35,22,23,7,10.0,106.0,74.0
1,2,60,33,23,21,8,10.0,106.0,74.0
0,6,58,34,23,23,8,10.0,106.0,74.0
0,4,57,31,23,21,6,10.0,106.0,74.0
1,1327,1548,363,56,6,9,2.0,138.0,82.0
5,1329,1550,365,57,7,8,2.0,138.0,82.0
4,1322,1552,360,56,2,10,2.0,138.0,82.0
4,1324,1554,363,55,6,11,2.0,138.0,82.0
0,1325,1544,364,54,5,6,2.0,138.0,82.0
1,1335,1547,365,52,7,7,2.0,138.0,82.0
4,1331,1551,365,58,8,9,2.0,138.0,82.0
4,1321,1554,364,56,5,10,2.0,138.0,82.0
4,1325,1550,361,55,5,10,2.0,138.0,82.0
3,1331,1549,364,58,6,10,2.0,138.0,82.0
2,1327,1550,363,55,8,8,2.0,138.0,82.0
4,1322,1549,362,56,4,7,2.0,138.0,82.0
4,1325,1553,364,58,6,11,2.0,138.0,82.0
4,1327,1553,363,58,6,11,2.0,138.0,82.0
1,1327,1546,364,54,10,3,2.0,138.0,82.0
5,1331,1550,364,56,6,10,2.0,138.0,82.0
3,1331,1549,363,57,7,11,2.0,138.0,82.0
4,1324,1551,361,56,3,9,2.0,138.0,82.0
5,1327,1551,360,57,4,10,2.0,138.0,82.0
0,1333,1546,365,49,8,6,2.0,138.0,82.0
3,1332,1548,363,54,6,7,2.0,138.0,82.0
2,1330,1551,363,55,6,10,2.0,138.0,82.0
0,1325,1551,362,56,6,5,2.0,138.0,82.0
4,1323,1552,364,56,9,9,2.0,138.0,82.0
5,1324,1554,364,56,7,10,2.0,138.0,82.0
2,1324,1549,362,57,4,7,2.0,138.0,82.0
5,1333,1549,364,58,6,12,2.0,138.0,82.0
4,1331,1550,365,58,7,10,2.0,138.0,82.0
2,1324,1552,364,57,8,9,2.0,138.0,82.0
5,1322,1556,360,57,0,9,2.0,138.0,82.0
4,1325,1554,363,56,6,10,2.0,138.0,82.0
1,1334,1544,364,53,7,6,2.0,138.0,82.0
4,1333,1548,364,57,5,8,2.0,138.0,82.0
6,1324,1552,364,56,1,10,2.0,138.0,82.0
5,1325,1551,362,56,6,10,2.0,138.0,82.0
4,1327,1547,363,56,4,9,2.0,138.0,82.0
2,1331,1549,365,57,8,8,2.0,138.0,82.0
4,1323,1554,363,57,6,10,2.0,138.0,82.0
4,1325,1552,362,57,6,11,2.0,138.0,82.0
0,1334,1545,366,53,8,5,2.0,138.0,82.0
3,1333,1549,364,57,7,10,2.0,138.0,82.0
3,1323,1556,360,55,1,10,2.0,138.0,82.0
5,1323,1555,363,56,6,10,2.0,138.0,82.0
4,1324,1552,363,56,6,10,2.0,138.0,82.0
4,1324,1554,363,57,6,10,2.0,138.0,82.0
3,1326,1553,363,55,8,10,2.0,138.0,82.0
5,1326,1551,360,55,5,8,2.0,138.0,82.0
1,1333,1545,366,52,8,7,2.0,138.0,82.0
2,1332,1545,364,56,6,9,2.0,138.0,82.0
4,1332,1548,366,56,7,8,2.0,138.0,82.0
4,1333,1549,364,57,7,11,2.0,138.0,82.0
2,1324,1551,360,55,3,6,2.0,138.0,82.0
4,1322,1554,364,57,7,10,2.0,138.0,82.0
4,1328,1553,364,57,7,11,2.0,138.0,82.0
0,1333,1545,365,52,5,7,2.0,138.0,82.0
1,1330,1549,364,55,8,8,2.0,138.0,82.0
0,1331,1551,366,53,8,8,2.0,138.0,82.0
6,1322,1555,362,57,6,11,2.0,138.0,82.0
4,1324,1550,361,56,2,11,2.0,138.0,82.0
4,1331,1552,363,57,6,10,2.0,138.0,82.0
4,1321,1554,364,55,8,10,2.0,138.0,82.0
5,1327,1554,362,58,5,11,2.0,138.0,82.0
4,1332,1547,364,55,6,9,2.0,138.0,82.0
4,1331,1547,364,56,8,9,2.0,138.0,82.0
3,1329,1548,365,58,7,10,2.0,138.0,82.0
4,1319,1556,363,57,6,10,2.0,138.0,82.0
4,1325,1554,364,56,6,8,2.0,138.0,82.0
0,1332,1546,362,53,6,3,2.0,138.0,82.0
0,1336,1546,365,50,7,5,2.0,138.0,82.0
4,1329,1550,364,57,6,10,2.0,138.0,82.0
3,1320,1556,359,57,2,10,2.0,138.0,82.0
3,1325,1553,364,56,6,8,2.0,138.0,82.0
4,1325,1552,365,57,9,10,2.0,138.0,82.0
0,1333,1545,365,51,7,6,2.0,138.0,82.0
3,1331,1549,364,58,6,11,2.0,138.0,82.0
4,1325,1552,362,57,5,10,2.0,138.0,82.0
5,1330,1548,364,57,6,10,2.0,138.0,82.0
3,1330,1551,364,55,6,8,2.0,138.0,82.0
4,1326,1553,362,57,6,10,2.0,138.0,82.0
4,1331,1550,365,57,7,10,2.0,138.0,82.0
3,1321,1552,360,57,0,11,2.0,138.0,82.0
3,1327,1552,361,57,3,11,2.0,138.0,82.0
5,1326,1548,360,58,3,10,2.0,138.0,82.0
0,1333,1545,364,50,6,6,2.0,138.0,82.0
2,1330,1549,365,56,8,7,2.0,138.0,82.0
5,1325,1552,363,56,7,9,2.0,138.0,82.0
5,1332,1547,365,57,7,10,2.0,138.0,82.0
1,1330,1551,365,54,9,7,2.0,138.0,82.0
2,1324,1555,363,58,6,9,2.0,138.0,82.0
6,1324,1551,361,57,2,10,2.0,138.0,82.0
4,1335,1549,365,59,6,9,2.0,138.0,82.0
4,1332,1552,364,57,8,9,2.0,138.0,82.0
2,1326,1549,363,52,5,9,2.0,138.0,82.0
3,1322,1554,362,57,4,10,2.0,138.0,82.0
5,1324,1555,363,57,5,12,2.0,138.0,82.0
5,1321,1553,360,58,3,10,2.0,138.0,82.0
3,1327,1550,361,54,2,8,2.0,138.0,82.0
5,1323,1555,362,57,6,10,2.0,138.0,82.0
4,1331,1549,363,57,7,11,2.0,138.0,82.0
4,1321,1555,363,56,3,10,2.0,138.0,82.0
4,294,301,104,19,5,7,4.0,135.0,85.0
5,292,300,106,19,3,7,4.0,135.0,85.0
0,291,292,104,16,5,1,4.0,135.0,85.0
3,287,298,100,17,0,7,4.0,135.0,85.0
2,292,300,106,20,6,7,4.0,135.0,85.0
4,291,302,105,19,5,8,4.0,135.0,85.0
4,293,301,105,18,5,7,4.0,135.0,85.0
0,295,292,108,14,7,3,4.0,135.0,85.0
2,297,297,107,18,7,5,4.0,135.0,85.0
1,297,296,104,18,6,5,4.0,135.0,85.0
4,290,300,101,17,4,7,4.0,135.0,85.0
2,292,301,104,19,4,7,4.0,135.0,85.0
0,292,294,107,15,7,3,4.0,135.0,85.0
2,292,296,103,17,2,8,4.0,135.0,85.0
4,294,302,103,19,3,9,4.0,135.0,85.0
0,293,293,104,16,6,3,4.0,135.0,85.0
3,293,296,106,17,6,8,4.0,135.0,85.0
2,295,298,106,19,4,8,4.0,135.0,85.0
4,295,297,108,20,7,8,4.0,135.0,85.0
2,296,296,106,19,6,7,4.0,135.0,85.0
0,297,297,104,15,7,6,4.0,135.0,85.0
0,297,297,104,16,5,5,4.0,135.0,85.0
0,296,296,107,16,8,6,4.0,135.0,85.0
4,288,302,100,19,1,7,4.0,135.0,85.0
2,291,299,103,18,5,6,4.0,135.0,85.0
2,292,300,104,18,8,8,4.0,135.0,85.0
0,293,299,104,18,5,5,4.0,135.0,85.0
2,290,300,104,17,7,7,4.0,135.0,85.0
4,295,302,106,19,5,7,4.0,135.0,85.0
4,290,299,102,17,2,8,4.0,135.0,85.0
3,293,300,104,18,5,6,4.0,135.0,85.0
4,293,301,102,19,1,6,4.0,135.0,85.0
0,296,293,107,16,7,2,4.0,135.0,85.0
3,297,298,106,20,8,7,4.0,135.0,85.0
0,295,296,108,15,6,6,4.0,135.0,85.0
1,290,297,104,18,2,6,4.0,135.0,85.0
0,293,293,104,13,3,4,4.0,135.0,85.0
0,298,292,106,16,7,3,4.0,135.0,85.0
3,298,292,108,17,5,4,4.0,135.0,85.0
0,293,292,106,14,4,0,4.0,135.0,85.0
4,291,302,103,18,2,8,4.0,135.0,85.0
4,294,298,104,19,5,7,4.0,135.0,85.0
4,294,301,107,20,7,8,4.0,135.0,85.0
4,293,298,106,19,4,5,4.0,135.0,85.0
3,292,298,103,19,4,7,4.0,135.0,85.0
0,296,294,106,13,6,3,4.0,135.0,85.0
0,297,296,107,17,6,4,4.0,135.0,85.0
0,295,298,105,14,5,5,4.0,135.0,85.0
4,297,297,107,19,6,8,4.0,135.0,85.0
0,294,297,101,17,1,5,4.0,135.0,85.0
4,296,296,109,19,8,8,4.0,135.0,85.0
0,292,292,105,14,5,4,4.0,135.0,85.0
0,289,293,101,15,3,3,4.0,135.0,85.0
3,293,297,106,18,6,7,4.0,135.0,85.0
2,292,300,101,19,5,9,4.0,135.0,85.0
4,291,298,101,18,4,7,4.0,135.0,85.0
3,294,302,103,20,3,7,4.0,135.0,85.0
1,291,295,108,13,7,4,4.0,135.0,85.0
1,294,296,103,18,4,6,4.0,135.0,85.0
4,292,298,104,21,3,10,4.0,135.0,85.0
0,296,295,107,16,5,2,4.0,135.0,85.0
1,295,298,106,19,5,8,4.0,135.0,85.0
0,293,297,104,16,3,5,4.0,135.0,85.0
1,291,302,104,19,6,7,4.0,135.0,85.0
2,291,301,103,16,1,5,4.0,135.0,85.0
0,295,293,106,14,6,5,4.0,135.0,85.0
2,295,299,107,18,7,8,4.0,135.0,85.0
3,290,302,103,20,3,8,4.0,135.0,85.0
1,294,298,107,19,6,6,4.0,135.0,85.0
3,288,302,102,20,2,7,4.0,135.0,85.0
2,289,301,102,20,3,8,4.0,135.0,85.0
0,293,294,108,11,5,2,4.0,135.0,85.0
0,297,293,104,15,6,3,4.0,135.0,85.0
1,296,296,107,19,6,7,4.0,135.0,85.0
3,295,298,107,19,5,8,4.0,135.0,85.0
1,295,298,108,18,6,6,4.0,135.0,85.0
2,293,296,101,14,1,4,4.0,135.0,85.0
2,295,295,106,17,5,5,4.0,135.0,85.0
3,288,300,99,19,2,7,4.0,135.0,85.0
1,290,300,102,17,3,8,4.0,135.0,85.0
2,293,299,105,19,8,7,4.0,135.0,85.0
4,292,301,105,19,4,7,4.0,135.0,85.0
0,295,292,107,13,7,5,4.0,135.0,85.0
0,292,294,108,15,6,3,4.0,135.0,85.0
3,296,296,108,18,6,7,4.0,135.0,85.0
0,299,292,105,15,3,3,4.0,135.0,85.0
3,299,297,104,20,8,7,4.0,135.0,85.0
3,297,296,108,17,5,8,4.0,135.0,85.0
0,296,290,107,16,5,2,4.0,135.0,85.0
3,296,298,106,20,7,7,4.0,135.0,85.0
1,293,298,103,17,2,6,4.0,135.0,85.0
0,295,296,105,15,4,6,4.0,135.0,85.0
3,293,300,104,20,7,9,4.0,135.0,85.0
1,296,298,107,19,5,6,4.0,135.0,85.0
2,293,301,106,19,6,8,4.0,135.0,85.0
2,293,301,106,19,6,5,4.0,135.0,85.0
5,290,300,105,18,5,5,4.0,135.0,85.0
6,291,304,106,19,7,7,4.0,135.0,85.0
4,290,301,103,18,1,9,4.0,135.0,85.0
0,293,301,105,17,7,7,4.0,135.0,85.0
1,97,105,93,13,7,6,6.0,132.0,88.0
0,92,103,88,12,2,7,6.0,132.0,88.0
1,94,102,91,11,5,5,6.0,132.0,88.0
2,98,104,87,12,5,7,6.0,132.0,88.0
4,98,105,92,12,7,8,6.0,132.0,88.0
3,97,107,91,13,6,7,6.0,132.0,88.0
0,95,101,93,11,7,4,6.0,132.0,88.0
4,97,104,93,13,7,10,6.0,132.0,88.0
3,96,104,91,14,5,8,6.0,132.0,88.0
5,91,105,89,13,1,11,6.0,132.0,88.0
4,92,101,87,11,3,5,6.0,132.0,88.0
5,92,107,88,14,2,11,6.0,132.0,88.0
4,92,106,87,14,1,10,6.0,132.0,88.0
2,94,100,89,12,3,7,6.0,132.0,88.0
3,93,106,93,14,6,7,6.0,132.0,88.0
2,97,101,87,11,3,7,6.0,132.0,88.0
4,95,105,91,13,7,8,6.0,132.0,88.0
4,97,104,90,12,5,8,6.0,132.0,88.0
5,96,104,92,14,7,8,6.0,132.0,88.0
4,96,105,92,14,7,6,6.0,132.0,88.0
4,96,105,92,14,6,9,6.0,132.0,88.0
2,92,106,88,10,4,7,6.0,132.0,88.0
2,96,106,91,14,7,8,6.0,132.0,88.0
4,95,107,92,13,7,8,6.0,132.0,88.0
5,89,107,92,14,7,8,6.0,132.0,88.0
5,95,105,92,15,6,7,6.0,132.0,88.0
4,93,103,86,12,2,7,6.0,132.0,88.0
3,88,106,86,14,3,10,6.0,132.0,88.0
5,94,108,88,14,4,10,6.0,132.0,88.0
5,93,105,88,13,4,8,6.0,132.0,88.0
4,97,106,91,15,5,8,6.0,132.0,88.0
3,92,107,88,13,2,9,6.0,132.0,88.0
4,93,105,87,11,2,9,6.0,132.0,88.0
3,96,106,93,14,6,9,6.0,132.0,88.0
0,95,103,91,10,4,5,6.0,132.0,88.0
0,98,100,92,9,5,2,6.0,132.0,88.0
3,96,105,92,13,6,8,6.0,132.0,88.0
0,97,102,87,11,2,6,6.0,132.0,88.0
4,95,105,92,14,4,9,6.0,132.0,88.0
3,97,105,90,13,6,10,6.0,132.0,88.0
4,98,106,89,13,2,9,6.0,132.0,88.0
1,93,103,90,11,4,6,6.0,132.0,88.0
5,92,104,87,13,3,5,6.0,132.0,88.0
4,96,103,91,12,6,9,6.0,132.0,88.0
0,98,100,92,7,5,3,6.0,132.0,88.0
0,97,98,93,8,7,5,6.0,132.0,88.0
4,95,105,92,12,6,9,6.0,132.0,88.0
4,96,105,90,14,5,9,6.0,132.0,88.0
3,94,106,89,13,4,10,6.0,132.0,88.0
4,92,106,89,12,1,8,6.0,132.0,88.0
4,95,106,91,15,7,6,6.0,132.0,88.0
4,89,106,92,15,7,9,6.0,132.0,88.0
4,95,106,89,15,5,8,6.0,132.0,88.0
3,97,104,92,14,7,8,6.0,132.0,88.0
4,93,104,90,14,5,6,6.0,132.0,88.0
0,96,101,93,12,8,5,6.0,132.0,88.0
4,96,105,91,13,6,9,6.0,132.0,88.0
3,95,104,90,12,4,6,6.0,132.0,88.0
4,92,104,88,11,3,6,6.0,132.0,88.0
3,98,106,90,14,6,8,6.0,132.0,88.0
5,93,104,87,13,2,10,6.0,132.0,88.0
3,97,106,91,15,6,7,6.0,132.0,88.0
4,94,106,89,14,4,8,6.0,132.0,88.0
0,92,99,91,9,5,4,6.0,132.0,88.0
4,95,104,93,14,8,9,6.0,132.0,88.0
6,90,106,88,13,0,11,6.0,132.0,88.0
4,98,105,91,12,6,8,6.0,132.0,88.0
3,95,107,90,14,5,7,6.0,132.0,88.0
6,95,105,91,14,4,10,6.0,132.0,88.0
3,96,102,93,10,6,8,6.0,132.0,88.0
3,98,105,93,14,6,8,6.0,132.0,88.0
4,96,106,92,14,7,8,6.0,132.0,88.0
1,93,105,91,11,6,7,6.0,132.0,88.0
2,95,103,93,10,8,5,6.0,132.0,88.0
6,93,104,90,13,4,9,6.0,132.0,88.0
3,93,106,93,13,6,8,6.0,132.0,88.0
4,92,103,88,12,1,5,6.0,132.0,88.0
2,97,102,92,10,7,6,6.0,132.0,88.0
5,97,107,93,14,6,10,6.0,132.0,88.0
6,97,107,92,14,7,8,6.0,132.0,88.0
6,95,103,92,14,7,7,6.0,132.0,88.0
5,98,107,92,15,6,10,6.0,132.0,88.0
4,95,107,89,14,3,10,6.0,132.0,88.0
0,96,102,92,11,6,5,6.0,132.0,88.0
3,97,106,92,14,6,8,6.0,132.0,88.0
4,97,104,92,14,5,10,6.0,132.0,88.0
3,90,105,92,12,6,6,6.0,132.0,88.0
5,96,107,91,15,6,9,6.0,132.0,88.0
0,97,100,90,9,5,4,6.0,132.0,88.0
2,92,103,92,11,5,6,6.0,132.0,88.0
5,95,105,91,14,6,9,6.0,132.0,88.0
5,97,105,94,14,6,10,6.0,132.0,88.0
4,91,108,87,15,0,8,6.0,132.0,88.0
5,95,105,90,13,4,11,6.0,132.0,88.0
0,97,101,94,9,6,2,6.0,132.0,88.0
4,96,105,92,13,6,8,6.0,132.0,88.0
1,93,102,86,12,2,6,6.0,132.0,88.0
4,92,106,91,12,6,6,6.0,132.0,88.0
4,93,106,88,14,4,10,6.0,132.0,88.0
5,95,105,91,14,6,8,6.0,132.0,88.0
0,44,45,69,7,6,4,8.0,129.0,91.0
4,28,53,52,12,0,9,8.0,129.0,91.0
3,38,53,64,13,2,10,8.0,129.0,91.0
0,44,49,67,10,4,4,8.0,129.0,91.0
5,42,51,68,10,5,8,8.0,129.0,91.0
2,42,54,67,13,4,11,8.0,129.0,91.0
3,42,52,67,13,7,9,8.0,129.0,91.0
3,42,52,66,13,6,10,8.0,129.0,91.0
3,43,52,69,11,7,9,8.0,129.0,91.0
6,38,55,65,15,1,10,8.0,129.0,91.0
4,42,52,68,12,6,10,8.0,129.0,91.0
4,42,52,67,11,5,9,8.0,129.0,91.0
3,42,53,68,14,5,12,8.0,129.0,91.0
5,38,54,63,13,1,12,8.0,129.0,91.0
2,42,54,67,13,6,10,8.0,129.0,91.0
4,42,54,69,12,5,11,8.0,129.0,91.0
4,41,52,69,13,7,9,8.0,129.0,91.0
5,41,53,65,14,3,10,8.0,129.0,91.0
3,45,53,68,11,6,10,8.0,129.0,91.0
2,44,52,69,12,5,8,8.0,129.0,91.0
2,45,52,70,12,6,11,8.0,129.0,91.0
4,42,51,68,12,7,9,8.0,129.0,91.0
1,38,49,62,7,2,6,8.0,129.0,91.0
2,43,53,67,12,4,11,8.0,129.0,91.0
3,40,53,68,12,5,11,8.0,129.0,91.0
4,43,52,69,12,5,8,8.0,129.0,91.0
5,42,53,68,13,4,11,8.0,129.0,91.0
3,44,53,67,11,6,10,8.0,129.0,91.0
0,38,52,67,12,3,8,8.0,129.0,91.0
0,40,50,64,11,2,8,8.0,129.0,91.0
4,38,56,65,15,2,11,8.0,129.0,91.0
0,44,44,67,9,5,6,8.0,129.0,91.0
3,41,53,69,12,7,10,8.0,129.0,91.0
5,42,53,68,13,4,10,8.0,129.0,91.0
3,43,52,67,12,5,6,8.0,129.0,91.0
4,43,53,67,13,5,10,8.0,129.0,91.0
5,42,52,67,13,7,10,8.0,129.0,91.0
3,40,53,68,13,4,9,8.0,129.0,91.0
2,44,51,68,12,7,9,8.0,129.0,91.0
4,44,52,68,12,6,9,8.0,129.0,91.0
4,42,51,67,10,5,10,8.0,129.0,91.0
0,43,51,68,8,3,7,8.0,129.0,91.0
4,42,53,67,13,6,9,8.0,129.0,91.0
0,44,48,68,9,4,8,8.0,129.0,91.0
2,42,52,70,13,7,8,8.0,129.0,91.0
4,43,53,68,13,6,10,8.0,129.0,91.0
5,41,52,69,12,5,11,8.0,129.0,91.0
6,28,54,51,14,0,11,8.0,129.0,91.0
2,46,48,68,9,6,5,8.0,129.0,91.0
4,46,53,70,12,8,10,8.0,129.0,91.0
4,42,52,68,12,6,10,8.0,129.0,91.0
4,40,54,63,14,1,12,8.0,129.0,91.0
5,43,53,66,13,5,11,8.0,129.0,91.0
4,42,50,69,13,5,9,8.0,129.0,91.0
3,42,52,68,13,8,10,8.0,129.0,91.0
4,43,54,67,12,7,12,8.0,129.0,91.0
5,42,53,66,13,6,10,8.0,129.0,91.0
3,39,52,68,12,4,9,8.0,129.0,91.0
0,38,50,63,9,0,5,8.0,129.0,91.0
6,39,55,64,15,3,10,8.0,129.0,91.0
0,46,48,70,9,6,5,8.0,129.0,91.0
0,44,50,71,7,10,7,8.0,129.0,91.0
6,36,51,63,12,1,9,8.0,129.0,91.0
3,42,52,68,12,5,9,8.0,129.0,91.0
2,40,53,69,13,7,10,8.0,129.0,91.0
4,44,53,69,13,7,11,8.0,129.0,91.0
4,43,51,67,12,5,10,8.0,129.0,91.0
5,37,53,63,13,0,10,8.0,129.0,91.0
0,44,47,70,8,10,5,8.0,129.0,91.0
2,40,50,64,10,1,8,8.0,129.0,91.0
3,42,52,69,12,6,8,8.0,129.0,91.0
0,44,48,68,8,6,6,8.0,129.0,91.0
2,42,51,64,10,1,7,8.0,129.0,91.0
3,42,52,69,11,7,8,8.0,129.0,91.0
5,42,51,69,14,6,9,8.0,129.0,91.0
8,37,55,62,14,0,13,8.0,129.0,91.0
6,40,53,65,13,1,9,8.0,129.0,91.0
0,42,49,68,8,7,6,8.0,129.0,91.0
5,40,54,66,10,4,11,8.0,129.0,91.0
1,41,54,66,14,1,8,8.0,129.0,91.0
4,42,53,69,14,6,9,8.0,129.0,91.0
5,37,54,64,14,0,13,8.0,129.0,91.0
2,40,51,69,13,6,10,8.0,129.0,91.0
3,43,52,70,12,5,9,8.0,129.0,91.0
6,37,54,65,14,2,10,8.0,129.0,91.0
0,42,52,66,12,5,8,8.0,129.0,91.0
1,42,53,70,12,4,7,8.0,129.0,91.0
1,40,53,67,12,5,10,8.0,129.0,91.0
4,41,54,66,12,2,7,8.0,129.0,91.0
4,44,53,69,14,6,11,8.0,129.0,91.0
4,40,53,65,12,1,9,8.0,129.0,91.0
5,42,52,66,12,3,9,8.0,129.0,91.0
7,44,54,67,13,5,11,8.0,129.0,91.0
2,39,52,69,12,7,9,8.0,129.0,91.0
4,42,52,68,13,7,10,8.0,129.0,91.0
4,42,54,67,15,4,10,8.0,129.0,91.0
3,44,53,69,13,6,9,8.0,129.0,91.0
3,44,52,69,12,6,8,8.0,129.0,91.0
0,43,48,69,8,8,6,8.0,129.0,91.0
4,44,53,68,13,5,10,8.0,129.0,91.0
3,23,32,48,12,7,9,10.0,126.0,94.0
3,22,31,49,12,5,9,10.0,126.0,94.0
0,20,27,48,5,7,4,10.0,126.0,94.0
0,24,28,48,7,5,5,10.0,126.0,94.0
3,22,29,49,10,5,9,10.0,126.0,94.0
3,23,30,47,9,5,8,10.0,126.0,94.0
3,19,27,45,9,2,8,10.0,126.0,94.0
2,21,33,48,12,5,9,10.0,126.0,94.0
4,22,31,48,11,6,8,10.0,126.0,94.0
0,26,27,48,6,8,3,10.0,126.0,94.0
0,23,29,49,10,6,6,10.0,126.0,94.0
3,22,31,48,11,7,9,10.0,126.0,94.0
4,22,31,46,12,2,10,10.0,126.0,94.0
3,21,33,49,11,6,11,10.0,126.0,94.0
0,25,26,49,7,7,6,10.0,126.0,94.0
1,22,29,49,8,4,7,10.0,126.0,94.0
2,22,32,45,11,4,10,10.0,126.0,94.0
0,22,25,49,6,5,4,10.0,126.0,94.0
0,24,29,46,9,4,8,10.0,126.0,94.0
4,23,30,49,11,7,9,10.0,126.0,94.0
5,20,32,44,15,4,10,10.0,126.0,94.0
0,22,26,49,9,8,6,10.0,126.0,94.0
2,23,31,48,13,5,12,10.0,126.0,94.0
3,24,31,50,10,6,8,10.0,126.0,94.0
0,24,29,49,9,7,8,10.0,126.0,94.0
5,22,32,49,12,5,9,10.0,126.0,94.0
0,21,28,49,7,6,2,10.0,126.0,94.0
2,24,29,49,8,8,7,10.0,126.0,94.0
3,20,30,46,8,2,7,10.0,126.0,94.0
2,18,32,45,14,2,11,10.0,126.0,94.0
3,22,32,49,11,6,9,10.0,126.0,94.0
5,21,32,44,12,3,11,10.0,126.0,94.0
1,19,32,45,11,2,10,10.0,126.0,94.0
4,21,31,48,12,7,9,10.0,126.0,94.0
2,19,33,44,12,1,10,10.0,126.0,94.0
3,22,32,48,12,7,9,10.0,126.0,94.0
2,21,31,49,11,6,9,10.0,126.0,94.0
0,25,26,51,8,7,5,10.0,126.0,94.0
0,23,32,50,12,7,8,10.0,126.0,94.0
4,19,32,43,12,0,12,10.0,126.0,94.0
3,24,31,50,13,6,10,10.0,126.0,94.0
0,21,27,47,7,3,4,10.0,126.0,94.0
5,22,30,49,12,7,10,10.0,126.0,94.0
4,24,31,50,11,6,8,10.0,126.0,94.0
0,21,28,49,9,4,5,10.0,126.0,94.0
0,25,29,48,7,6,7,10.0,126.0,94.0
0,23,28,47,10,5,6,10.0,126.0,94.0
4,17,32,47,10,4,11,10.0,126.0,94.0
3,23,31,49,10,6,10,10.0,126.0,94.0
4,22,32,48,11,7,10,10.0,126.0,94.0
4,22,31,49,11,6,10,10.0,126.0,94.0
4,24,32,50,11,6,11,10.0,126.0,94.0
4,25,31,49,12,8,11,10.0,126.0,94.0
2,24,31,47,11,7,8,10.0,126.0,94.0
2,22,32,47,11,6,9,10.0,126.0,94.0
0,25,30,49,9,6,4,10.0,126.0,94.0
2,24,31,49,10,8,9,10.0,126.0,94.0
0,23,26,47,6,7,1,10.0,126.0,94.0
0,21,29,44,7,1,7,10.0,126.0,94.0
3,22,31,50,12,7,9,10.0,126.0,94.0
3,22,31,46,13,4,10,10.0,126.0,94.0
0,23,32,49,10,7,7,10.0,126.0,94.0
4,25,32,51,13,7,10,10.0,126.0,94.0
4,23,32,47,12,4,10,10.0,126.0,94.0
4,24,32,49,13,6,11,10.0,126.0,94.0
4,23,32,49,12,5,8,10.0,126.0,94.0
2,18,32,48,11,3,8,10.0,126.0,94.0
3,24,31,50,12,7,9,10.0,126.0,94.0
1,22,32,49,13,6,9,10.0,126.0,94.0
4,22,32,48,13,5,9,10.0,126.0,94.0
2,21,32,46,11,5,9,10.0,126.0,94.0
3,22,32,49,13,6,9,10.0,126.0,94.0
4,23,31,48,12,6,10,10.0,126.0,94.0
5,22,33,48,12,4,12,10.0,126.0,94.0
4,24,31,49,11,8,11,10.0,126.0,94.0
2,19,33,50,11,7,9,10.0,126.0,94.0
0,21,28,50,7,9,5,10.0,126.0,94.0
1,22,28,46,7,4,5,10.0,126.0,94.0
0,21,32,49,10,5,8,10.0,126.0,94.0
3,24,32,50,12,6,10,10.0,126.0,94.0
4,18,33,46,14,1,11,10.0,126.0,94.0
4,22,31,48,12,4,9,10.0,126.0,94.0
3,22,31,45,13,4,10,10.0,126.0,94.0
3,23,32,49,12,8,9,10.0,126.0,94.0
5,19,31,45,10,3,8,10.0,126.0,94.0
4,23,34,50,9,6,9,10.0,126.0,94.0
5,22,32,46,13,5,10,10.0,126.0,94.0
5,24,33,50,11,7,11,10.0,126.0,94.0
2,24,32,49,11,7,10,10.0,126.0,94.0
6,20,32,44,13,4,11,10.0,126.0,94.0
1,23,29,47,8,3,5,10.0,126.0,94.0
0,26,28,52,8,8,5,10.0,126.0,94.0
1,21,31,51,12,7,10,10.0,126.0,94.0
4,23,31,49,12,6,11,10.0,126.0,94.0
4,18,32,45,9,2,10,10.0,126.0,94.0
3,20,31,45,12,3,10,10.0,126.0,94.0
0,22,30,49,9,6,7,10.0,126.0,94.0
0,23,28,48,7,7,6,10.0,126.0,94.0
0,23,29,49,9,6,7,10.0,126.0,94.0
4,24,33,48,12,4,10,10.0,126.0,94.0
705,1165,259,20,13,10,11,2.0,158.0,102.0
706,1168,258,18,12,4,11,2.0,158.0,102.0
704,1177,256,21,11,8,11,2.0,158.0,102.0
705,1172,254,22,11,9,10,2.0,158.0,102.0
701,1166,256,18,13,3,11,2.0,158.0,102.0
705,1167,258,22,14,8,9,2.0,158.0,102.0
707,1178,255,21,14,8,12,2.0,158.0,102.0
702,1175,254,24,11,9,8,2.0,158.0,102.0
708,1163,259,15,14,5,14,2.0,158.0,102.0
707,1167,259,20,14,8,12,2.0,158.0,102.0
705,1168,255,19,12,4,11,2.0,158.0,102.0
704,1177,256,22,13,9,12,2.0,158.0,102.0
708,1163,254,18,14,5,10,2.0,158.0,102.0
706,1167,259,17,14,6,14,2.0,158.0,102.0
705,1176,257,21,15,9,11,2.0,158.0,102.0
706,1178,258,21,13,8,11,2.0,158.0,102.0
708,1160,260,16,14,3,11,2.0,158.0,102.0
708,1170,260,18,14,6,14,2.0,158.0,102.0
702,1178,252,20,9,10,4,2.0,158.0,102.0
705,1177,257,21,14,9,12,2.0,158.0,102.0
706,1166,258,22,13,9,11,2.0,158.0,102.0
702,1177,253,22,9,9,6,2.0,158.0,102.0
704,1166,253,18,10,5,8,2.0,158.0,102.0
705,1164,258,21,14,7,12,2.0,158.0,102.0
702,1177,254,19,8,6,7,2.0,158.0,102.0
708,1162,262,15,14,2,13,2.0,158.0,102.0
703,1169,258,20,13,4,11,2.0,158.0,102.0
704,1171,255,20,10,7,8,2.0,158.0,102.0
701,1177,251,22,9,10,6,2.0,158.0,102.0
703,1168,253,19,11,9,10,2.0,158.0,102.0
706,1167,260,17,16,3,13,2.0,158.0,102.0
703,1177,258,21,15,8,13,2.0,158.0,102.0
707,1165,260,21,13,8,12,2.0,158.0,102.0
706,1178,257,20,12,8,12,2.0,158.0,102.0
704,1167,254,17,13,6,8,2.0,158.0,102.0
706,1165,257,21,14,8,10,2.0,158.0,102.0
706,1178,258,22,13,9,12,2.0,158.0,102.0
701,1169,255,15,10,4,9,2.0,158.0,102.0
705,1170,257,19,14,4,11,2.0,158.0,102.0
703,1177,257,20,16,9,13,2.0,158.0,102.0
706,1166,258,21,13,9,11,2.0,158.0,102.0
703,1176,255,20,11,8,11,2.0,158.0,102.0
707,1163,259,14,16,3,11,2.0,158.0,102.0
706,1167,259,21,13,7,11,2.0,158.0,102.0
701,1176,256,21,12,9,10,2.0,158.0,102.0
706,1165,258,21,12,10,11,2.0,158.0,102.0
705,1179,258,21,14,9,12,2.0,158.0,102.0
703,1177,256,20,12,8,10,2.0,158.0,102.0
709,1165,262,16,16,4,11,2.0,158.0,102.0
704,1167,261,15,12,4,12,2.0,158.0,102.0
702,1174,253,19,8,7,9,2.0,158.0,102.0
706,1172,258,21,14,9,11,2.0,158.0,102.0
708,1164,257,20,12,6,9,2.0,158.0,102.0
707,1167,259,20,13,6,11,2.0,158.0,102.0
704,1176,258,20,14,8,11,2.0,158.0,102.0
705,1165,256,20,11,8,11,2.0,158.0,102.0
701,1173,257,24,11,10,8,2.0,158.0,102.0
708,1163,260,15,16,2,12,2.0,158.0,102.0
707,1165,258,20,13,8,11,2.0,158.0,102.0
702,1171,255,18,11,7,9,2.0,158.0,102.0
702,1178,252,19,10,8,7,2.0,158.0,102.0
705,1177,258,19,14,6,13,2.0,158.0,102.0
707,1165,258,17,16,3,12,2.0,158.0,102.0
707,1167,258,20,13,8,11,2.0,158.0,102.0
704,1178,254,22,7,8,8,2.0,158.0,102.0
702,1165,254,17,12,4,8,2.0,158.0,102.0
706,1168,259,20,14,10,12,2.0,158.0,102.0
704,1170,257,19,13,6,11,2.0,158.0,102.0
704,1175,256,19,13,8,10,2.0,158.0,102.0
708,1167,257,18,13,7,8,2.0,158.0,102.0
702,1177,254,20,9,7,7,2.0,158.0,102.0
705,1175,257,22,14,8,12,2.0,158.0,102.0
708,1163,258,20,14,8,12,2.0,158.0,102.0
704,1168,257,17,13,4,9,2.0,158.0,102.0
707,1179,257,22,15,10,12,2.0,158.0,102.0
704,1165,254,19,13,9,9,2.0,158.0,102.0
705,1168,260,18,14,4,13,2.0,158.0,102.0
704,1174,255,22,11,7,10,2.0,158.0,102.0
705,1164,258,20,14,6,10,2.0,158.0,102.0
705,1169,256,20,14,5,10,2.0,158.0,102.0
704,1177,254,18,11,8,8,2.0,158.0,102.0
704,1175,256,22,14,8,11,2.0,158.0,102.0
705,1166,255,14,8,2,7,2.0,158.0,102.0
705,1170,258,16,13,4,10,2.0,158.0,102.0
704,1176,255,21,9,6,8,2.0,158.0,102.0
704,1167,256,17,11,5,8,2.0,158.0,102.0
705,1167,259,19,14,7,11,2.0,158.0,102.0
704,1176,256,21,13,8,12,2.0,158.0,102.0
703,1174,255,21,10,8,9,2.0,158.0,102.0
707,1165,256,21,13,7,9,2.0,158.0,102.0
706,1167,259,19,13,9,11,2.0,158.0,102.0
705,1177,257,21,15,7,11,2.0,158.0,102.0
703,1176,256,20,13,8,10,2.0,158.0,102.0
706,1159,259,20,14,8,11,2.0,158.0,102.0
702,1174,252,24,9,9,6,2.0,158.0,102.0
703,1169,257,17,11,4,9,2.0,158.0,102.0
707,1167,260,22,14,7,11,2.0,158.0,102.0
701,1178,252,20,8,9,6,2.0,158.0,102.0
703,1173,255,22,10,10,7,2.0,158.0,102.0
705,1166,258,21,13,6,12,2.0,158.0,102.0
105,251,86,39,9,4,10,4.0,155.0,105.0
97,261,79,39,7,3,7,4.0,155.0,105.0
105,252,82,34,9,1,6,4.0,155.0,105.0
102,253,83,37,11,5,8,4.0,155.0,105.0
104,261,84,37,12,7,9,4.0,155.0,105.0
107,251,85,36,13,1,10,4.0,155.0,105.0
100,254,82,40,8,7,6,4.0,155.0,105.0
106,253,85,37,13,6,9,4.0,155.0,105.0
106,261,85,39,13,5,11,4.0,155.0,105.0
104,252,81,34,11,1,9,4.0,155.0,105.0
97,253,80,40,7,7,6,4.0,155.0,105.0
104,259,83,39,11,7,8,4.0,155.0,105.0
104,254,83,39,10,6,9,4.0,155.0,105.0
107,259,83,37,12,6,10,4.0,155.0,105.0
106,254,83,39,12,5,10,4.0,155.0,105.0
106,262,84,39,12,5,9,4.0,155.0,105.0
103,258,82,35,8,1,6,4.0,155.0,105.0
105,255,85,37,11,5,9,4.0,155.0,105.0
105,261,82,38,10,6,10,4.0,155.0,105.0
102,257,81,31,10,0,8,4.0,155.0,105.0
106,256,84,38,11,5,9,4.0,155.0,105.0
105,259,85,39,12,5,8,4.0,155.0,105.0
99,253,80,35,8,1,7,4.0,155.0,105.0
106,255,85,36,13,3,10,4.0,155.0,105.0
106,261,83,38,10,3,11,4.0,155.0,105.0
105,256,85,36,12,7,10,4.0,155.0,105.0
105,255,84,34,11,3,9,4.0,155.0,105.0
107,262,83,40,12,5,10,4.0,155.0,105.0
106,252,85,37,12,5,11,4.0,155.0,105.0
102,254,79,41,9,6,7,4.0,155.0,105.0
106,262,85,40,14,6,11,4.0,155.0,105.0
106,252,81,33,10,3,8,4.0,155.0,105.0
106,252,86,34,13,1,11,4.0,155.0,105.0
101,260,78,39,7,6,5,4.0,155.0,105.0
102,256,80,35,9,0,8,4.0,155.0,105.0
106,256,84,38,11,5,10,4.0,155.0,105.0
105,261,84,38,12,5,10,4.0,155.0,105.0
104,260,83,38,13,7,8,4.0,155.0,105.0
104,261,83,40,11,4,10,4.0,155.0,105.0
106,257,85,40,12,6,9,4.0,155.0,105.0
106,254,85,37,13,3,10,4.0,155.0,105.0
105,260,84,36,11,4,10,4.0,155.0,105.0
104,250,85,36,13,0,10,4.0,155.0,105.0
101,256,80,39,8,7,6,4.0,155.0,105.0
105,260,84,39,13,6,10,4.0,155.0,105.0
106,261,84,39,12,8,11,4.0,155.0,105.0
105,254,83,38,11,4,9,4.0,155.0,105.0
104,255,85,36,12,3,12,4.0,155.0,105.0
103,260,83,39,11,6,9,4.0,155.0,105.0
104,255,85,39,12,5,8,4.0,155.0,105.0
99,251,80,40,6,5,5,4.0,155.0,105.0
103,260,84,38,12,6,8,4.0,155.0,105.0
103,256,85,38,11,6,11,4.0,155.0,105.0
105,256,85,35,10,6,9,4.0,155.0,105.0
104,261,84,40,12,6,9,4.0,155.0,105.0
106,255,85,37,12,6,10,4.0,155.0,105.0
105,261,83,39,10,7,9,4.0,155.0,105.0
103,256,84,40,12,7,10,4.0,155.0,105.0
106,261,85,39,11,6,9,4.0,155.0,105.0
106,255,86,40,13,5,10,4.0,155.0,105.0
102,255,83,37,10,4,8,4.0,155.0,105.0
105,260,85,40,12,6,11,4.0,155.0,105.0
106,256,84,39,12,7,9,4.0,155.0,105.0
99,261,80,39,5,5,7,4.0,155.0,105.0
101,256,79,32,9,2,7,4.0,155.0,105.0
105,253,84,34,11,5,10,4.0,155.0,105.0
103,260,81,41,10,6,7,4.0,155.0,105.0
105,254,85,38,11,6,10,4.0,155.0,105.0
105,261,84,40,12,5,10,4.0,155.0,105.0
106,253,84,35,13,3,10,4.0,155.0,105.0
100,256,81,36,8,3,7,4.0,155.0,105.0
106,255,84,39,12,5,11,4.0,155.0,105.0
104,260,84,40,12,7,9,4.0,155.0,105.0
105,255,84,38,12,6,8,4.0,155.0,105.0
101,255,83,38,10,6,8,4.0,155.0,105.0
105,259,84,39,12,6,10,4.0,155.0,105.0
104,255,83,40,12,4,9,4.0,155.0,105.0
105,253,86,34,12,2,10,4.0,155.0,105.0
99,256,79,35,11,0,7,4.0,155.0,105.0
105,255,84,38,12,6,10,4.0,155.0,105.0
101,260,80,39,9,5,5,4.0,155.0,105.0
107,255,85,38,10,6,10,4.0,155.0,105.0
107,261,83,38,13,5,11,4.0,155.0,105.0
105,255,85,40,9,5,8,4.0,155.0,105.0
106,254,85,36,12,3,10,4.0,155.0,105.0
104,260,82,39,9,5,7,4.0,155.0,105.0
104,254,84,38,9,6,7,4.0,155.0,105.0
105,261,85,40,12,6,12,4.0,155.0,105.0
102,254,84,39,10,7,8,4.0,155.0,105.0
100,261,79,39,7,5,6,4.0,155.0,105.0
105,261,84,38,12,4,9,4.0,155.0,105.0
104,251,85,37,12,1,8,4.0,155.0,105.0
98,255,78,37,6,3,4,4.0,155.0,105.0
100,255,82,33,10,2,8,4.0,155.0,105.0
103,253,84,40,10,7,9,4.0,155.0,105.0
98,259,79,38,5,5,5,4.0,155.0,105.0
105,253,86,34,12,0,10,4.0,155.0,105.0
104,256,85,38,13,6,10,4.0,155.0,105.0
106,255,85,37,13,4,10,4.0,155.0,105.0
105,260,84,37,11,4,8,4.0,155.0,105.0
35,71,29,42,12,4,4,6.0,152.0,108.0
36,66,30,35,11,0,7,6.0,152.0,108.0
36,69,33,39,14,5,10,6.0,152.0,108.0
35,71,29,37,8,4,5,6.0,152.0,108.0
37,69,32,39,13,4,7,6.0,152.0,108.0
35,70,32,39,12,3,8,6.0,152.0,108.0
37,68,32,39,13,3,9,6.0,152.0,108.0
36,72,32,34,13,0,8,6.0,152.0,108.0
35,71,31,38,9,5,6,6.0,152.0,108.0
37,69,32,36,12,2,9,6.0,152.0,108.0
36,66,32,34,12,0,8,6.0,152.0,108.0
37,71,30,39,10,4,5,6.0,152.0,108.0
33,69,27,40,7,4,2,6.0,152.0,108.0
37,67,32,42,11,4,7,6.0,152.0,108.0
37,69,33,37,12,2,8,6.0,152.0,108.0
38,66,30,41,11,6,7,6.0,152.0,108.0
36,70,33,39,13,3,9,6.0,152.0,108.0
35,72,29,40,8,4,4,6.0,152.0,108.0
32,69,31,40,12,3,6,6.0,152.0,108.0
38,67,33,34,13,0,9,6.0,152.0,108.0
36,72,33,35,13,0,8,6.0,152.0,108.0
32,70,28,40,10,4,3,6.0,152.0,108.0
34,72,29,37,10,3,6,6.0,152.0,108.0
35,66,31,40,10,4,8,6.0,152.0,108.0
39,72,32,38,14,5,9,6.0,152.0,108.0
37,69,31,39,12,1,9,6.0,152.0,108.0
37,68,33,38,12,3,7,6.0,152.0,108.0
33,72,28,40,7,4,4,6.0,152.0,108.0
34,71,28,39,6,4,2,6.0,152.0,108.0
34,72,29,39,9,4,3,6.0,152.0,108.0
35,61,32,32,13,0,9,6.0,152.0,108.0
37,72,30,40,12,4,7,6.0,152.0,108.0
36,73,32,38,12,5,7,6.0,152.0,108.0
34,69,31,35,9,1,8,6.0,152.0,108.0
37,69,32,38,13,1,7,6.0,152.0,108.0
36,70,31,37,11,3,7,6.0,152.0,108.0
25,70,20,38,0,0,0,6.0,152.0,108.0
34,70,32,39,12,2,7,6.0,152.0,108.0
37,69,32,38,14,4,7,6.0,152.0,108.0
37,68,31,37,12,0,7,6.0,152.0,108.0
35,72,30,35,10,0,6,6.0,152.0,108.0
36,70,32,37,14,2,10,6.0,152.0,108.0
40,72,32,35,12,1,7,6.0,152.0,108.0
33,67,29,35,10,0,6,6.0,152.0,108.0
34,68,30,38,12,3,5,6.0,152.0,108.0
36,67,30,35,11,0,7,6.0,152.0,108.0
37,69,33,39,12,3,6,6.0,152.0,108.0
38,73,32,38,10,4,8,6.0,152.0,108.0
33,70,29,38,6,4,4,6.0,152.0,108.0
37,67,30,34,9,0,8,6.0,152.0,108.0
38,71,31,33,12,0,9,6.0,152.0,108.0
35,70,31,37,9,3,6,6.0,152.0,108.0
37,68,29,34,11,1,8,6.0,152.0,108.0
37,64,31,40,12,3,7,6.0,152.0,108.0
36,67,31,39,11,3,7,6.0,152.0,108.0
36,72,32,40,13,4,8,6.0,152.0,108.0
35,68,28,39,9,4,7,6.0,152.0,108.0
36,66,31,34,12,0,6,6.0,152.0,108.0
37,72,30,39,10,2,7,6.0,152.0,108.0
36,68,31,37,13,0,6,6.0,152.0,108.0
38,72,34,39,12,3,7,6.0,152.0,108.0
36,71,32,40,14,3,6,6.0,152.0,108.0
37,69,32,39,13,4,10,6.0,152.0,108.0
32,70,30,40,11,3,5,6.0,152.0,108.0
34,70,27,39,9,3,5,6.0,152.0,108.0
36,74,31,40,8,5,7,6.0,152.0,108.0
34,72,28,39,9,5,1,6.0,152.0,108.0
34,71,30,39,11,4,5,6.0,152.0,108.0
36,69,32,36,12,0,8,6.0,152.0,108.0
38,66,31,39,11,5,7,6.0,152.0,108.0
34,71,28,38,6,4,4,6.0,152.0,108.0
37,69,33,40,12,2,8,6.0,152.0,108.0
36,67,32,34,8,0,7,6.0,152.0,108.0
33,70,30,39,10,5,6,6.0,152.0,108.0
37,69,31,37,12,1,8,6.0,152.0,108.0
38,71,32,38,12,3,8,6.0,152.0,108.0
34,68,31,38,11,2,3,6.0,152.0,108.0
36,69,29,33,9,0,7,6.0,152.0,108.0
34,70,27,39,9,3,3,6.0,152.0,108.0
38,73,31,39,12,4,8,6.0,152.0,108.0
38,71,31,40,12,4,6,6.0,152.0,108.0
36,70,28,39,7,4,6,6.0,152.0,108.0
38,67,33,35,11,0,8,6.0,152.0,108.0
33,69,30,33,8,0,6,6.0,152.0,108.0
33,68,28,39,8,4,6,6.0,152.0,108.0
30,67,25,35,0,0,0,6.0,152.0,108.0
34,69,28,39,9,3,3,6.0,152.0,108.0
33,72,28,39,8,4,4,6.0,152.0,108.0
39,68,32,37,14,0,8,6.0,152.0,108.0
32,71,28,40,7,4,1,6.0,152.0,108.0
37,67,31,39,10,1,7,6.0,152.0,108.0
37,73,32,35,12,1,8,6.0,152.0,108.0
35,70,29,39,12,3,6,6.0,152.0,108.0
35,68,31,37,11,4,7,6.0,152.0,108.0
36,66,30,34,11,0,8,6.0,152.0,108.0
34,70,28,36,9,1,5,6.0,152.0,108.0
36,74,30,40,11,4,7,6.0,152.0,108.0
34,72,32,39,9,2,6,6.0,152.0,108.0
34,67,31,38,11,2,4,6.0,152.0,108.0
34,72,29,38,11,1,5,6.0,152.0,108.0
16,28,21,25,10,0,7,8.0,149.0,111.0
10,33,17,28,10,5,4,8.0,149.0,111.0
12,33,20,29,12,5,7,8.0,149.0,111.0
15,32,21,27,10,3,6,8.0,149.0,111.0
15,33,22,27,13,5,9,8.0,149.0,111.0
12,33,15,30,11,4,3,8.0,149.0,111.0
11,34,17,28,10,4,4,8.0,149.0,111.0
16,32,20,23,12,0,7,8.0,149.0,111.0
13,31,19,26,11,4,7,8.0,149.0,111.0
11,31,14,29,6,2,4,8.0,149.0,111.0
14,28,20,26,11,1,7,8.0,149.0,111.0
10,34,16,28,6,4,3,8.0,149.0,111.0
10,32,15,27,5,3,4,8.0,149.0,111.0
15,33,21,28,10,6,9,8.0,149.0,111.0
13,28,20,28,12,2,8,8.0,149.0,111.0
14,34,20,27,12,4,7,8.0,149.0,111.0
12,33,21,29,10,3,7,8.0,149.0,111.0
14,28,22,28,12,3,8,8.0,149.0,111.0
13,31,18,28,12,1,6,8.0,149.0,111.0
13,30,22,29,12,1,8,8.0,149.0,111.0
15,32,21,27,12,1,9,8.0,149.0,111.0
13,30,21,27,12,2,6,8.0,149.0,111.0
12,32,17,26,8,4,4,8.0,149.0,111.0
10,34,17,29,12,6,4,8.0,149.0,111.0
14,33,20,26,8,3,6,8.0,149.0,111.0
10,33,19,27,11,3,4,8.0,149.0,111.0
13,32,17,26,9,1,7,8.0,149.0,111.0
10,33,19,26,10,3,3,8.0,149.0,111.0
14,33,21,28,13,4,8,8.0,149.0,111.0
11,32,16,29,7,4,4,8.0,149.0,111.0
12,32,19,28,11,4,6,8.0,149.0,111.0
12,31,17,26,9,1,4,8.0,149.0,111.0
13,34,21,29,9,5,6,8.0,149.0,111.0
14,33,20,27,12,2,7,8.0,149.0,111.0
15,34,21,27,13,4,8,8.0,149.0,111.0
10,33,18,30,8,5,5,8.0,149.0,111.0
13,32,20,23,11,0,8,8.0,149.0,111.0
14,31,19,28,12,4,5,8.0,149.0,111.0
16,29,21,26,13,0,6,8.0,149.0,111.0
14,31,21,27,12,1,7,8.0,149.0,111.0
14,29,18,26,10,3,6,8.0,149.0,111.0
15,28,22,23,10,0,7,8.0,149.0,111.0
12,31,18,28,11,2,7,8.0,149.0,111.0
14,32,21,27,11,3,7,8.0,149.0,111.0
13,33,18,27,10,4,2,8.0,149.0,111.0
12,31,19,28,9,3,6,8.0,149.0,111.0
13,33,16,28,11,5,5,8.0,149.0,111.0
10,34,15,27,8,2,3,8.0,149.0,111.0
14,30,20,28,11,3,8,8.0,149.0,111.0
15,27,19,22,11,1,8,8.0,149.0,111.0
13,32,18,28,7,3,6,8.0,149.0,111.0
14,30,20,24,10,0,7,8.0,149.0,111.0
12,31,20,30,12,4,7,8.0,149.0,111.0
15,29,21,28,13,1,7,8.0,149.0,111.0
14,32,22,28,13,5,9,8.0,149.0,111.0
14,31,21,28,12,3,8,8.0,149.0,111.0
16,34,21,26,13,0,8,8.0,149.0,111.0
13,31,20,27,10,2,5,8.0,149.0,111.0
16,35,20,28,11,2,7,8.0,149.0,111.0
15,30,22,26,12,4,7,8.0,149.0,111.0
14,32,21,29,12,5,6,8.0,149.0,111.0
10,31,19,24,8,1,4,8.0,149.0,111.0
16,33,21,27,12,4,9,8.0,149.0,111.0
11,32,16,25,7,5,6,8.0,149.0,111.0
15,35,18,28,9,4,6,8.0,149.0,111.0
12,30,19,26,10,1,6,8.0,149.0,111.0
13,33,21,28,13,5,9,8.0,149.0,111.0
12,32,19,26,7,3,7,8.0,149.0,111.0
14,31,19,25,11,1,4,8.0,149.0,111.0
16,28,21,24,12,0,8,8.0,149.0,111.0
15,33,21,30,11,3,8,8.0,149.0,111.0
15,28,21,26,11,1,8,8.0,149.0,111.0
12,33,21,28,12,4,7,8.0,149.0,111.0
14,30,20,28,10,3,6,8.0,149.0,111.0
15,28,23,27,11,1,9,8.0,149.0,111.0
10,34,17,28,7,4,4,8.0,149.0,111.0
10,33,15,29,8,5,4,8.0,149.0,111.0
11,31,21,29,12,2,7,8.0,149.0,111.0
14,33,19,29,8,3,6,8.0,149.0,111.0
9,32,18,24,11,3,5,8.0,149.0,111.0
15,29,19,23,9,0,9,8.0,149.0,111.0
12,31,19,31,11,3,7,8.0,149.0,111.0
15,27,20,26,12,0,8,8.0,149.0,111.0
12,32,20,27,12,3,7,8.0,149.0,111.0
12,33,17,29,6,5,4,8.0,149.0,111.0
14,31,20,28,13,3,9,8.0,149.0,111.0
12,34,20,28,14,3,6,8.0,149.0,111.0
11,32,18,28,12,4,6,8.0,149.0,111.0
11,31,18,25,7,5,4,8.0,149.0,111.0
14,32,20,26,12,3,7,8.0,149.0,111.0
12,30,19,26,13,2,8,8.0,149.0,111.0
14,32,18,28,12,4,8,8.0,149.0,111.0
15,32,21,28,12,3,7,8.0,149.0,111.0
12,33,20,29,12,4,7,8.0,149.0,111.0
16,31,20,28,11,2,8,8.0,149.0,111.0
12,33,18,28,7,2,5,8.0,149.0,111.0
15,32,20,24,12,2,9,8.0,149.0,111.0
13,32,16,27,6,4,3,8.0,149.0,111.0
14,30,22,27,12,1,8,8.0,149.0,111.0
15,28,23,26,14,1,9,8.0,149.0,111.0
9,13,18,13,12,0,8,10.0,146.0,114.0
7,21,17,21,12,3,8,10.0,146.0,114.0
7,12,14,15,11,0,9,10.0,146.0,114.0
8,15,15,18,11,2,9,10.0,146.0,114.0
7,17,17,21,13,3,8,10.0,146.0,114.0
9,16,16,22,11,2,8,10.0,146.0,114.0
6,20,16,14,11,0,8,10.0,146.0,114.0
6,18,13,18,9,2,3,10.0,146.0,114.0
6,20,16,20,9,4,6,10.0,146.0,114.0
9,17,15,20,10,4,7,10.0,146.0,114.0
7,12,14,21,11,4,8,10.0,146.0,114.0
6,19,18,18,11,0,9,10.0,146.0,114.0
10,19,18,18,12,3,9,10.0,146.0,114.0
5,19,14,18,8,0,7,10.0,146.0,114.0
2,20,13,22,8,5,6,10.0,146.0,114.0
11,19,18,22,12,3,9,10.0,146.0,114.0
8,17,14,17,8,2,4,10.0,146.0,114.0
8,15,14,19,9,2,8,10.0,146.0,114.0
11,13,15,18,12,0,8,10.0,146.0,114.0
8,15,16,19,11,3,9,10.0,146.0,114.0
5,18,14,22,10,4,5,10.0,146.0,114.0
9,18,16,21,13,2,7,10.0,146.0,114.0
8,19,15,18,10,3,8,10.0,146.0,114.0
4,19,12,22,10,5,2,10.0,146.0,114.0
8,12,16,14,10,0,8,10.0,146.0,114.0
6,20,12,21,9,4,4,10.0,146.0,114.0
9,19,16,16,11,4,10,10.0,146.0,114.0
6,18,12,20,11,3,5,10.0,146.0,114.0
8,19,17,22,14,5,8,10.0,146.0,114.0
6,19,12,18,10,4,6,10.0,146.0,114.0
9,17,13,19,10,1,7,10.0,146.0,114.0
9,17,17,17,12,2,10,10.0,146.0,114.0
8,18,16,19,12,1,6,10.0,146.0,114.0
8,15,13,17,9,0,8,10.0,146.0,114.0
10,19,17,21,10,3,8,10.0,146.0,114.0
3,19,13,21,9,3,3,10.0,146.0,114.0
6,19,14,22,11,4,7,10.0,146.0,114.0
6,18,16,22,13,2,7,10.0,146.0,114.0
6,17,12,22,9,5,6,10.0,146.0,114.0
8,20,15,18,13,2,8,10.0,146.0,114.0
11,20,15,21,11,3,7,10.0,146.0,114.0
5,19,9,21,5,4,3,10.0,146.0,114.0
2,17,11,17,7,1,2,10.0,146.0,114.0
5,18,14,22,10,5,8,10.0,146.0,114.0
9,15,17,20,12,5,8,10.0,146.0,114.0
8,19,17,21,11,4,7,10.0,146.0,114.0
9,13,13,15,8,0,6,10.0,146.0,114.0
8,19,14,21,14,3,7,10.0,146.0,114.0
8,17,16,16,12,0,7,10.0,146.0,114.0
4,18,12,22,9,4,2,10.0,146.0,114.0
6,19,11,20,5,2,0,10.0,146.0,114.0
9,19,12,17,11,0,7,10.0,146.0,114.0
8,16,15,19,13,3,8,10.0,146.0,114.0
5,19,15,20,10,3,7,10.0,146.0,114.0
8,18,16,19,11,4,9,10.0,146.0,114.0
6,18,14,19,8,3,5,10.0,146.0,114.0
5,18,12,17,8,3,4,10.0,146.0,114.0
8,16,14,17,10,0,6,10.0,146.0,114.0
11,17,14,19,9,2,7,10.0,146.0,114.0
6,16,14,18,12,3,8,10.0,146.0,114.0
6,19,16,21,13,5,8,10.0,146.0,114.0
7,19,17,22,12,4,8,10.0,146.0,114.0
4,19,16,20,11,2,7,10.0,146.0,114.0
9,16,14,16,11,0,7,10.0,146.0,114.0
6,19,12,21,10,2,5,10.0,146.0,114.0
7,13,14,12,10,0,8,10.0,146.0,114.0
5,15,15,18,7,3,8,10.0,146.0,114.0
9,16,16,18,12,1,7,10.0,146.0,114.0
8,20,15,23,10,6,5,10.0,146.0,114.0
9,15,15,22,10,3,6,10.0,146.0,114.0
5,18,12,20,7,4,3,10.0,146.0,114.0
8,16,12,15,10,0,6,10.0,146.0,114.0
7,16,15,21,11,5,7,10.0,146.0,114.0
7,17,13,20,10,4,7,10.0,146.0,114.0
2,18,12,22,11,4,3,10.0,146.0,114.0
6,17,13,19,8,3,6,10.0,146.0,114.0
4,18,14,21,11,4,6,10.0,146.0,114.0
5,19,11,21,9,3,5,10.0,146.0,114.0
9,15,15,20,10,4,7,10.0,146.0,114.0
9,16,16,20,13,2,9,10.0,146.0,114.0
8,18,16,21,11,4,7,10.0,146.0,114.0
8,15,16,19,13,4,8,10.0,146.0,114.0
8,15,15,21,11,4,7,10.0,146.0,114.0
9,20,18,21,12,5,9,10.0,146.0,114.0
9,17,16,21,11,4,8,10.0,146.0,114.0
6,20,14,22,12,4,6,10.0,146.0,114.0
5,18,11,22,7,4,1,10.0,146.0,114.0
6,17,16,20,11,2,9,10.0,146.0,114.0
7,16,13,17,9,2,6,10.0,146.0,114.0
8,14,14,17,9,3,8,10.0,146.0,114.0
9,15,15,20,11,0,9,10.0,146.0,114.0
9,14,14,19,9,1,6,10.0,146.0,114.0
7,19,12,22,11,2,5,10.0,146.0,114.0
5,20,14,20,9,5,5,10.0,146.0,114.0
10,17,17,21,11,2,8,10.0,146.0,114.0
5,16,15,20,13,3,4,10.0,146.0,114.0
7,14,14,18,8,1,7,10.0,146.0,114.0
7,15,15,18,11,1,9,10.0,146.0,114.0
10,14,15,23,11,2,9,10.0,146.0,114.0
5,19,14,22,9,4,5,10.0,146.0,114.0
