0,3,99,20,8,0,3,2.0,2.0,2.0
0,1,100,19,7,1,2,2.0,2.0,2.0
1,0,100,21,7,1,5,2.0,2.0,2.0
0,0,97,16,5,0,2,2.0,2.0,2.0
1,2,98,22,6,1,2,2.0,2.0,2.0
0,3,96,21,3,1,1,2.0,2.0,2.0
0,2,97,19,6,1,0,2.0,2.0,2.0
0,4,95,21,3,1,0,2.0,2.0,2.0
0,3,99,17,6,0,2,2.0,2.0,2.0
0,1,99,18,8,0,2,2.0,2.0,2.0
0,0,98,21,8,0,3,2.0,2.0,2.0
0,2,99,20,6,0,1,2.0,2.0,2.0
0,1,97,17,4,0,2,2.0,2.0,2.0
0,1,98,19,7,0,3,2.0,2.0,2.0
0,1,4,7,9,5,3,1.0,1.0,1.0
0,3,2,5,8,3,1,1.0,1.0,1.0
0,2,2,7,8,5,2,1.0,1.0,1.0
0,0,5,4,11,5,3,1.0,1.0,1.0
0,0,4,6,10,6,2,1.0,1.0,1.0
0,1,4,7,11,4,3,1.0,1.0,1.0
0,0,4,8,10,4,0,1.0,1.0,1.0
0,1,3,7,9,5,2,1.0,1.0,1.0
0,2,7,12,10,6,4,1.0,1.0,1.0
2,0,8,11,9,4,5,1.0,1.0,1.0
0,4,5,13,7,7,2,1.0,1.0,1.0
0,4,6,11,8,5,3,1.0,1.0,1.0
0,0,4,9,8,3,1,1.0,1.0,1.0
0,2,6,10,9,5,2,1.0,1.0,1.0
0,3,7,11,8,6,4,1.0,1.0,1.0
1,2,7,9,10,3,4,1.0,1.0,1.0
0,3,6,12,7,8,2,1.0,1.0,1.0
0,2,8,13,11,4,4,1.0,1.0,1.0
0,1,7,8,10,4,4,1.0,1.0,1.0
0,3,3,13,6,5,0,1.0,1.0,1.0
0,0,7,8,10,0,4,1.0,1.0,1.0
0,2,7,12,9,6,3,1.0,1.0,1.0
0,5,6,13,7,5,2,1.0,1.0,1.0
2,1,9,12,10,6,6,1.0,1.0,1.0
0,2,5,12,7,6,3,1.0,1.0,1.0
0,1,8,11,10,1,5,1.0,1.0,1.0
1,5,6,13,8,7,2,1.0,1.0,1.0
0,4,8,13,9,8,3,1.0,1.0,1.0
0,4,8,12,9,7,3,1.0,1.0,1.0
1,0,10,9,9,2,5,1.0,1.0,1.0
3,0,11,13,8,5,5,1.0,1.0,1.0
0,3,9,10,9,3,1,1.0,1.0,1.0
0,2,11,12,10,6,2,1.0,1.0,1.0
0,3,12,13,10,6,6,1.0,1.0,1.0
0,1,8,13,6,5,0,1.0,1.0,1.0
1,4,10,13,9,7,3,1.0,1.0,1.0
0,3,7,9,6,3,1,1.0,1.0,1.0
2,4,8,14,11,5,5,1.0,1.0,1.0
1,1,10,8,9,2,3,1.0,1.0,1.0
0,4,7,12,5,4,3,1.0,1.0,1.0
0,2,7,11,5,3,1,1.0,1.0,1.0
0,2,6,14,4,8,0,1.0,1.0,1.0
0,2,10,16,8,9,2,1.0,1.0,1.0
0,2,11,12,10,7,4,1.0,1.0,1.0
1,3,11,14,11,7,4,1.0,1.0,1.0
0,3,10,14,9,7,1,1.0,1.0,1.0
2,2,12,15,11,8,3,1.0,1.0,1.0
0,2,6,14,5,7,0,1.0,1.0,1.0
0,2,13,14,12,9,4,1.0,1.0,1.0
0,3,8,15,6,8,1,1.0,1.0,1.0
0,4,12,15,9,7,4,1.0,1.0,1.0
0,3,12,16,10,8,4,1.0,1.0,1.0
2,4,11,14,8,8,4,1.0,1.0,1.0
0,5,7,17,9,8,0,1.0,1.0,1.0
0,1,11,14,10,7,4,1.0,1.0,1.0
0,3,12,15,11,8,3,1.0,1.0,1.0
0,3,12,11,9,5,2,1.0,1.0,1.0
3,1,14,14,11,8,3,1.0,1.0,1.0
0,4,14,15,12,9,4,1.0,1.0,1.0
1,4,15,15,11,9,4,1.0,1.0,1.0
0,4,13,17,10,10,3,1.0,1.0,1.0
0,1,15,15,12,8,4,1.0,1.0,1.0
0,1,11,17,6,8,2,1.0,1.0,1.0
0,2,13,13,11,7,5,1.0,1.0,1.0
0,3,10,17,6,9,0,1.0,1.0,1.0
0,3,10,17,7,8,0,1.0,1.0,1.0
0,0,10,12,6,3,0,1.0,1.0,1.0
2,5,10,16,8,8,0,1.0,1.0,1.0
6,4,15,13,11,9,3,1.0,1.0,1.0
14,7,15,16,10,9,3,1.0,1.0,1.0
21,7,15,15,11,9,4,1.0,1.0,1.0
31,4,15,14,12,6,4,1.0,1.0,1.0
58,9,14,17,12,9,4,1.0,1.0,1.0
86,7,15,11,10,4,2,1.0,1.0,1.0
106,17,13,12,10,6,3,1.0,1.0,1.0
106,20,14,16,8,8,3,1.0,1.0,1.0
91,4,13,14,10,8,3,1.0,1.0,1.0
99,16,15,14,10,4,3,1.0,1.0,1.0
174,24,18,17,12,8,5,1.0,1.0,1.0
276,32,17,16,13,6,4,1.0,1.0,1.0
374,39,17,18,14,9,4,1.0,1.0,1.0
350,39,18,20,13,9,5,1.0,1.0,1.0
266,28,19,16,12,6,3,1.0,1.0,1.0
159,23,18,17,13,10,5,1.0,1.0,1.0
116,15,15,8,12,3,3,1.0,1.0,1.0
128,21,16,16,12,9,4,1.0,1.0,1.0
151,13,13,11,9,4,2,1.0,1.0,1.0
141,21,17,17,12,5,4,1.0,1.0,1.0
124,19,16,15,11,5,4,1.0,1.0,1.0
103,16,13,13,6,7,3,1.0,1.0,1.0
97,15,16,12,12,4,5,1.0,1.0,1.0
87,13,17,13,13,5,5,1.0,1.0,1.0
79,20,11,14,6,5,1,1.0,1.0,1.0
78,24,15,18,12,10,0,1.0,1.0,1.0
83,26,17,15,12,8,5,1.0,1.0,1.0
81,17,11,11,9,5,4,1.0,1.0,1.0
90,14,15,16,12,8,4,1.0,1.0,1.0
97,16,15,13,11,9,3,1.0,1.0,1.0
115,20,18,17,14,9,6,1.0,1.0,1.0
138,15,14,13,8,5,1,1.0,1.0,1.0
159,12,13,15,7,7,0,1.0,1.0,1.0
167,18,15,16,12,8,5,1.0,1.0,1.0
164,0,12,13,8,5,2,1.0,1.0,1.0
159,22,15,11,11,5,5,1.0,1.0,1.0
158,20,15,10,10,4,3,1.0,1.0,1.0
161,20,16,14,12,8,5,1.0,1.0,1.0
160,16,6,14,5,9,0,1.0,1.0,1.0
160,19,9,13,8,9,2,1.0,1.0,1.0
22,12,14,14,11,8,3,1.0,1.0,1.0
18,7,9,14,7,5,0,1.0,1.0,1.0
21,11,9,16,6,9,1,1.0,1.0,1.0
25,7,14,16,12,6,3,1.0,1.0,1.0
18,7,9,11,10,4,1,1.0,1.0,1.0
23,10,12,15,12,9,3,1.0,1.0,1.0
23,7,13,12,7,4,4,1.0,1.0,1.0
26,12,15,15,12,8,6,1.0,1.0,1.0
22,8,15,12,10,3,2,1.0,1.0,1.0
18,13,9,12,7,4,1,1.0,1.0,1.0
25,3,13,8,13,0,7,1.0,1.0,1.0
23,7,8,11,8,4,3,1.0,1.0,1.0
26,5,14,13,11,4,5,1.0,1.0,1.0
14,3,11,9,9,3,3,1.0,1.0,1.0
14,4,13,15,11,8,5,1.0,1.0,1.0
12,10,10,10,8,5,2,1.0,1.0,1.0
16,8,13,17,11,8,5,1.0,1.0,1.0
13,8,13,16,12,8,3,1.0,1.0,1.0
12,8,11,14,9,7,2,1.0,1.0,1.0
12,8,10,14,5,7,1,1.0,1.0,1.0
14,7,12,15,11,8,4,1.0,1.0,1.0
10,2,10,15,7,8,0,1.0,1.0,1.0
11,9,6,14,5,8,0,1.0,1.0,1.0
15,4,10,12,10,5,4,1.0,1.0,1.0
16,10,11,14,11,6,4,1.0,1.0,1.0
15,8,10,12,11,6,2,1.0,1.0,1.0
15,7,12,15,12,8,4,1.0,1.0,1.0
13,9,12,15,10,6,2,1.0,1.0,1.0
15,12,13,15,11,7,5,1.0,1.0,1.0
15,4,14,13,11,7,6,1.0,1.0,1.0
13,10,13,15,11,9,6,1.0,1.0,1.0
10,5,11,10,7,4,2,1.0,1.0,1.0
12,11,13,16,11,7,9,1.0,1.0,1.0
11,9,12,14,10,6,8,1.0,1.0,1.0
12,7,9,13,10,6,9,1.0,1.0,1.0
12,8,11,9,11,6,10,1.0,1.0,1.0
4,8,7,13,7,2,6,1.0,1.0,1.0
8,10,9,13,6,6,17,1.0,1.0,1.0
10,10,8,9,7,3,17,1.0,1.0,1.0
12,9,10,15,10,7,18,1.0,1.0,1.0
10,10,10,13,10,6,16,1.0,1.0,1.0
9,10,9,8,5,4,21,1.0,1.0,1.0
10,10,8,13,8,5,28,1.0,1.0,1.0
11,11,9,15,6,8,39,1.0,1.0,1.0
13,10,11,11,10,8,48,1.0,1.0,1.0
11,10,12,15,9,9,62,1.0,1.0,1.0
11,7,12,11,10,4,81,1.0,1.0,1.0
12,3,11,10,9,1,105,1.0,1.0,1.0
13,7,10,12,9,5,110,1.0,1.0,1.0
11,12,11,11,6,6,117,1.0,1.0,1.0
7,11,5,13,4,7,111,1.0,1.0,1.0
11,12,9,13,8,7,122,1.0,1.0,1.0
13,6,7,14,8,7,123,1.0,1.0,1.0
10,8,6,7,4,0,122,1.0,1.0,1.0
9,11,8,11,5,3,125,1.0,1.0,1.0
11,10,9,15,8,7,125,1.0,1.0,1.0
5,10,6,11,4,5,131,1.0,1.0,1.0
13,9,9,10,8,4,145,1.0,1.0,1.0
11,6,9,10,9,3,144,1.0,1.0,1.0
12,10,6,13,8,7,152,1.0,1.0,1.0
14,8,10,11,9,4,154,1.0,1.0,1.0
11,3,6,7,8,0,148,1.0,1.0,1.0
10,7,6,9,6,1,149,1.0,1.0,1.0
10,0,8,7,9,4,149,1.0,1.0,1.0
10,5,8,12,9,5,146,1.0,1.0,1.0
10,7,6,12,6,7,142,1.0,1.0,1.0
3,5,6,11,6,6,138,1.0,1.0,1.0
0,2,7,7,8,1,135,1.0,1.0,1.0
0,3,7,12,9,5,131,1.0,1.0,1.0
0,3,6,13,5,7,115,1.0,1.0,1.0
1,3,7,13,9,6,78,1.0,1.0,1.0
0,8,6,12,6,8,52,1.0,1.0,1.0
1,4,6,14,9,7,35,1.0,1.0,1.0
0,1,0,13,5,4,26,1.0,1.0,1.0
0,3,7,13,8,7,34,1.0,1.0,1.0
0,2,7,11,10,6,37,1.0,1.0,1.0
0,2,0,12,5,6,40,1.0,1.0,1.0
0,2,6,13,8,5,43,1.0,1.0,1.0
0,1,2,12,7,5,34,1.0,1.0,1.0
0,1,4,12,3,8,34,1.0,1.0,1.0
0,3,4,14,5,7,36,1.0,1.0,1.0
0,3,3,13,4,7,34,1.0,1.0,1.0
2,3,8,13,9,5,37,1.0,1.0,1.0
0,3,8,14,10,6,35,1.0,1.0,1.0
0,3,6,13,5,6,33,1.0,1.0,1.0
0,1,7,14,6,7,32,1.0,1.0,1.0
0,0,9,11,10,4,33,1.0,1.0,1.0
0,3,6,13,6,5,33,1.0,1.0,1.0
0,0,11,10,8,3,32,1.0,1.0,1.0
0,0,8,9,10,1,34,1.0,1.0,1.0
0,3,10,13,8,5,34,1.0,1.0,1.0
0,0,7,10,10,4,33,1.0,1.0,1.0
0,0,8,11,7,5,33,1.0,1.0,1.0
0,1,5,7,7,2,31,1.0,1.0,1.0
1,2,7,10,9,3,32,1.0,1.0,1.0
0,4,5,10,9,7,32,1.0,1.0,1.0
0,4,5,12,9,7,30,1.0,1.0,1.0
0,4,4,11,9,7,33,1.0,1.0,1.0
1,0,7,6,10,2,34,1.0,1.0,1.0
0,3,6,10,5,5,32,1.0,1.0,1.0
0,0,3,8,6,1,29,1.0,1.0,1.0
0,1,3,8,6,2,32,1.0,1.0,1.0
0,3,2,12,6,5,30,1.0,1.0,1.0
0,3,1,11,4,7,29,1.0,1.0,1.0
0,1,3,11,7,6,31,1.0,1.0,1.0
1,0,5,10,8,1,34,1.0,1.0,1.0
1,0,5,12,8,5,34,1.0,1.0,1.0
0,0,2,7,5,2,33,1.0,1.0,1.0
0,0,3,9,5,1,33,1.0,1.0,1.0
0,3,1,12,4,6,34,1.0,1.0,1.0
0,3,1,9,6,4,29,1.0,1.0,1.0
0,3,1,11,6,4,32,1.0,1.0,1.0
0,4,7,11,9,3,35,1.0,1.0,1.0
1,2,6,8,8,1,36,1.0,1.0,1.0
0,3,2,12,4,7,32,1.0,1.0,1.0
0,0,2,9,4,1,30,1.0,1.0,1.0
0,3,5,9,9,6,36,1.0,1.0,1.0
0,0,6,9,9,1,37,1.0,1.0,1.0
0,2,3,9,6,4,32,1.0,1.0,1.0
0,3,6,11,7,4,35,1.0,1.0,1.0
0,2,3,11,4,6,33,1.0,1.0,1.0
0,0,2,12,4,5,33,1.0,1.0,1.0
0,2,5,12,6,6,33,1.0,1.0,1.0
0,0,7,11,8,2,39,1.0,1.0,1.0
1,3,7,13,9,5,36,1.0,1.0,1.0
0,2,7,12,8,7,36,1.0,1.0,1.0
0,0,3,8,5,4,36,1.0,1.0,1.0
0,0,4,6,7,2,37,1.0,1.0,1.0
1,1,4,7,8,4,38,1.0,1.0,1.0
0,0,4,8,8,6,40,1.0,1.0,1.0
0,2,4,9,8,6,39,1.0,1.0,1.0
0,1,3,11,8,6,36,1.0,1.0,1.0
0,0,1,10,6,6,31,1.0,1.0,1.0
0,2,4,12,4,6,32,1.0,1.0,1.0
0,1,2,15,5,5,32,1.0,1.0,1.0
0,1,8,12,9,3,35,1.0,1.0,1.0
0,2,8,12,9,5,34,1.0,1.0,1.0
2,0,7,6,8,0,35,1.0,1.0,1.0
0,1,5,10,9,6,37,1.0,1.0,1.0
1,1,5,10,8,7,36,1.0,1.0,1.0
0,3,4,9,10,6,35,1.0,1.0,1.0
0,3,6,9,9,6,35,1.0,1.0,1.0
0,2,1,10,7,5,31,1.0,1.0,1.0
0,0,5,7,8,1,36,1.0,1.0,1.0
0,0,5,6,9,2,36,1.0,1.0,1.0
0,0,7,8,7,4,35,1.0,1.0,1.0
0,3,4,11,9,6,36,1.0,1.0,1.0
0,0,0,8,2,2,18,1.0,1.0,1.0
0,0,0,2,2,0,12,1.0,1.0,1.0
0,2,0,3,0,2,12,1.0,1.0,1.0
0,0,3,0,7,0,20,1.0,1.0,1.0
0,0,2,2,6,0,20,1.0,1.0,1.0
0,0,0,1,3,0,22,1.0,1.0,1.0
0,0,0,4,2,4,19,1.0,1.0,1.0
0,0,0,2,1,0,16,1.0,1.0,1.0
0,0,3,3,5,0,22,1.0,1.0,1.0
0,0,2,3,5,0,24,1.0,1.0,1.0
0,0,0,5,4,2,26,1.0,1.0,1.0
0,0,4,6,6,3,32,1.0,1.0,1.0
0,0,3,3,6,1,31,1.0,1.0,1.0
0,0,2,6,5,3,27,1.0,1.0,1.0
0,0,1,3,6,1,21,1.0,1.0,1.0
0,0,0,0,2,0,21,1.0,1.0,1.0
0,0,1,0,4,0,23,1.0,1.0,1.0
0,0,1,7,5,3,22,1.0,1.0,1.0
0,1,0,4,1,3,19,1.0,1.0,1.0
0,2,0,5,0,3,19,1.0,1.0,1.0
0,0,0,2,2,0,21,1.0,1.0,1.0
0,0,0,2,3,1,21,1.0,1.0,1.0
0,0,0,6,4,2,21,1.0,1.0,1.0
0,1,3,6,4,3,24,1.0,1.0,1.0
0,0,3,5,6,3,23,1.0,1.0,1.0
0,0,2,6,7,3,21,1.0,1.0,1.0
0,2,1,6,3,0,18,1.0,1.0,1.0
0,0,0,2,2,0,21,1.0,1.0,1.0
0,1,3,4,6,4,23,1.0,1.0,1.0
1,0,3,5,8,3,23,1.0,1.0,1.0
0,1,0,6,1,1,15,1.0,1.0,1.0
0,0,4,4,5,0,22,1.0,1.0,1.0
0,0,1,0,4,0,21,1.0,1.0,1.0
0,1,2,4,5,4,18,1.0,1.0,1.0
0,1,3,3,6,3,16,1.0,1.0,1.0
0,0,0,3,5,0,10,1.0,1.0,1.0
0,0,0,4,4,2,9,1.0,1.0,1.0
0,0,1,3,4,1,8,1.0,1.0,1.0
0,0,3,3,6,0,12,1.0,1.0,1.0
0,2,0,7,2,1,10,1.0,1.0,1.0
0,1,0,4,2,4,10,1.0,1.0,1.0
0,0,2,3,6,2,14,1.0,1.0,1.0
0,0,2,1,8,1,13,1.0,1.0,1.0
0,0,2,4,7,4,13,1.0,1.0,1.0
0,1,0,5,4,2,11,1.0,1.0,1.0
0,1,0,2,4,3,9,1.0,1.0,1.0
0,0,1,3,3,0,10,1.0,1.0,1.0
0,0,0,2,2,0,13,1.0,1.0,1.0
0,1,1,7,4,4,12,1.0,1.0,1.0
0,1,2,6,5,4,16,1.0,1.0,1.0
1,0,3,7,7,4,17,1.0,1.0,1.0
0,0,3,1,6,0,20,1.0,1.0,1.0
0,2,3,7,6,4,15,1.0,1.0,1.0
0,0,3,5,6,4,10,1.0,1.0,1.0
0,1,0,6,3,4,4,1.0,1.0,1.0
0,2,3,6,5,5,6,1.0,1.0,1.0
0,0,4,4,7,2,7,1.0,1.0,1.0
0,0,0,2,5,3,4,1.0,1.0,1.0
0,0,0,4,4,5,3,1.0,1.0,1.0
0,0,0,8,8,11,6,1.0,1.0,1.0
0,2,5,7,7,13,5,1.0,1.0,1.0
0,0,2,6,4,20,2,1.0,1.0,1.0
0,2,0,0,0,27,0,1.0,1.0,1.0
0,3,2,8,3,32,0,1.0,1.0,1.0
0,0,3,8,7,20,1,1.0,1.0,1.0
0,4,0,9,1,20,0,1.0,1.0,1.0
0,0,0,5,7,0,0,1.0,1.0,1.0
0,0,3,2,7,12,6,1.0,1.0,1.0
0,0,2,6,7,14,4,1.0,1.0,1.0
0,1,3,6,8,15,4,1.0,1.0,1.0
0,0,1,6,5,16,3,1.0,1.0,1.0
0,0,0,6,5,17,6,1.0,1.0,1.0
0,0,0,0,4,10,1,1.0,1.0,1.0
0,0,1,0,5,10,2,1.0,1.0,1.0
0,0,3,0,5,9,3,1.0,1.0,1.0
0,0,0,4,4,16,2,1.0,1.0,1.0
0,0,2,4,6,16,3,1.0,1.0,1.0
0,1,3,7,8,20,5,1.0,1.0,1.0
0,1,4,5,8,17,5,1.0,1.0,1.0
0,1,1,6,2,14,1,1.0,1.0,1.0
0,0,0,1,6,14,0,1.0,1.0,1.0
0,0,2,5,6,10,5,1.0,1.0,1.0
0,0,2,3,6,4,8,1.0,1.0,1.0
0,0,3,4,6,3,12,1.0,1.0,1.0
0,3,4,2,5,1,18,1.0,1.0,1.0
0,1,0,4,1,1,20,1.0,1.0,1.0
0,0,3,5,6,1,30,1.0,1.0,1.0
0,3,0,3,1,2,33,1.0,1.0,1.0
0,0,3,4,5,1,40,1.0,1.0,1.0
0,0,4,4,5,2,43,1.0,1.0,1.0
0,0,2,7,5,3,46,1.0,1.0,1.0
0,0,1,2,3,0,50,1.0,1.0,1.0
0,0,2,0,4,0,50,1.0,1.0,1.0
0,6,5,12,7,3,57,1.0,1.0,1.0
0,0,3,8,5,4,63,1.0,1.0,1.0
0,0,5,10,6,4,65,1.0,1.0,1.0
0,2,2,7,5,0,66,1.0,1.0,1.0
0,0,4,4,7,0,68,1.0,1.0,1.0
0,8,1,11,3,2,66,1.0,1.0,1.0
0,7,5,13,5,5,67,1.0,1.0,1.0
0,7,4,13,6,4,67,1.0,1.0,1.0
0,24,4,15,3,2,63,1.0,1.0,1.0
0,3,6,11,7,1,67,1.0,1.0,1.0
0,7,4,12,5,3,69,1.0,1.0,1.0
0,2,6,12,6,2,67,1.0,1.0,1.0
0,3,4,14,5,4,64,1.0,1.0,1.0
0,8,1,9,5,0,69,1.0,1.0,1.0
0,7,1,14,6,4,72,1.0,1.0,1.0
0,7,5,12,4,3,71,1.0,1.0,1.0
0,6,6,13,6,5,72,1.0,1.0,1.0
1,4,5,13,5,2,73,1.0,1.0,1.0
0,2,1,12,2,0,69,1.0,1.0,1.0
1,7,6,14,8,4,75,1.0,1.0,1.0
0,7,6,14,6,5,75,1.0,1.0,1.0
1,0,6,14,6,4,77,1.0,1.0,1.0
0,6,3,13,3,2,75,1.0,1.0,1.0
0,7,5,14,6,3,76,1.0,1.0,1.0
0,19,6,15,4,3,77,1.0,1.0,1.0
0,6,6,13,6,3,80,1.0,1.0,1.0
0,6,4,11,2,1,78,1.0,1.0,1.0
0,19,5,17,6,2,82,1.0,1.0,1.0
1,6,6,12,7,2,82,1.0,1.0,1.0
0,5,7,12,6,1,80,1.0,1.0,1.0
0,8,5,14,6,3,82,1.0,1.0,1.0
1,5,6,12,4,0,82,1.0,1.0,1.0
0,7,1,12,2,2,78,1.0,1.0,1.0
0,6,6,10,7,2,80,1.0,1.0,1.0
0,5,0,11,1,3,73,1.0,1.0,1.0
2,7,7,15,7,3,79,1.0,1.0,1.0
0,7,3,11,2,3,79,1.0,1.0,1.0
1,4,5,12,6,0,84,1.0,1.0,1.0
0,0,3,18,1,4,78,1.0,1.0,1.0
0,1,6,8,6,0,62,1.0,1.0,1.0
0,5,0,8,2,2,43,1.0,1.0,1.0
0,1,1,10,3,3,39,1.0,1.0,1.0
0,4,5,10,6,4,53,1.0,1.0,1.0
0,4,2,8,4,2,71,1.0,1.0,1.0
0,5,3,8,5,2,79,1.0,1.0,1.0
0,5,4,8,4,4,78,1.0,1.0,1.0
0,4,0,4,1,2,82,1.0,1.0,1.0
0,5,4,7,7,3,92,1.0,1.0,1.0
0,3,2,6,5,2,98,1.0,1.0,1.0
2,15,3,9,3,3,102,1.0,1.0,1.0
0,3,4,5,6,0,106,1.0,1.0,1.0
0,4,4,2,6,0,108,1.0,1.0,1.0
0,0,4,6,6,0,114,1.0,1.0,1.0
0,0,5,2,5,0,124,1.0,1.0,1.0
0,0,4,3,5,0,130,1.0,1.0,1.0
0,1,4,3,6,0,139,1.0,1.0,1.0
0,5,3,5,7,4,164,1.0,1.0,1.0
0,0,5,5,6,0,206,1.0,1.0,1.0
0,3,0,5,5,1,262,1.0,1.0,1.0
0,1,5,2,6,0,292,1.0,1.0,1.0
1,4,5,9,7,3,293,1.0,1.0,1.0
0,0,4,6,6,3,295,1.0,1.0,1.0
1,1,5,6,6,2,292,1.0,1.0,1.0
0,0,8,10,5,4,291,1.0,1.0,1.0
0,4,4,9,6,4,287,1.0,1.0,1.0
0,1,5,5,6,0,275,1.0,1.0,1.0
1,4,4,6,5,3,271,1.0,1.0,1.0
0,5,4,8,6,1,264,1.0,1.0,1.0
2,0,5,4,7,0,244,1.0,1.0,1.0
0,5,3,7,7,3,237,1.0,1.0,1.0
2,2,4,6,6,3,228,1.0,1.0,1.0
0,0,2,8,5,5,224,1.0,1.0,1.0
0,0,4,6,6,3,225,1.0,1.0,1.0
0,2,1,7,4,3,223,1.0,1.0,1.0
0,0,0,5,2,2,212,1.0,1.0,1.0
0,3,0,9,2,3,211,1.0,1.0,1.0
0,0,5,4,7,0,183,1.0,1.0,1.0
0,1,0,7,2,3,155,1.0,1.0,1.0
0,3,4,4,7,1,118,1.0,1.0,1.0
0,1,4,3,7,0,91,1.0,1.0,1.0
0,6,5,8,7,4,72,1.0,1.0,1.0
0,6,0,4,4,0,49,1.0,1.0,1.0
0,5,3,3,5,0,45,1.0,1.0,1.0
0,5,1,1,5,0,35,1.0,1.0,1.0
0,16,6,17,5,4,32,1.0,1.0,1.0
0,11,4,8,6,3,32,1.0,1.0,1.0
0,6,1,4,3,0,27,1.0,1.0,1.0
0,5,4,12,7,4,28,1.0,1.0,1.0
0,3,4,8,5,4,24,1.0,1.0,1.0
0,3,2,6,4,4,22,1.0,1.0,1.0
0,2,0,7,0,2,16,1.0,1.0,1.0
1,0,5,7,7,2,19,1.0,1.0,1.0
0,4,4,10,5,4,16,1.0,1.0,1.0
0,4,6,8,4,3,17,1.0,1.0,1.0
0,1,5,8,8,0,15,1.0,1.0,1.0
0,4,6,12,6,4,14,1.0,1.0,1.0
0,2,6,11,8,0,13,1.0,1.0,1.0
0,5,5,13,7,3,11,1.0,1.0,1.0
0,3,7,8,5,0,14,1.0,1.0,1.0
0,3,6,14,8,3,9,1.0,1.0,1.0
0,0,5,16,10,3,9,1.0,1.0,1.0
0,5,7,16,8,3,9,1.0,1.0,1.0
0,4,7,13,8,1,6,1.0,1.0,1.0
0,4,6,14,9,4,6,1.0,1.0,1.0
0,1,6,10,8,0,6,1.0,1.0,1.0
0,4,6,10,8,0,7,1.0,1.0,1.0
0,2,5,11,6,2,6,1.0,1.0,1.0
0,2,5,14,6,3,5,1.0,1.0,1.0
0,0,4,11,7,2,5,1.0,1.0,1.0
0,2,6,16,9,0,8,1.0,1.0,1.0
0,3,5,15,8,4,7,1.0,1.0,1.0
0,2,7,12,9,2,7,1.0,1.0,1.0
0,3,16,0,8,3,7,1.0,1.0,1.0
0,3,5,10,7,0,7,1.0,1.0,1.0
0,1,5,12,5,1,4,1.0,1.0,1.0
0,2,6,14,7,3,8,1.0,1.0,1.0
0,0,6,12,9,1,5,1.0,1.0,1.0
0,3,3,11,4,3,2,1.0,1.0,1.0
0,3,3,14,2,2,4,1.0,1.0,1.0
0,3,3,13,2,4,3,1.0,1.0,1.0
2,6,5,13,8,5,6,1.0,1.0,1.0
0,0,5,8,7,0,3,1.0,1.0,1.0
0,1,3,7,7,0,6,1.0,1.0,1.0
0,3,14,25,6,6,2,1.0,1.0,1.0
0,2,4,11,8,4,7,1.0,1.0,1.0
0,0,4,10,9,4,7,1.0,1.0,1.0
0,1,5,21,9,3,8,1.0,1.0,1.0
0,0,4,8,8,1,7,1.0,1.0,1.0
0,0,5,9,6,5,7,1.0,1.0,1.0
0,2,3,9,5,3,7,1.0,1.0,1.0
0,2,2,11,6,5,5,1.0,1.0,1.0
0,0,5,6,6,4,5,1.0,1.0,1.0
0,0,5,7,8,0,8,1.0,1.0,1.0
0,0,5,5,7,1,7,1.0,1.0,1.0
0,2,7,19,8,3,6,1.0,1.0,1.0
0,2,5,10,8,3,8,1.0,1.0,1.0
0,1,6,8,8,5,7,1.0,1.0,1.0
0,1,5,8,8,0,4,1.0,1.0,1.0
0,1,1,7,6,4,6,1.0,1.0,1.0
0,0,2,6,5,4,5,1.0,1.0,1.0
0,0,4,7,9,5,7,1.0,1.0,1.0
1,0,4,5,8,4,8,1.0,1.0,1.0
0,0,5,8,6,5,6,1.0,1.0,1.0
0,0,4,5,7,3,9,1.0,1.0,1.0
0,0,3,8,8,6,7,1.0,1.0,1.0
0,0,3,5,6,2,6,1.0,1.0,1.0
0,1,4,8,8,5,8,1.0,1.0,1.0
0,0,6,7,9,2,8,1.0,1.0,1.0
0,0,1,0,5,0,3,1.0,1.0,1.0
0,0,1,6,6,3,5,1.0,1.0,1.0
0,0,0,3,5,2,4,1.0,1.0,1.0
0,1,4,6,8,4,9,1.0,1.0,1.0
0,2,4,7,8,6,9,1.0,1.0,1.0
0,0,3,7,8,4,7,1.0,1.0,1.0
0,1,0,8,2,4,6,1.0,1.0,1.0
0,0,0,8,6,3,8,1.0,1.0,1.0
0,1,0,8,0,4,8,1.0,1.0,1.0
0,0,0,7,1,4,6,1.0,1.0,1.0
0,0,2,2,8,2,7,1.0,1.0,1.0
0,0,4,5,8,2,10,1.0,1.0,1.0
0,0,2,3,6,3,9,1.0,1.0,1.0
0,0,4,7,8,4,8,1.0,1.0,1.0
0,0,5,5,9,3,9,1.0,1.0,1.0
0,0,2,6,9,4,9,1.0,1.0,1.0
0,1,3,7,7,2,8,1.0,1.0,1.0
0,0,2,6,7,3,9,1.0,1.0,1.0
0,0,4,5,7,4,10,1.0,1.0,1.0
0,0,4,6,8,2,9,1.0,1.0,1.0
0,1,0,3,3,1,6,1.0,1.0,1.0
0,0,0,6,1,3,6,1.0,1.0,1.0
0,0,3,5,6,2,10,1.0,1.0,1.0
0,0,4,4,8,0,10,1.0,1.0,1.0
0,1,4,5,7,1,9,1.0,1.0,1.0
0,2,3,7,8,3,10,1.0,1.0,1.0
0,0,0,3,5,0,9,1.0,1.0,1.0
0,0,0,5,1,4,5,1.0,1.0,1.0
0,0,3,4,7,1,11,1.0,1.0,1.0
0,0,0,4,4,2,8,1.0,1.0,1.0
0,0,4,4,6,0,15,1.0,1.0,1.0
0,0,3,4,6,1,14,1.0,1.0,1.0
0,0,4,4,6,3,16,1.0,1.0,1.0
0,0,0,8,2,3,13,1.0,1.0,1.0
0,0,0,5,1,2,11,1.0,1.0,1.0
0,0,2,8,5,3,16,1.0,1.0,1.0
0,0,4,6,7,3,15,1.0,1.0,1.0
0,0,4,7,7,2,16,1.0,1.0,1.0
0,0,4,5,6,1,16,1.0,1.0,1.0
0,1,4,6,8,4,15,1.0,1.0,1.0
0,0,3,5,5,0,13,1.0,1.0,1.0
0,0,2,7,6,3,14,1.0,1.0,1.0
0,0,5,7,6,1,13,1.0,1.0,1.0
0,0,5,1,7,0,13,1.0,1.0,1.0
0,0,4,1,4,1,11,1.0,1.0,1.0
0,0,1,4,6,0,12,1.0,1.0,1.0
0,0,3,3,2,3,7,1.0,1.0,1.0
0,1,1,7,2,5,8,1.0,1.0,1.0
0,0,6,0,8,1,14,1.0,1.0,1.0
0,0,3,1,6,0,9,1.0,1.0,1.0
0,0,4,0,4,0,8,1.0,1.0,1.0
0,1,5,9,6,3,6,1.0,1.0,1.0
0,2,2,6,3,2,1,1.0,1.0,1.0
0,2,0,12,2,4,0,1.0,1.0,1.0
0,0,4,7,6,3,1,1.0,1.0,1.0
0,0,4,8,8,3,1,1.0,1.0,1.0
0,1,1,8,3,4,0,1.0,1.0,1.0
0,1,0,10,1,4,0,1.0,1.0,1.0
0,0,4,4,5,2,0,1.0,1.0,1.0
0,1,4,8,6,3,3,1.0,1.0,1.0
0,1,3,7,4,3,0,1.0,1.0,1.0
0,0,4,7,7,3,1,1.0,1.0,1.0
0,2,4,7,6,4,1,1.0,1.0,1.0
0,0,2,7,5,4,0,1.0,1.0,1.0
0,0,0,6,2,3,0,1.0,1.0,1.0
0,1,0,4,2,1,0,1.0,1.0,1.0
0,1,3,4,7,2,1,1.0,1.0,1.0
0,0,2,6,6,1,2,1.0,1.0,1.0
0,1,3,6,7,2,2,1.0,1.0,1.0
0,0,0,5,0,1,0,1.0,1.0,1.0
0,3,0,4,3,5,0,1.0,1.0,1.0
0,1,0,3,3,1,0,1.0,1.0,1.0
0,0,2,4,7,0,1,1.0,1.0,1.0
0,0,3,1,7,1,1,1.0,1.0,1.0
0,2,2,5,7,3,2,1.0,1.0,1.0
0,0,3,4,8,3,2,1.0,1.0,1.0
0,0,1,1,5,0,0,1.0,1.0,1.0
0,0,3,4,7,2,3,1.0,1.0,1.0
0,0,2,5,6,4,1,1.0,1.0,1.0
0,2,0,4,2,2,0,1.0,1.0,1.0
0,1,0,5,2,3,0,1.0,1.0,1.0
0,0,1,5,4,4,3,1.0,1.0,1.0
0,0,0,2,2,0,0,1.0,1.0,1.0
0,0,0,3,4,1,0,1.0,1.0,1.0
0,0,0,2,2,4,0,1.0,1.0,1.0
0,0,4,3,6,0,2,1.0,1.0,1.0
0,0,0,5,2,2,0,1.0,1.0,1.0
0,0,0,4,4,3,0,1.0,1.0,1.0
0,0,4,4,7,1,3,1.0,1.0,1.0
0,0,4,4,7,0,2,1.0,1.0,1.0
0,0,2,5,4,0,1,1.0,1.0,1.0
0,0,0,6,1,2,0,1.0,1.0,1.0
0,0,1,5,6,2,0,1.0,1.0,1.0
0,0,4,2,6,2,3,1.0,1.0,1.0
0,0,0,6,1,4,0,1.0,1.0,1.0
0,0,0,3,3,2,0,1.0,1.0,1.0
0,0,0,5,1,4,0,1.0,1.0,1.0
0,0,2,5,6,4,9,1.0,1.0,1.0
0,0,2,1,3,0,37,1.0,1.0,1.0
0,0,4,0,6,0,89,1.0,1.0,1.0
0,1,0,4,4,3,158,1.0,1.0,1.0
0,0,2,5,4,4,230,1.0,1.0,1.0
0,0,0,4,2,2,262,1.0,1.0,1.0
0,1,2,3,7,3,284,1.0,1.0,1.0
0,0,3,2,5,2,342,1.0,1.0,1.0
0,0,3,4,6,2,229,1.0,1.0,1.0
0,0,4,0,5,0,277,1.0,1.0,1.0
0,0,2,0,5,0,260,1.0,1.0,1.0
0,1,0,3,3,0,113,1.0,1.0,1.0
0,1,0,3,2,2,42,1.0,1.0,1.0
0,0,0,3,3,1,17,1.0,1.0,1.0
0,0,0,3,2,0,6,1.0,1.0,1.0
0,0,3,0,6,0,9,1.0,1.0,1.0
0,2,2,5,4,3,7,1.0,1.0,1.0
0,0,2,0,6,0,9,1.0,1.0,1.0
0,0,3,0,7,0,11,1.0,1.0,1.0
0,0,1,4,1,1,9,1.0,1.0,1.0
0,0,0,4,0,3,12,1.0,1.0,1.0
0,0,0,4,0,2,12,1.0,1.0,1.0
0,0,2,1,6,1,17,1.0,1.0,1.0
0,0,0,0,4,0,13,1.0,1.0,1.0
0,0,0,4,4,1,14,1.0,1.0,1.0
0,0,2,4,6,3,18,1.0,1.0,1.0
0,0,4,0,7,0,19,1.0,1.0,1.0
0,0,1,4,6,4,19,1.0,1.0,1.0
0,0,1,4,5,1,19,1.0,1.0,1.0
0,0,3,4,7,0,19,1.0,1.0,1.0
0,0,0,3,2,4,15,1.0,1.0,1.0
0,0,1,5,5,3,18,1.0,1.0,1.0
0,0,0,2,3,1,16,1.0,1.0,1.0
0,0,1,4,4,1,18,1.0,1.0,1.0
0,1,2,4,5,3,18,1.0,1.0,1.0
0,0,0,0,5,0,14,1.0,1.0,1.0
0,0,1,5,5,2,19,1.0,1.0,1.0
0,0,0,6,6,3,15,1.0,1.0,1.0
0,0,0,2,4,0,14,1.0,1.0,1.0
0,0,0,3,2,2,13,1.0,1.0,1.0
0,1,2,0,3,0,18,1.0,1.0,1.0
1,0,1,4,4,3,19,1.0,1.0,1.0
0,0,5,3,6,3,19,1.0,1.0,1.0
0,0,4,3,6,2,18,1.0,1.0,1.0
0,0,0,4,5,3,9,1.0,1.0,1.0
0,0,0,4,0,1,0,1.0,1.0,1.0
0,1,2,4,5,0,1,1.0,1.0,1.0
0,0,2,3,6,2,0,1.0,1.0,1.0
0,0,2,0,5,0,1,1.0,1.0,1.0
0,0,4,1,5,0,1,1.0,1.0,1.0
0,0,0,5,0,2,0,1.0,1.0,1.0
0,0,2,2,7,1,0,1.0,1.0,1.0
0,0,2,2,5,0,0,1.0,1.0,1.0
0,0,0,1,4,1,0,1.0,1.0,1.0
0,0,0,5,2,2,0,1.0,1.0,1.0
0,0,3,0,5,0,0,1.0,1.0,1.0
0,0,2,2,6,1,2,1.0,1.0,1.0
0,2,0,5,3,0,0,1.0,1.0,1.0
0,1,3,5,6,3,1,1.0,1.0,1.0
0,0,0,3,6,2,0,1.0,1.0,1.0
0,0,0,6,0,3,0,1.0,1.0,1.0
0,0,2,3,4,2,0,1.0,1.0,1.0
0,0,2,0,5,0,0,1.0,1.0,1.0
0,0,2,3,5,2,1,1.0,1.0,1.0
0,0,2,3,4,0,1,1.0,1.0,1.0
0,0,0,0,3,0,0,1.0,1.0,1.0
0,0,3,1,7,0,0,1.0,1.0,1.0
0,1,2,3,5,3,0,1.0,1.0,1.0
0,0,2,2,5,2,3,1.0,1.0,1.0
0,0,3,0,6,1,1,1.0,1.0,1.0
0,0,3,0,5,0,0,1.0,1.0,1.0
0,0,0,4,4,2,0,1.0,1.0,1.0
0,0,1,3,4,2,0,1.0,1.0,1.0
0,0,2,1,6,0,0,1.0,1.0,1.0
0,0,1,3,5,1,0,1.0,1.0,1.0
0,0,0,0,3,0,0,1.0,1.0,1.0
0,0,0,2,2,0,0,1.0,1.0,1.0
0,0,0,1,5,0,0,1.0,1.0,1.0
0,0,0,4,3,3,0,1.0,1.0,1.0
0,0,1,2,5,2,0,1.0,1.0,1.0
0,1,2,5,4,3,0,1.0,1.0,1.0
0,0,2,4,6,3,0,1.0,1.0,1.0
0,0,0,4,4,3,0,1.0,1.0,1.0
0,1,1,5,6,2,0,1.0,1.0,1.0
0,0,1,2,7,2,1,1.0,1.0,1.0
0,0,2,4,6,3,2,1.0,1.0,1.0
0,0,4,4,5,2,1,1.0,1.0,1.0
0,0,1,2,5,1,0,1.0,1.0,1.0
0,0,1,1,5,1,0,1.0,1.0,1.0
0,0,1,4,4,2,2,1.0,1.0,1.0
0,0,2,4,5,3,0,1.0,1.0,1.0
0,0,0,0,3,0,0,1.0,1.0,1.0
0,0,2,5,6,3,0,1.0,1.0,1.0
0,1,0,3,1,1,0,1.0,1.0,1.0
0,1,2,4,5,4,1,1.0,1.0,1.0
0,0,2,3,6,3,0,1.0,1.0,1.0
0,0,0,2,2,0,0,1.0,1.0,1.0
0,0,0,2,0,0,0,1.0,1.0,1.0
0,0,1,2,6,1,0,1.0,1.0,1.0
0,0,3,1,6,3,0,1.0,1.0,1.0
0,0,1,0,4,0,0,1.0,1.0,1.0
0,0,0,5,6,2,0,1.0,1.0,1.0
0,0,2,3,4,2,0,1.0,1.0,1.0
0,0,1,5,5,1,0,1.0,1.0,1.0
0,0,0,3,2,1,0,1.0,1.0,1.0
0,0,3,3,8,0,1,1.0,1.0,1.0
0,0,2,2,6,0,0,1.0,1.0,1.0
0,0,0,3,1,1,0,1.0,1.0,1.0
0,0,2,2,4,0,0,1.0,1.0,1.0
0,1,2,5,6,2,1,1.0,1.0,1.0
0,2,1,5,5,3,1,1.0,1.0,1.0
0,0,2,5,5,2,1,1.0,1.0,1.0
0,0,1,2,3,1,0,1.0,1.0,1.0
0,0,2,0,3,0,0,1.0,1.0,1.0
0,0,3,3,6,2,0,1.0,1.0,1.0
0,0,0,5,1,2,0,1.0,1.0,1.0
0,0,0,2,0,0,0,1.0,1.0,1.0
0,0,2,2,6,2,0,1.0,1.0,1.0
0,0,1,0,4,0,0,1.0,1.0,1.0
0,1,3,6,5,3,1,1.0,1.0,1.0
0,0,3,4,6,1,0,1.0,1.0,1.0
0,0,1,5,7,2,1,1.0,1.0,1.0
0,0,1,0,5,0,0,1.0,1.0,1.0
0,0,1,3,2,0,0,1.0,1.0,1.0
0,0,1,0,2,0,0,1.0,1.0,1.0
0,0,2,1,5,0,2,1.0,1.0,1.0
0,0,3,0,6,0,1,1.0,1.0,1.0
0,0,2,0,4,0,0,1.0,1.0,1.0
0,0,0,4,3,2,0,1.0,1.0,1.0
0,0,0,4,1,2,0,1.0,1.0,1.0
0,0,0,4,1,0,1,1.0,1.0,1.0
0,0,0,5,2,1,0,1.0,1.0,1.0
0,2,0,4,6,3,0,1.0,1.0,1.0
0,0,0,4,4,2,0,1.0,1.0,1.0
0,0,3,4,6,2,1,1.0,1.0,1.0
0,0,2,4,5,2,1,1.0,1.0,1.0
0,1,0,3,6,3,0,1.0,1.0,1.0
0,0,0,0,5,0,0,1.0,1.0,1.0
0,0,2,4,5,1,1,1.0,1.0,1.0
0,0,2,3,5,0,1,1.0,1.0,1.0
0,0,2,5,5,3,1,1.0,1.0,1.0
0,0,3,3,5,2,0,1.0,1.0,1.0
0,0,2,0,7,0,1,1.0,1.0,1.0
0,0,2,1,6,0,2,1.0,1.0,1.0
0,0,3,3,5,1,1,1.0,1.0,1.0
0,0,0,3,3,2,0,1.0,1.0,1.0
0,0,0,4,4,3,0,1.0,1.0,1.0
0,0,2,1,5,0,1,1.0,1.0,1.0
0,0,2,0,4,0,0,1.0,1.0,1.0
0,0,1,2,4,1,3,1.0,1.0,1.0
0,0,0,5,3,1,0,1.0,1.0,1.0
0,0,2,0,5,0,1,1.0,1.0,1.0
0,0,2,1,4,2,0,1.0,1.0,1.0
0,0,3,3,6,2,1,1.0,1.0,1.0
0,0,2,4,4,4,2,1.0,1.0,1.0
0,0,3,3,5,0,1,1.0,1.0,1.0
0,0,3,4,5,3,1,1.0,1.0,1.0
0,0,5,1,6,0,1,1.0,1.0,1.0
0,0,2,4,5,1,1,1.0,1.0,1.0
0,0,2,3,5,1,1,1.0,1.0,1.0
0,0,1,1,5,0,0,1.0,1.0,1.0
0,0,3,5,7,3,2,1.0,1.0,1.0
0,1,3,4,6,2,0,1.0,1.0,1.0
0,2,2,4,5,4,0,1.0,1.0,1.0
0,0,4,2,6,2,2,1.0,1.0,1.0
0,0,2,5,6,2,0,1.0,1.0,1.0
0,0,2,4,4,0,0,1.0,1.0,1.0
0,0,4,0,7,0,1,1.0,1.0,1.0
0,0,2,0,6,0,3,1.0,1.0,1.0
0,0,2,3,5,2,1,1.0,1.0,1.0
0,0,1,3,6,1,0,1.0,1.0,1.0
0,1,1,1,4,0,0,1.0,1.0,1.0
0,0,0,5,6,1,0,1.0,1.0,1.0
0,0,0,3,2,3,0,1.0,1.0,1.0
0,0,3,3,6,0,1,1.0,1.0,1.0
0,0,2,0,6,0,0,1.0,1.0,1.0
0,1,0,3,3,3,0,1.0,1.0,1.0
0,0,0,4,3,1,0,1.0,1.0,1.0
0,1,2,5,6,3,2,1.0,1.0,1.0
0,2,2,3,5,2,1,1.0,1.0,1.0
0,0,0,4,3,2,0,1.0,1.0,1.0
0,0,0,4,1,0,0,1.0,1.0,1.0
1,0,2,5,5,2,0,1.0,1.0,1.0
0,0,3,2,6,1,0,1.0,1.0,1.0
0,0,3,0,5,1,1,1.0,1.0,1.0
0,0,4,4,5,2,0,1.0,1.0,1.0
0,0,3,4,5,2,0,1.0,1.0,1.0
0,0,2,4,6,3,0,1.0,1.0,1.0
0,0,0,5,0,5,0,1.0,1.0,1.0
0,0,3,5,5,2,1,1.0,1.0,1.0
0,0,2,5,7,2,0,1.0,1.0,1.0
0,0,1,4,2,2,0,1.0,1.0,1.0
0,1,2,5,5,0,0,1.0,1.0,1.0
0,0,2,4,6,1,0,1.0,1.0,1.0
0,0,0,0,5,0,0,1.0,1.0,1.0
0,0,2,1,5,0,1,1.0,1.0,1.0
0,0,3,3,5,0,0,1.0,1.0,1.0
0,0,3,0,6,0,2,1.0,1.0,1.0
0,0,0,3,2,2,0,1.0,1.0,1.0
0,0,3,5,6,2,1,1.0,1.0,1.0
0,0,0,2,1,1,0,1.0,1.0,1.0
0,0,3,1,6,0,1,1.0,1.0,1.0
0,0,2,0,6,0,0,1.0,1.0,1.0
0,0,2,5,5,3,0,1.0,1.0,1.0
0,0,0,0,5,0,0,1.0,1.0,1.0
0,1,1,5,4,2,0,1.0,1.0,1.0
0,0,0,5,2,2,0,1.0,1.0,1.0
0,0,2,0,6,0,0,1.0,1.0,1.0
0,3,2,6,4,1,0,1.0,1.0,1.0
0,0,0,1,3,0,0,1.0,1.0,1.0
0,0,0,5,0,2,0,1.0,1.0,1.0
0,0,0,3,1,0,0,1.0,1.0,1.0
0,0,0,2,3,0,0,1.0,1.0,1.0
0,0,0,2,2,3,0,1.0,1.0,1.0
0,0,2,5,5,3,1,1.0,1.0,1.0
0,1,0,4,3,1,0,1.0,1.0,1.0
0,1,1,4,6,4,0,1.0,1.0,1.0
0,0,2,5,6,1,1,1.0,1.0,1.0
0,0,4,4,6,3,2,1.0,1.0,1.0
0,2,1,5,4,3,0,1.0,1.0,1.0
1,0,2,5,6,3,0,1.0,1.0,1.0
0,0,1,2,2,0,0,1.0,1.0,1.0
0,0,0,3,0,2,0,1.0,1.0,1.0
0,0,0,4,5,5,1,1.0,1.0,1.0
0,0,4,0,6,0,1,1.0,1.0,1.0
0,0,4,4,6,2,0,1.0,1.0,1.0
0,0,0,0,1,0,0,1.0,1.0,1.0
0,0,0,4,4,2,0,1.0,1.0,1.0
0,0,3,0,4,0,0,1.0,1.0,1.0
0,1,0,4,4,1,0,1.0,1.0,1.0
0,0,3,3,5,3,0,1.0,1.0,1.0
0,0,1,5,4,3,0,1.0,1.0,1.0
0,0,0,5,2,0,0,1.0,1.0,1.0
0,0,0,1,1,0,0,1.0,1.0,1.0
0,0,1,0,3,0,0,1.0,1.0,1.0
0,0,0,4,2,1,0,1.0,1.0,1.0
0,0,2,1,3,0,0,1.0,1.0,1.0
0,0,0,0,3,0,0,1.0,1.0,1.0
0,0,0,3,2,3,0,1.0,1.0,1.0
0,0,0,0,2,0,0,1.0,1.0,1.0
0,0,0,0,4,0,0,1.0,1.0,1.0
1,1,2,5,7,2,2,1.0,1.0,1.0
0,1,1,2,6,0,1,1.0,1.0,1.0
0,0,3,0,7,0,1,1.0,1.0,1.0
0,0,3,4,7,1,1,1.0,1.0,1.0
0,0,1,6,4,2,0,1.0,1.0,1.0
0,0,2,4,5,1,0,1.0,1.0,1.0
0,0,2,0,3,0,0,1.0,1.0,1.0
0,0,3,3,6,2,0,1.0,1.0,1.0
0,0,3,5,4,3,1,1.0,1.0,1.0
0,0,0,2,3,0,0,1.0,1.0,1.0
0,1,3,3,6,2,1,1.0,1.0,1.0
0,0,2,2,5,0,2,1.0,1.0,1.0
0,0,0,1,6,0,0,1.0,1.0,1.0
0,0,0,0,4,0,0,1.0,1.0,1.0
0,0,3,2,4,0,0,1.0,1.0,1.0
0,0,2,0,4,0,0,1.0,1.0,1.0
0,0,2,4,5,4,0,1.0,1.0,1.0
0,0,3,1,5,0,0,1.0,1.0,1.0
0,0,2,0,5,0,0,1.0,1.0,1.0
0,0,0,3,1,0,0,1.0,1.0,1.0
0,0,2,4,5,3,0,1.0,1.0,1.0
0,0,2,3,6,1,0,1.0,1.0,1.0
0,0,1,1,5,1,0,1.0,1.0,1.0
0,0,0,4,5,2,0,1.0,1.0,1.0
0,1,0,4,2,4,0,1.0,1.0,1.0
0,1,0,5,4,2,0,1.0,1.0,1.0
0,0,0,0,1,0,0,1.0,1.0,1.0
0,0,2,5,5,4,1,1.0,1.0,1.0
0,1,0,5,0,1,0,1.0,1.0,1.0
0,0,2,4,5,2,1,1.0,1.0,1.0
0,1,2,3,4,0,0,1.0,1.0,1.0
0,0,1,4,4,1,1,1.0,1.0,1.0
0,0,2,2,5,0,1,1.0,1.0,1.0
0,0,1,3,4,0,0,1.0,1.0,1.0
0,0,2,0,5,0,1,1.0,1.0,1.0
0,1,2,5,4,3,0,1.0,1.0,1.0
0,0,0,1,0,0,0,1.0,1.0,1.0
0,1,3,2,7,2,0,1.0,1.0,1.0
0,0,0,2,4,0,0,1.0,1.0,1.0
0,0,0,4,1,4,0,1.0,1.0,1.0
0,0,2,2,4,2,0,1.0,1.0,1.0
0,0,2,3,6,2,1,1.0,1.0,1.0
0,0,2,4,5,2,0,1.0,1.0,1.0
0,0,2,3,5,1,1,1.0,1.0,1.0
0,0,0,2,1,1,0,1.0,1.0,1.0
0,0,3,4,7,1,0,1.0,1.0,1.0
0,0,2,0,4,0,0,1.0,1.0,1.0
0,1,0,2,1,1,0,1.0,1.0,1.0
0,0,0,4,1,0,0,1.0,1.0,1.0
0,2,1,4,4,3,0,1.0,1.0,1.0
0,0,1,3,6,1,0,1.0,1.0,1.0
1,0,0,0,4,0,0,1.0,1.0,1.0
0,0,3,5,5,1,0,1.0,1.0,1.0
0,1,0,6,2,3,0,1.0,1.0,1.0
0,1,2,4,6,2,1,1.0,1.0,1.0
0,0,2,4,6,1,0,1.0,1.0,1.0
0,0,4,3,6,1,1,1.0,1.0,1.0
0,0,0,0,5,1,0,1.0,1.0,1.0
0,0,0,2,2,0,0,1.0,1.0,1.0
0,0,0,0,2,0,0,1.0,1.0,1.0
0,0,0,1,2,0,0,1.0,1.0,1.0
0,0,1,5,3,2,0,1.0,1.0,1.0
0,0,2,0,6,1,0,1.0,1.0,1.0
0,0,1,2,6,0,0,1.0,1.0,1.0
0,0,0,2,3,0,0,1.0,1.0,1.0
0,0,2,1,3,0,0,1.0,1.0,1.0
0,1,0,5,2,3,0,1.0,1.0,1.0
0,0,2,6,5,2,1,1.0,1.0,1.0
0,0,3,6,5,4,0,1.0,1.0,1.0
0,0,2,4,6,4,1,1.0,1.0,1.0
0,0,0,3,0,3,0,1.0,1.0,1.0
0,2,0,4,1,3,0,1.0,1.0,1.0
0,1,3,4,6,1,2,1.0,1.0,1.0
0,0,0,4,6,3,0,1.0,1.0,1.0
0,1,3,5,6,2,1,1.0,1.0,1.0
0,1,0,0,2,0,0,1.0,1.0,1.0
0,0,3,3,5,1,0,1.0,1.0,1.0
0,0,0,5,2,2,0,1.0,1.0,1.0
0,0,3,0,4,2,0,1.0,1.0,1.0
0,0,2,3,5,2,0,1.0,1.0,1.0
0,0,3,2,5,0,1,1.0,1.0,1.0
0,0,1,1,3,0,1,1.0,1.0,1.0
0,3,0,2,2,2,0,1.0,1.0,1.0
0,0,2,1,5,1,0,1.0,1.0,1.0
0,0,3,5,5,2,1,1.0,1.0,1.0
0,1,2,4,7,3,0,1.0,1.0,1.0
0,1,0,3,0,2,0,1.0,1.0,1.0
0,0,3,0,6,0,0,1.0,1.0,1.0
0,0,2,3,7,0,0,1.0,1.0,1.0
1,0,4,3,5,1,1,1.0,1.0,1.0
0,0,0,0,3,0,0,1.0,1.0,1.0
0,1,1,5,5,4,0,1.0,1.0,1.0
0,0,2,5,5,2,0,1.0,1.0,1.0
0,0,0,5,1,1,0,1.0,1.0,1.0
0,0,0,7,2,3,0,1.0,1.0,1.0
0,0,4,2,5,2,1,1.0,1.0,1.0
0,0,4,5,7,0,2,1.0,1.0,1.0
0,0,5,3,5,0,0,1.0,1.0,1.0
0,0,4,2,7,0,1,1.0,1.0,1.0
0,0,4,1,6,0,1,1.0,1.0,1.0
0,0,4,8,5,5,1,1.0,1.0,1.0
0,0,1,1,1,0,0,1.0,1.0,1.0
0,0,5,4,7,1,1,1.0,1.0,1.0
0,0,0,8,3,3,0,1.0,1.0,1.0
0,0,0,6,2,2,0,1.0,1.0,1.0
0,0,2,7,3,3,0,1.0,1.0,1.0
0,0,4,5,6,3,0,1.0,1.0,1.0
0,0,3,1,4,0,0,1.0,1.0,1.0
0,1,2,4,4,2,0,1.0,1.0,1.0
0,0,4,3,5,0,0,1.0,1.0,1.0
0,0,0,4,1,0,0,1.0,1.0,1.0
0,0,4,6,5,1,0,1.0,1.0,1.0
0,0,3,6,5,2,1,1.0,1.0,1.0
0,0,3,4,5,3,1,1.0,1.0,1.0
0,0,2,3,5,0,1,1.0,1.0,1.0
0,0,3,1,6,0,1,1.0,1.0,1.0
0,0,3,6,5,3,1,1.0,1.0,1.0
0,0,0,1,2,1,0,1.0,1.0,1.0
0,0,5,6,7,3,0,1.0,1.0,1.0
0,0,4,2,6,0,0,1.0,1.0,1.0
0,0,4,2,5,0,0,1.0,1.0,1.0
1,0,5,4,7,3,2,1.0,1.0,1.0
0,0,2,5,6,4,0,1.0,1.0,1.0
0,0,3,1,5,0,1,1.0,1.0,1.0
0,0,3,5,7,3,1,1.0,1.0,1.0
0,0,4,2,6,1,0,1.0,1.0,1.0
0,0,4,6,6,3,1,1.0,1.0,1.0
0,0,0,4,2,3,0,1.0,1.0,1.0
0,0,0,6,2,3,0,1.0,1.0,1.0
0,0,5,5,5,3,0,1.0,1.0,1.0
0,0,0,5,0,2,0,1.0,1.0,1.0
0,0,0,4,1,0,0,1.0,1.0,1.0
0,0,3,3,7,2,0,1.0,1.0,1.0
0,2,3,2,4,0,0,1.0,1.0,1.0
0,2,3,5,6,3,0,1.0,1.0,1.0
0,1,4,5,5,3,0,1.0,1.0,1.0
0,0,3,1,4,1,0,1.0,1.0,1.0
0,0,4,3,5,0,1,1.0,1.0,1.0
0,0,2,4,1,1,0,1.0,1.0,1.0
0,0,0,3,1,0,0,1.0,1.0,1.0
0,0,4,1,5,0,2,1.0,1.0,1.0
0,0,0,6,0,5,0,1.0,1.0,1.0
0,0,0,5,1,2,0,1.0,1.0,1.0
0,0,1,3,2,2,0,1.0,1.0,1.0
0,1,1,5,1,3,0,1.0,1.0,1.0
0,0,2,6,2,2,0,1.0,1.0,1.0
0,0,4,4,6,2,0,1.0,1.0,1.0
0,0,0,5,3,2,0,1.0,1.0,1.0
0,0,4,4,6,1,3,1.0,1.0,1.0
0,0,3,5,5,3,1,1.0,1.0,1.0
0,0,2,1,3,0,0,1.0,1.0,1.0
0,0,5,0,5,0,2,1.0,1.0,1.0
0,0,1,6,4,2,2,1.0,1.0,1.0
0,0,1,6,6,3,0,1.0,1.0,1.0
0,0,3,5,3,2,0,1.0,1.0,1.0
0,0,1,0,1,0,0,1.0,1.0,1.0
0,0,0,7,1,3,0,1.0,1.0,1.0
0,0,2,5,2,0,0,1.0,1.0,1.0
0,0,3,5,1,0,0,1.0,1.0,1.0
0,1,0,5,0,5,0,1.0,1.0,1.0
0,0,0,3,0,1,0,1.0,1.0,1.0
0,0,4,4,5,0,0,1.0,1.0,1.0
0,0,0,1,3,0,0,1.0,1.0,1.0
0,0,3,1,4,0,0,1.0,1.0,1.0
0,0,1,7,3,5,0,1.0,1.0,1.0
0,0,3,2,8,2,2,1.0,1.0,1.0
0,0,0,6,1,3,0,1.0,1.0,1.0
0,1,3,7,6,3,1,1.0,1.0,1.0
0,2,0,8,2,4,0,1.0,1.0,1.0
0,0,4,5,6,1,1,1.0,1.0,1.0
0,0,0,2,4,0,0,1.0,1.0,1.0
0,0,5,2,7,1,0,1.0,1.0,1.0
0,0,4,4,5,2,1,1.0,1.0,1.0
0,0,1,0,3,0,0,1.0,1.0,1.0
0,0,4,4,6,2,0,1.0,1.0,1.0
0,1,2,5,2,3,0,1.0,1.0,1.0
0,1,3,5,4,3,0,1.0,1.0,1.0
0,0,0,4,0,3,0,1.0,1.0,1.0
0,0,4,3,6,2,0,1.0,1.0,1.0
0,0,2,3,5,2,0,1.0,1.0,1.0
0,0,5,4,4,0,2,1.0,1.0,1.0
0,0,3,7,5,2,0,1.0,1.0,1.0
0,0,3,4,7,1,2,1.0,1.0,1.0
0,0,5,6,6,2,0,1.0,1.0,1.0
0,0,0,6,1,3,0,1.0,1.0,1.0
0,0,0,3,1,0,0,1.0,1.0,1.0
0,0,4,4,7,3,0,1.0,1.0,1.0
0,1,3,7,4,2,0,1.0,1.0,1.0
0,0,3,1,4,0,1,1.0,1.0,1.0
0,0,4,0,7,0,1,1.0,1.0,1.0
0,1,2,5,4,3,0,1.0,1.0,1.0
0,0,2,4,4,0,0,1.0,1.0,1.0
0,0,3,5,6,1,2,1.0,1.0,1.0
0,0,3,6,4,2,0,1.0,1.0,1.0
0,2,3,5,5,2,1,1.0,1.0,1.0
0,0,5,4,4,0,0,1.0,1.0,1.0
0,0,0,2,2,0,0,1.0,1.0,1.0
0,0,0,3,0,1,0,1.0,1.0,1.0
0,0,3,5,6,3,0,1.0,1.0,1.0
0,0,4,2,5,1,0,1.0,1.0,1.0
0,0,3,5,6,2,0,1.0,1.0,1.0
0,1,3,4,6,3,0,1.0,1.0,1.0
0,0,5,4,6,0,0,1.0,1.0,1.0
0,1,0,3,1,0,0,1.0,1.0,1.0
0,0,2,6,6,3,0,1.0,1.0,1.0
0,0,2,3,4,2,0,1.0,1.0,1.0
0,1,3,2,2,3,0,1.0,1.0,1.0
0,0,1,2,4,2,0,1.0,1.0,1.0
0,0,3,6,5,3,0,1.0,1.0,1.0
0,0,3,4,4,3,1,1.0,1.0,1.0
0,1,4,6,6,0,0,1.0,1.0,1.0
0,0,2,3,7,1,0,1.0,1.0,1.0
0,0,5,4,5,2,1,1.0,1.0,1.0
0,0,3,7,5,2,1,1.0,1.0,1.0
0,0,0,4,2,2,0,1.0,1.0,1.0
0,0,0,2,2,0,0,1.0,1.0,1.0
0,0,0,2,3,0,0,1.0,1.0,1.0
0,0,4,1,4,0,0,1.0,1.0,1.0
0,0,3,3,6,3,2,1.0,1.0,1.0
0,0,4,4,6,1,0,1.0,1.0,1.0
0,0,2,6,4,1,0,1.0,1.0,1.0
0,0,0,5,1,0,0,1.0,1.0,1.0
0,0,0,2,1,0,0,1.0,1.0,1.0
0,0,0,4,1,1,0,1.0,1.0,1.0
0,0,3,2,6,0,1,1.0,1.0,1.0
0,0,3,3,5,3,1,1.0,1.0,1.0
0,0,2,3,5,2,0,1.0,1.0,1.0
0,0,5,4,6,2,2,1.0,1.0,1.0
0,0,0,4,1,0,0,1.0,1.0,1.0
0,1,2,0,3,0,0,1.0,1.0,1.0
0,0,2,1,4,0,0,1.0,1.0,1.0
0,0,0,5,1,2,0,1.0,1.0,1.0
0,0,3,7,3,4,0,1.0,1.0,1.0
0,0,1,7,4,3,0,1.0,1.0,1.0
0,0,3,5,3,2,0,1.0,1.0,1.0
0,1,3,5,3,1,0,1.0,1.0,1.0
0,0,3,5,6,2,0,1.0,1.0,1.0
0,0,3,2,5,0,0,1.0,1.0,1.0
0,1,3,4,7,2,1,1.0,1.0,1.0
0,0,4,5,6,1,0,1.0,1.0,1.0
0,0,3,5,6,1,0,1.0,1.0,1.0
0,0,4,1,7,2,1,1.0,1.0,1.0
1,0,5,4,5,3,2,1.0,1.0,1.0
0,0,6,2,7,0,0,1.0,1.0,1.0
0,0,2,6,4,4,0,1.0,1.0,1.0
0,0,1,0,2,0,0,1.0,1.0,1.0
0,0,2,2,4,0,0,1.0,1.0,1.0
0,1,3,5,5,3,0,1.0,1.0,1.0
0,0,2,5,6,2,0,1.0,1.0,1.0
0,0,4,1,7,0,0,1.0,1.0,1.0
0,0,4,0,5,0,0,1.0,1.0,1.0
0,0,4,6,4,3,1,1.0,1.0,1.0
0,1,1,5,1,3,0,1.0,1.0,1.0
0,0,3,3,6,3,0,1.0,1.0,1.0
0,0,1,5,3,3,0,1.0,1.0,1.0
0,1,3,5,6,2,2,1.0,1.0,1.0
0,0,3,2,6,0,1,1.0,1.0,1.0
0,0,4,6,7,3,2,1.0,1.0,1.0
0,0,2,6,6,4,0,1.0,1.0,1.0
0,0,4,6,4,3,0,1.0,1.0,1.0
0,1,4,5,7,5,1,1.0,1.0,1.0
0,0,0,7,0,4,0,1.0,1.0,1.0
0,0,4,5,5,2,0,1.0,1.0,1.0
0,0,2,5,5,4,0,1.0,1.0,1.0
0,0,3,5,7,2,2,1.0,1.0,1.0
0,0,0,2,3,0,0,1.0,1.0,1.0
0,0,4,1,7,0,0,1.0,1.0,1.0
1,0,4,6,6,3,0,1.0,1.0,1.0
0,0,3,0,6,0,1,1.0,1.0,1.0
0,0,0,8,3,2,0,1.0,1.0,1.0
0,0,4,2,7,0,0,1.0,1.0,1.0
0,1,4,3,7,2,2,1.0,1.0,1.0
0,0,1,0,2,0,0,1.0,1.0,1.0
0,0,5,6,5,4,2,1.0,1.0,1.0
0,0,2,2,3,0,0,1.0,1.0,1.0
0,0,4,2,5,0,2,1.0,1.0,1.0
0,0,2,0,2,0,0,1.0,1.0,1.0
0,0,0,4,2,0,0,1.0,1.0,1.0
0,0,4,4,4,0,0,1.0,1.0,1.0
0,0,0,5,2,1,0,1.0,1.0,1.0
0,0,4,3,7,0,1,1.0,1.0,1.0
0,2,3,7,6,3,1,1.0,1.0,1.0
0,0,0,2,0,3,0,1.0,1.0,1.0
0,0,3,6,6,0,0,1.0,1.0,1.0
0,0,5,5,5,4,1,1.0,1.0,1.0
0,0,3,5,4,1,2,1.0,1.0,1.0
0,0,3,1,6,0,0,1.0,1.0,1.0
0,1,0,5,1,4,0,1.0,1.0,1.0
0,0,2,4,5,2,0,1.0,1.0,1.0
0,0,4,4,5,2,0,1.0,1.0,1.0
0,0,5,4,6,0,1,1.0,1.0,1.0
0,0,1,2,3,0,0,1.0,1.0,1.0
0,0,4,6,4,2,0,1.0,1.0,1.0
0,0,4,6,6,3,1,1.0,1.0,1.0
0,0,2,0,6,1,0,1.0,1.0,1.0
0,0,2,0,4,0,0,1.0,1.0,1.0
0,0,5,5,6,2,1,1.0,1.0,1.0
0,0,4,5,6,2,1,1.0,1.0,1.0
0,0,5,7,7,2,1,1.0,1.0,1.0
0,2,0,6,1,1,0,1.0,1.0,1.0
0,0,0,5,2,2,0,1.0,1.0,1.0
0,0,3,1,4,1,3,1.0,1.0,1.0
0,0,0,0,3,0,0,1.0,1.0,1.0
0,0,0,3,1,0,0,1.0,1.0,1.0
0,0,2,5,0,3,0,1.0,1.0,1.0
0,1,4,6,7,4,0,1.0,1.0,1.0
0,0,4,5,6,4,0,1.0,1.0,1.0
0,1,3,5,6,4,0,1.0,1.0,1.0
0,0,0,2,4,1,0,1.0,1.0,1.0
0,0,4,4,6,2,1,1.0,1.0,1.0
0,0,4,3,5,2,0,1.0,1.0,1.0
0,0,3,4,7,1,0,1.0,1.0,1.0
0,1,0,3,4,1,0,1.0,1.0,1.0
0,0,0,5,2,2,0,1.0,1.0,1.0
0,0,0,6,0,0,0,1.0,1.0,1.0
0,1,2,4,5,5,0,1.0,1.0,1.0
0,0,4,0,4,0,0,1.0,1.0,1.0
0,0,2,2,6,0,0,1.0,1.0,1.0
0,0,0,0,4,0,0,1.0,1.0,1.0
0,0,1,5,4,2,0,1.0,1.0,1.0
0,0,3,6,6,2,0,1.0,1.0,1.0
0,0,4,5,6,2,1,1.0,1.0,1.0
0,0,4,6,6,1,1,1.0,1.0,1.0
0,0,0,4,2,1,0,1.0,1.0,1.0
0,0,4,6,6,2,0,1.0,1.0,1.0
0,1,4,9,6,4,0,1.0,1.0,1.0
0,0,3,6,4,4,0,1.0,1.0,1.0
0,0,3,7,6,4,1,1.0,1.0,1.0
0,0,6,4,5,0,0,1.0,1.0,1.0
0,0,4,6,4,3,0,1.0,1.0,1.0
0,0,5,6,6,2,2,1.0,1.0,1.0
0,0,3,3,7,0,2,1.0,1.0,1.0
0,0,3,4,6,4,2,1.0,1.0,1.0
0,0,4,6,6,3,2,1.0,1.0,1.0
0,1,0,5,2,3,0,1.0,1.0,1.0
0,1,0,5,2,1,0,1.0,1.0,1.0
0,0,3,5,6,2,1,1.0,1.0,1.0
0,0,0,5,1,1,0,1.0,1.0,1.0
0,0,3,4,4,2,0,1.0,1.0,1.0
0,0,2,3,6,0,0,1.0,1.0,1.0
0,0,2,4,6,0,0,1.0,1.0,1.0
0,0,4,1,6,0,1,1.0,1.0,1.0
0,0,5,2,7,0,2,1.0,1.0,1.0
0,0,3,5,6,3,0,1.0,1.0,1.0
0,0,5,5,6,3,0,1.0,1.0,1.0
0,0,6,1,5,0,0,1.0,1.0,1.0
0,0,5,4,7,1,1,1.0,1.0,1.0
0,0,2,3,3,1,0,1.0,1.0,1.0
0,0,3,2,5,0,1,1.0,1.0,1.0
0,0,4,5,5,0,1,1.0,1.0,1.0
0,0,2,5,2,2,0,1.0,1.0,1.0
0,0,6,6,7,3,2,1.0,1.0,1.0
0,0,6,5,6,4,2,1.0,1.0,1.0
0,2,1,6,3,3,0,1.0,1.0,1.0
0,0,1,5,3,1,0,1.0,1.0,1.0
0,0,0,6,1,3,0,1.0,1.0,1.0
0,0,2,4,3,0,1,1.0,1.0,1.0
0,0,1,5,3,1,0,1.0,1.0,1.0
0,0,5,4,5,2,0,1.0,1.0,1.0
0,0,4,4,7,1,2,1.0,1.0,1.0
0,0,3,0,6,0,0,1.0,1.0,1.0
0,1,2,7,6,4,0,1.0,1.0,1.0
1,0,5,0,6,0,2,1.0,1.0,1.0
0,0,3,0,5,0,0,1.0,1.0,1.0
0,0,3,4,5,3,0,1.0,1.0,1.0
0,0,3,2,5,0,0,1.0,1.0,1.0
0,0,4,2,5,0,2,1.0,1.0,1.0
0,1,3,4,5,2,1,1.0,1.0,1.0
0,0,4,4,5,2,0,1.0,1.0,1.0
0,0,0,6,0,4,0,1.0,1.0,1.0
0,0,0,3,2,0,0,1.0,1.0,1.0
0,0,1,6,4,2,0,1.0,1.0,1.0
0,0,3,6,6,3,0,1.0,1.0,1.0
0,0,3,0,4,0,0,1.0,1.0,1.0
0,0,3,6,5,3,1,1.0,1.0,1.0
0,2,0,4,0,2,0,1.0,1.0,1.0
0,0,4,0,6,0,0,1.0,1.0,1.0
0,0,0,4,1,2,0,1.0,1.0,1.0
0,0,3,5,7,3,2,1.0,1.0,1.0
0,0,4,1,5,0,0,1.0,1.0,1.0
0,0,3,4,6,1,1,1.0,1.0,1.0
0,0,3,4,5,1,1,1.0,1.0,1.0
0,0,2,1,5,0,1,1.0,1.0,1.0
0,0,4,1,6,0,2,1.0,1.0,1.0
0,0,0,0,2,0,0,1.0,1.0,1.0
0,0,4,6,5,3,2,1.0,1.0,1.0
0,0,0,1,4,0,0,1.0,1.0,1.0
0,0,1,4,2,1,0,1.0,1.0,1.0
0,0,4,4,4,1,1,1.0,1.0,1.0
0,0,2,4,3,2,0,1.0,1.0,1.0
0,0,3,4,5,3,1,1.0,1.0,1.0
0,0,4,1,7,0,2,1.0,1.0,1.0
0,0,4,3,6,0,1,1.0,1.0,1.0
0,0,0,3,1,1,0,1.0,1.0,1.0
0,1,3,8,5,5,0,1.0,1.0,1.0
0,0,3,0,5,0,0,1.0,1.0,1.0
0,0,5,0,6,0,0,1.0,1.0,1.0
0,0,2,4,7,3,0,1.0,1.0,1.0
0,0,3,0,5,0,0,1.0,1.0,1.0
0,0,2,2,6,0,2,1.0,1.0,1.0
0,0,2,4,6,2,0,1.0,1.0,1.0
0,0,0,5,0,3,0,1.0,1.0,1.0
0,0,1,5,3,1,0,1.0,1.0,1.0
0,0,3,4,6,1,1,1.0,1.0,1.0
0,0,2,5,6,2,0,1.0,1.0,1.0
0,0,1,4,3,2,0,1.0,1.0,1.0
0,0,0,2,2,0,0,1.0,1.0,1.0
0,0,0,5,3,2,0,1.0,1.0,1.0
0,0,1,5,4,0,0,1.0,1.0,1.0
0,0,0,3,2,1,0,1.0,1.0,1.0
0,1,4,5,6,2,0,1.0,1.0,1.0
0,0,1,6,2,2,0,1.0,1.0,1.0
0,0,2,5,4,3,0,1.0,1.0,1.0
0,0,4,2,5,0,0,1.0,1.0,1.0
0,0,0,0,0,0,0,1.0,1.0,1.0
0,0,4,6,7,2,1,1.0,1.0,1.0
0,0,4,3,6,3,1,1.0,1.0,1.0
0,0,0,6,3,1,0,1.0,1.0,1.0
0,0,4,3,6,1,1,1.0,1.0,1.0
0,0,4,3,5,0,2,1.0,1.0,1.0
0,0,0,3,2,0,0,1.0,1.0,1.0
0,0,0,5,0,1,0,1.0,1.0,1.0
0,0,0,2,1,1,0,1.0,1.0,1.0
0,0,3,6,5,3,0,1.0,1.0,1.0
0,0,2,1,5,0,0,1.0,1.0,1.0
0,0,2,4,5,2,0,1.0,1.0,1.0
0,0,1,4,4,1,0,1.0,1.0,1.0
0,0,0,1,1,0,0,1.0,1.0,1.0
0,0,1,2,4,0,0,1.0,1.0,1.0
0,0,2,0,4,0,0,1.0,1.0,1.0
0,0,1,5,6,4,0,1.0,1.0,1.0
0,1,2,5,4,2,0,1.0,1.0,1.0
0,0,4,3,5,0,0,1.0,1.0,1.0
0,0,0,3,2,1,0,1.0,1.0,1.0
0,0,2,4,5,4,0,1.0,1.0,1.0
0,0,0,5,3,2,0,1.0,1.0,1.0
0,0,2,4,4,3,0,1.0,1.0,1.0
0,0,4,5,5,1,0,1.0,1.0,1.0
0,0,0,5,5,5,0,1.0,1.0,1.0
0,0,2,0,6,0,1,1.0,1.0,1.0
0,0,3,2,5,1,2,1.0,1.0,1.0
0,0,2,0,5,0,0,1.0,1.0,1.0
0,0,3,6,6,3,2,1.0,1.0,1.0
0,0,0,0,4,0,0,1.0,1.0,1.0
0,0,2,0,5,0,1,1.0,1.0,1.0
0,0,0,2,1,0,0,1.0,1.0,1.0
0,0,2,5,6,3,0,1.0,1.0,1.0
0,0,4,4,5,2,0,1.0,1.0,1.0
0,0,0,4,0,2,0,1.0,1.0,1.0
0,0,3,3,5,3,1,1.0,1.0,1.0
0,0,0,2,2,0,0,1.0,1.0,1.0
0,0,0,4,1,0,0,1.0,1.0,1.0
0,0,0,0,4,0,0,1.0,1.0,1.0
0,0,4,5,4,3,0,1.0,1.0,1.0
0,0,0,3,3,2,0,1.0,1.0,1.0
0,1,0,6,0,1,0,1.0,1.0,1.0
0,0,3,6,6,2,0,1.0,1.0,1.0
0,0,0,6,0,1,0,1.0,1.0,1.0
0,1,0,5,0,3,0,1.0,1.0,1.0
0,0,0,3,2,0,0,1.0,1.0,1.0
0,0,0,6,3,2,0,1.0,1.0,1.0
0,0,0,2,0,1,0,1.0,1.0,1.0
0,0,0,5,0,2,0,1.0,1.0,1.0
0,0,4,3,6,1,0,1.0,1.0,1.0
0,0,4,3,3,0,0,1.0,1.0,1.0
0,0,3,1,4,0,0,1.0,1.0,1.0
0,0,0,0,2,0,0,1.0,1.0,1.0
0,0,0,6,2,3,0,1.0,1.0,1.0
0,0,0,3,0,1,0,1.0,1.0,1.0
0,0,2,1,6,0,0,1.0,1.0,1.0
0,0,3,2,3,2,1,1.0,1.0,1.0
0,0,2,3,2,2,1,1.0,1.0,1.0
0,0,0,5,2,3,0,1.0,1.0,1.0
0,0,2,6,3,4,0,1.0,1.0,1.0
0,0,4,6,4,2,1,1.0,1.0,1.0
0,0,4,5,6,0,2,1.0,1.0,1.0
0,0,0,0,3,0,0,1.0,1.0,1.0
0,0,2,0,6,0,0,1.0,1.0,1.0
0,0,4,1,4,0,0,1.0,1.0,1.0
0,0,4,6,6,3,0,1.0,1.0,1.0
0,0,4,5,6,3,0,1.0,1.0,1.0
0,1,4,6,6,2,0,1.0,1.0,1.0
0,0,4,2,6,3,0,1.0,1.0,1.0
0,0,4,2,3,0,1,1.0,1.0,1.0
0,0,0,2,3,0,1,1.0,1.0,1.0
0,0,0,4,1,2,0,1.0,1.0,1.0
0,0,0,5,0,3,0,1.0,1.0,1.0
0,0,3,5,6,3,0,1.0,1.0,1.0
0,0,5,5,6,3,2,1.0,1.0,1.0
0,0,3,1,5,0,0,1.0,1.0,1.0
0,0,3,2,5,0,0,1.0,1.0,1.0
0,0,1,6,5,3,0,1.0,1.0,1.0
0,0,3,3,6,2,1,1.0,1.0,1.0
0,0,0,5,1,3,0,1.0,1.0,1.0
0,0,0,4,3,2,0,1.0,1.0,1.0
0,0,3,1,7,0,1,1.0,1.0,1.0
0,0,3,2,6,0,0,1.0,1.0,1.0
0,2,3,4,4,0,1,1.0,1.0,1.0
0,0,2,1,3,0,0,1.0,1.0,1.0
0,0,2,4,6,0,0,1.0,1.0,1.0
0,0,0,0,3,0,0,1.0,1.0,1.0
0,0,3,1,5,0,0,1.0,1.0,1.0
0,1,0,4,3,0,0,1.0,1.0,1.0
0,0,3,3,4,3,0,1.0,1.0,1.0
0,0,1,6,3,0,0,1.0,1.0,1.0
0,0,2,2,6,0,0,1.0,1.0,1.0
0,0,3,5,4,1,1,1.0,1.0,1.0
0,0,3,4,7,3,2,1.0,1.0,1.0
0,0,1,0,4,0,1,1.0,1.0,1.0
0,0,4,4,5,3,1,1.0,1.0,1.0
0,0,4,6,4,3,0,1.0,1.0,1.0
0,0,2,0,4,0,1,1.0,1.0,1.0
0,0,2,2,7,0,1,1.0,1.0,1.0
0,1,1,5,5,4,1,1.0,1.0,1.0
0,1,0,6,4,4,0,1.0,1.0,1.0
0,0,0,7,2,3,0,1.0,1.0,1.0
0,0,4,5,6,2,1,1.0,1.0,1.0
0,0,2,2,5,0,0,1.0,1.0,1.0
0,0,0,4,0,0,0,1.0,1.0,1.0
0,0,0,2,2,0,0,1.0,1.0,1.0
0,0,0,2,2,0,0,1.0,1.0,1.0
0,0,1,5,2,2,0,1.0,1.0,1.0
0,0,1,4,4,2,0,1.0,1.0,1.0
0,0,4,0,4,0,0,1.0,1.0,1.0
0,0,1,3,2,0,0,1.0,1.0,1.0
0,0,0,0,4,0,1,1.0,1.0,1.0
0,0,3,2,5,2,1,1.0,1.0,1.0
0,0,0,5,0,3,0,1.0,1.0,1.0
0,1,0,4,3,2,0,1.0,1.0,1.0
0,0,5,3,8,2,2,1.0,1.0,1.0
0,0,0,6,0,3,0,1.0,1.0,1.0
0,0,2,6,5,4,0,1.0,1.0,1.0
0,0,1,4,2,3,0,1.0,1.0,1.0
0,0,2,5,3,0,0,1.0,1.0,1.0
0,0,0,5,2,1,0,1.0,1.0,1.0
0,0,0,4,4,1,0,1.0,1.0,1.0
0,1,3,4,5,0,0,1.0,1.0,1.0
0,0,4,4,5,1,1,1.0,1.0,1.0
0,0,2,5,5,3,0,1.0,1.0,1.0
0,0,0,5,4,3,0,1.0,1.0,1.0
0,0,2,4,5,2,0,1.0,1.0,1.0
0,0,0,4,4,3,0,1.0,1.0,1.0
0,0,3,6,6,3,0,1.0,1.0,1.0
0,1,0,5,1,3,0,1.0,1.0,1.0
0,1,1,6,5,2,0,1.0,1.0,1.0
0,0,1,0,5,0,0,1.0,1.0,1.0
0,1,2,4,4,1,0,1.0,1.0,1.0
0,0,0,6,1,1,0,1.0,1.0,1.0
0,0,0,2,1,0,0,1.0,1.0,1.0
0,1,2,6,4,3,0,1.0,1.0,1.0
0,0,2,4,5,2,0,1.0,1.0,1.0
0,0,0,5,3,0,0,1.0,1.0,1.0
0,0,2,3,1,2,0,1.0,1.0,1.0
0,0,2,5,4,2,0,1.0,1.0,1.0
0,0,3,1,5,1,0,1.0,1.0,1.0
0,0,2,2,6,0,1,1.0,1.0,1.0
0,0,1,0,0,0,0,1.0,1.0,1.0
0,0,1,0,3,0,0,1.0,1.0,1.0
0,0,3,5,4,1,0,1.0,1.0,1.0
0,0,0,3,1,2,0,1.0,1.0,1.0
0,0,4,1,5,1,1,1.0,1.0,1.0
0,0,2,1,5,1,1,1.0,1.0,1.0
0,0,4,4,4,0,0,1.0,1.0,1.0
0,0,3,4,6,3,0,1.0,1.0,1.0
0,1,4,7,5,2,2,1.0,1.0,1.0
0,0,2,4,5,2,0,1.0,1.0,1.0
0,0,3,2,6,1,0,1.0,1.0,1.0
0,0,3,4,3,0,0,1.0,1.0,1.0
0,1,4,5,5,2,1,1.0,1.0,1.0
0,0,2,4,5,2,0,1.0,1.0,1.0
0,1,3,5,5,3,0,1.0,1.0,1.0
0,0,2,3,6,0,0,1.0,1.0,1.0
0,1,2,5,4,2,0,1.0,1.0,1.0
0,0,4,0,7,0,0,1.0,1.0,1.0
0,0,3,4,5,0,0,1.0,1.0,1.0
0,0,3,4,5,2,0,1.0,1.0,1.0
0,0,1,0,4,0,0,1.0,1.0,1.0
0,1,1,3,3,2,0,1.0,1.0,1.0
0,0,2,1,6,0,0,1.0,1.0,1.0
0,0,0,1,3,0,0,1.0,1.0,1.0
0,0,0,1,2,0,0,1.0,1.0,1.0
0,1,4,5,5,2,1,1.0,1.0,1.0
0,0,2,5,4,2,0,1.0,1.0,1.0
0,0,1,5,3,1,0,1.0,1.0,1.0
0,0,0,5,0,2,0,1.0,1.0,1.0
0,0,1,6,3,4,0,1.0,1.0,1.0
0,0,3,5,5,3,0,1.0,1.0,1.0
0,0,0,4,0,2,0,1.0,1.0,1.0
0,1,2,3,5,1,0,1.0,1.0,1.0
0,0,4,5,7,4,1,1.0,1.0,1.0
0,0,0,5,3,2,0,1.0,1.0,1.0
0,0,0,4,2,2,0,1.0,1.0,1.0
0,0,0,4,3,3,0,1.0,1.0,1.0
0,0,1,3,4,3,0,1.0,1.0,1.0
0,0,4,5,5,4,0,1.0,1.0,1.0
0,0,0,6,1,2,0,1.0,1.0,1.0
0,1,2,6,5,3,0,1.0,1.0,1.0
0,1,1,1,4,1,0,1.0,1.0,1.0
1,0,2,5,5,2,0,1.0,1.0,1.0
0,0,1,4,3,0,0,1.0,1.0,1.0
0,0,0,1,2,1,0,1.0,1.0,1.0
0,1,2,3,3,3,0,1.0,1.0,1.0
0,0,0,3,0,2,0,1.0,1.0,1.0
0,0,3,1,5,1,0,1.0,1.0,1.0
1,0,3,4,4,4,0,1.0,1.0,1.0
0,0,1,4,5,2,0,1.0,1.0,1.0
0,0,0,4,0,1,0,1.0,1.0,1.0
0,0,3,5,4,2,0,1.0,1.0,1.0
0,0,3,2,7,0,1,1.0,1.0,1.0
0,0,1,2,2,0,0,1.0,1.0,1.0
0,0,0,3,4,1,0,1.0,1.0,1.0
0,0,0,3,4,1,0,1.0,1.0,1.0
0,0,0,1,0,0,0,1.0,1.0,1.0
0,0,4,2,7,1,1,1.0,1.0,1.0
0,0,4,3,6,1,1,1.0,1.0,1.0
0,0,2,0,4,0,0,1.0,1.0,1.0
0,0,2,3,4,2,0,1.0,1.0,1.0
0,0,0,6,3,2,0,1.0,1.0,1.0
0,1,4,6,5,2,0,1.0,1.0,1.0
0,1,2,4,4,1,0,1.0,1.0,1.0
0,0,2,0,3,0,0,1.0,1.0,1.0
0,0,1,3,4,0,0,1.0,1.0,1.0
0,0,1,1,4,0,0,1.0,1.0,1.0
0,0,4,5,5,5,0,1.0,1.0,1.0
0,0,1,3,6,2,0,1.0,1.0,1.0
0,0,2,3,6,2,2,1.0,1.0,1.0
0,0,1,0,4,0,0,1.0,1.0,1.0
0,0,3,5,5,2,1,1.0,1.0,1.0
0,0,0,4,0,0,0,1.0,1.0,1.0
0,0,2,3,3,0,0,1.0,1.0,1.0
0,0,4,3,5,2,0,1.0,1.0,1.0
0,0,4,4,6,3,1,1.0,1.0,1.0
0,1,0,4,0,4,0,1.0,1.0,1.0
0,0,3,4,4,2,0,1.0,1.0,1.0
0,0,3,4,6,2,0,1.0,1.0,1.0
0,0,0,5,1,2,0,1.0,1.0,1.0
0,0,1,0,4,0,0,1.0,1.0,1.0
0,0,1,6,4,4,0,1.0,1.0,1.0
0,0,3,4,4,1,0,1.0,1.0,1.0
0,0,1,4,6,2,0,1.0,1.0,1.0
0,0,5,3,6,3,1,1.0,1.0,1.0
0,1,0,6,2,3,0,1.0,1.0,1.0
0,0,3,5,7,3,1,1.0,1.0,1.0
0,0,4,4,6,3,0,1.0,1.0,1.0
0,1,0,3,1,1,0,1.0,1.0,1.0
0,0,0,5,1,3,0,1.0,1.0,1.0
1,0,4,6,5,3,0,1.0,1.0,1.0
0,0,3,0,6,0,0,1.0,1.0,1.0
0,1,4,5,6,3,0,1.0,1.0,1.0
0,0,3,5,5,2,1,1.0,1.0,1.0
0,0,4,2,3,0,1,1.0,1.0,1.0
0,0,5,5,6,2,2,1.0,1.0,1.0
0,0,3,1,7,0,1,1.0,1.0,1.0
0,0,2,0,4,0,1,1.0,1.0,1.0
0,0,3,5,5,2,1,1.0,1.0,1.0
1,0,4,0,5,0,0,1.0,1.0,1.0
0,1,2,4,1,2,0,1.0,1.0,1.0
0,0,1,6,3,3,0,1.0,1.0,1.0
0,0,0,5,3,1,0,1.0,1.0,1.0
0,1,0,4,3,2,0,1.0,1.0,1.0
0,1,4,5,4,2,1,1.0,1.0,1.0
0,0,0,4,0,0,0,1.0,1.0,1.0
1,0,5,1,7,0,3,1.0,1.0,1.0
0,0,4,4,5,3,0,1.0,1.0,1.0
0,0,4,5,5,4,0,1.0,1.0,1.0
0,0,2,4,5,2,0,1.0,1.0,1.0
0,0,1,5,5,1,1,1.0,1.0,1.0
0,0,3,6,5,2,0,1.0,1.0,1.0
0,0,4,0,6,0,1,1.0,1.0,1.0
0,0,4,4,6,3,2,1.0,1.0,1.0
0,0,0,0,5,0,0,1.0,1.0,1.0
0,0,3,2,4,0,0,1.0,1.0,1.0
0,0,2,9,5,3,0,1.0,1.0,1.0
1,0,2,1,3,0,1,1.0,1.0,1.0
0,0,2,0,3,0,0,1.0,1.0,1.0
0,0,4,7,6,3,0,1.0,1.0,1.0
0,0,0,3,3,1,0,1.0,1.0,1.0
0,0,1,0,3,0,0,1.0,1.0,1.0
0,0,5,5,5,4,1,1.0,1.0,1.0
0,0,4,6,6,1,0,1.0,1.0,1.0
0,0,0,4,1,2,0,1.0,1.0,1.0
0,0,0,5,4,0,0,1.0,1.0,1.0
0,0,2,7,6,4,0,1.0,1.0,1.0
0,0,1,5,2,4,0,1.0,1.0,1.0
0,0,0,4,2,0,0,1.0,1.0,1.0
0,0,4,4,6,2,2,1.0,1.0,1.0
0,0,0,2,2,2,0,1.0,1.0,1.0
0,1,1,4,3,2,0,1.0,1.0,1.0
0,1,2,6,5,2,0,1.0,1.0,1.0
0,0,3,5,6,2,0,1.0,1.0,1.0
0,0,4,6,6,3,0,1.0,1.0,1.0
0,1,8,13,5,5,0,1.0,1.0,1.0
0,0,3,6,6,2,0,1.0,1.0,1.0
0,0,0,3,1,3,0,1.0,1.0,1.0
0,0,9,10,6,1,0,1.0,1.0,1.0
0,0,4,1,5,0,0,1.0,1.0,1.0
0,0,5,5,4,4,1,1.0,1.0,1.0
0,0,5,5,6,3,1,1.0,1.0,1.0
0,0,0,6,0,2,0,1.0,1.0,1.0
0,0,5,5,7,4,2,1.0,1.0,1.0
0,0,2,5,3,0,0,1.0,1.0,1.0
0,0,4,2,7,0,1,1.0,1.0,1.0
0,0,3,5,5,3,0,1.0,1.0,1.0
0,1,3,6,5,3,0,1.0,1.0,1.0
0,0,2,4,6,2,0,1.0,1.0,1.0
0,0,2,7,5,3,0,1.0,1.0,1.0
0,1,3,6,5,2,0,1.0,1.0,1.0
0,0,4,3,7,1,0,1.0,1.0,1.0
0,0,5,5,6,3,0,1.0,1.0,1.0
0,0,3,4,5,0,0,1.0,1.0,1.0
0,0,2,3,3,0,0,1.0,1.0,1.0
0,0,3,3,4,0,1,1.0,1.0,1.0
0,0,5,0,5,3,2,1.0,1.0,1.0
0,0,1,3,2,1,0,1.0,1.0,1.0
0,0,2,6,6,1,0,1.0,1.0,1.0
0,0,4,5,7,2,0,1.0,1.0,1.0
0,0,0,2,2,1,0,1.0,1.0,1.0
0,0,4,3,5,1,0,1.0,1.0,1.0
0,0,0,6,0,4,0,1.0,1.0,1.0
0,0,2,5,2,2,0,1.0,1.0,1.0
0,0,0,6,5,2,0,1.0,1.0,1.0
0,1,4,6,5,2,0,1.0,1.0,1.0
0,0,3,4,4,1,0,1.0,1.0,1.0
0,0,0,0,4,0,0,1.0,1.0,1.0
0,0,2,5,3,4,0,1.0,1.0,1.0
0,0,0,3,0,0,0,1.0,1.0,1.0
0,0,1,5,5,0,0,1.0,1.0,1.0
0,0,5,5,5,3,0,1.0,1.0,1.0
0,0,4,6,6,4,0,1.0,1.0,1.0
0,0,3,1,3,0,1,1.0,1.0,1.0
0,1,5,5,6,3,0,1.0,1.0,1.0
0,1,10,12,6,5,0,1.0,1.0,1.0
0,0,5,2,7,1,0,1.0,1.0,1.0
0,0,4,5,5,3,0,1.0,1.0,1.0
0,0,5,6,6,1,0,1.0,1.0,1.0
0,0,0,5,3,3,0,1.0,1.0,1.0
1,0,5,4,7,0,2,1.0,1.0,1.0
0,0,0,1,2,0,0,1.0,1.0,1.0
0,0,0,4,2,0,0,1.0,1.0,1.0
0,0,1,5,2,1,0,1.0,1.0,1.0
0,0,5,1,5,0,1,1.0,1.0,1.0
0,0,0,4,4,1,0,1.0,1.0,1.0
0,1,0,5,5,1,0,1.0,1.0,1.0
0,0,6,0,6,0,1,1.0,1.0,1.0
0,1,4,6,6,5,0,1.0,1.0,1.0
0,0,12,12,7,6,1,1.0,1.0,1.0
0,0,5,7,6,4,1,1.0,1.0,1.0
0,0,1,4,1,0,0,1.0,1.0,1.0
0,1,3,5,6,3,1,1.0,1.0,1.0
0,0,4,6,6,2,0,1.0,1.0,1.0
0,0,4,3,5,1,0,1.0,1.0,1.0
0,1,4,6,7,3,0,1.0,1.0,1.0
0,0,4,6,5,1,0,1.0,1.0,1.0
1,0,4,1,4,2,0,1.0,1.0,1.0
0,0,1,2,6,0,0,1.0,1.0,1.0
0,0,3,2,3,0,0,1.0,1.0,1.0
1,2,9,13,7,5,1,1.0,1.0,1.0
0,2,2,6,3,2,0,1.0,1.0,1.0
0,0,3,3,6,1,0,1.0,1.0,1.0
0,0,5,6,5,4,1,1.0,1.0,1.0
0,1,3,6,6,2,0,1.0,1.0,1.0
0,0,5,7,5,4,1,1.0,1.0,1.0
0,0,2,1,3,2,0,1.0,1.0,1.0
0,0,3,5,6,3,0,1.0,1.0,1.0
0,0,4,3,5,0,1,1.0,1.0,1.0
0,0,5,5,6,2,1,1.0,1.0,1.0
0,0,5,4,7,0,0,1.0,1.0,1.0
0,1,4,4,5,0,1,1.0,1.0,1.0
0,0,1,3,2,1,0,1.0,1.0,1.0
0,0,4,6,6,2,0,1.0,1.0,1.0
0,0,5,5,7,4,0,1.0,1.0,1.0
0,0,2,5,4,2,0,1.0,1.0,1.0
0,0,1,3,3,2,0,1.0,1.0,1.0
0,0,4,6,7,4,0,1.0,1.0,1.0
0,0,5,1,7,0,0,1.0,1.0,1.0
0,0,5,6,6,2,1,1.0,1.0,1.0
0,0,1,4,4,2,0,1.0,1.0,1.0
0,0,4,5,4,0,0,1.0,1.0,1.0
0,0,10,11,8,0,1,1.0,1.0,1.0
0,0,0,3,3,0,0,1.0,1.0,1.0
0,0,4,3,6,1,0,1.0,1.0,1.0
0,0,4,5,6,3,0,1.0,1.0,1.0
0,0,4,6,6,3,0,1.0,1.0,1.0
0,0,4,4,5,0,0,1.0,1.0,1.0
0,0,4,6,6,2,0,1.0,1.0,1.0
0,0,3,7,6,3,0,1.0,1.0,1.0
0,1,4,7,7,3,1,1.0,1.0,1.0
0,1,2,6,1,2,0,1.0,1.0,1.0
0,0,0,4,2,0,0,1.0,1.0,1.0
0,0,4,0,6,3,0,1.0,1.0,1.0
0,0,4,5,6,2,0,1.0,1.0,1.0
0,1,3,6,4,1,0,1.0,1.0,1.0
0,0,5,6,6,4,0,1.0,1.0,1.0
0,0,2,5,3,2,0,1.0,1.0,1.0
0,1,3,5,3,2,0,1.0,1.0,1.0
0,0,3,4,5,0,1,1.0,1.0,1.0
0,0,4,5,6,1,0,1.0,1.0,1.0
0,0,3,5,5,1,0,1.0,1.0,1.0
0,0,0,2,2,0,0,1.0,1.0,1.0
0,1,4,5,5,3,0,1.0,1.0,1.0
0,0,3,1,4,0,0,1.0,1.0,1.0
0,1,0,6,0,3,0,1.0,1.0,1.0
0,0,2,3,5,0,0,1.0,1.0,1.0
0,0,4,0,6,0,0,1.0,1.0,1.0
0,0,4,6,5,3,1,1.0,1.0,1.0
1,0,3,5,7,2,0,1.0,1.0,1.0
0,0,0,6,2,5,0,1.0,1.0,1.0
0,0,0,5,2,3,0,1.0,1.0,1.0
0,2,4,5,4,4,0,1.0,1.0,1.0
0,0,5,4,5,1,1,1.0,1.0,1.0
0,3,2,0,4,0,0,1.0,1.0,1.0
0,0,1,7,1,4,0,1.0,1.0,1.0
0,0,0,6,2,2,0,1.0,1.0,1.0
0,0,5,4,6,1,0,1.0,1.0,1.0
0,0,4,5,6,4,0,1.0,1.0,1.0
0,0,4,5,7,3,0,1.0,1.0,1.0
0,0,3,0,4,0,0,1.0,1.0,1.0
0,0,1,1,2,0,0,1.0,1.0,1.0
0,0,4,5,6,3,0,1.0,1.0,1.0
0,0,0,7,3,3,0,1.0,1.0,1.0
0,0,0,3,3,2,0,1.0,1.0,1.0
0,0,3,2,6,0,0,1.0,1.0,1.0
0,1,11,2,7,0,0,1.0,1.0,1.0
0,0,2,2,6,0,2,1.0,1.0,1.0
1,0,4,2,7,0,0,1.0,1.0,1.0
0,0,9,7,7,2,0,1.0,1.0,1.0
1,0,4,6,6,3,1,1.0,1.0,1.0
0,0,4,2,4,0,0,1.0,1.0,1.0
0,0,4,3,7,0,1,1.0,1.0,1.0
0,0,2,5,2,0,0,1.0,1.0,1.0
0,0,3,4,3,1,0,1.0,1.0,1.0
0,1,0,6,0,2,0,1.0,1.0,1.0
0,2,0,5,0,3,0,1.0,1.0,1.0
0,0,3,7,3,2,0,1.0,1.0,1.0
0,1,5,4,6,0,2,1.0,1.0,1.0
0,0,1,1,2,0,0,1.0,1.0,1.0
0,2,9,10,8,6,0,1.0,1.0,1.0
0,0,1,3,0,2,0,1.0,1.0,1.0
0,1,4,3,6,0,0,1.0,1.0,1.0
0,0,8,6,0,3,0,1.0,1.0,1.0
0,0,4,5,7,4,0,1.0,1.0,1.0
0,0,1,1,2,0,0,1.0,1.0,1.0
0,0,0,3,0,1,0,1.0,1.0,1.0
0,0,2,2,3,0,0,1.0,1.0,1.0
0,1,3,1,5,0,1,1.0,1.0,1.0
0,0,4,3,5,0,1,1.0,1.0,1.0
0,1,5,6,4,2,2,1.0,1.0,1.0
0,0,4,6,5,4,0,1.0,1.0,1.0
0,0,3,4,7,1,0,1.0,1.0,1.0
0,0,5,5,7,3,0,1.0,1.0,1.0
0,0,4,5,5,3,0,1.0,1.0,1.0
0,0,3,5,6,1,0,1.0,1.0,1.0
0,0,2,6,2,2,0,1.0,1.0,1.0
0,0,0,5,0,3,0,1.0,1.0,1.0
0,0,2,7,3,2,0,1.0,1.0,1.0
0,0,3,6,6,3,0,1.0,1.0,1.0
0,0,0,1,1,0,0,1.0,1.0,1.0
0,0,2,0,5,0,0,1.0,1.0,1.0
0,0,6,4,4,0,0,1.0,1.0,1.0
0,0,2,5,4,1,0,1.0,1.0,1.0
0,0,0,7,0,2,0,1.0,1.0,1.0
0,1,4,6,6,3,0,1.0,1.0,1.0
0,0,4,5,5,2,0,1.0,1.0,1.0
0,0,3,3,5,3,0,1.0,1.0,1.0
0,0,3,7,5,3,0,1.0,1.0,1.0
0,0,4,5,6,1,1,1.0,1.0,1.0
0,0,0,8,0,0,0,1.0,1.0,1.0
0,0,3,4,4,2,0,1.0,1.0,1.0
0,0,4,5,5,4,0,1.0,1.0,1.0
0,1,2,4,3,0,0,1.0,1.0,1.0
0,0,0,1,1,1,0,1.0,1.0,1.0
0,0,0,5,2,2,0,1.0,1.0,1.0
0,0,4,6,7,3,0,1.0,1.0,1.0
0,0,0,3,0,2,0,1.0,1.0,1.0
0,0,8,10,7,5,1,1.0,1.0,1.0
0,0,4,5,6,2,0,1.0,1.0,1.0
0,0,4,6,6,3,0,1.0,1.0,1.0
0,0,8,10,3,0,0,1.0,1.0,1.0
0,0,0,1,2,0,0,1.0,1.0,1.0
0,0,2,5,4,3,0,1.0,1.0,1.0
0,0,4,5,7,4,1,1.0,1.0,1.0
0,2,1,6,6,3,0,1.0,1.0,1.0
0,0,0,5,3,2,0,1.0,1.0,1.0
0,0,1,0,2,0,0,1.0,1.0,1.0
0,0,4,4,4,1,0,1.0,1.0,1.0
0,2,2,5,2,3,0,1.0,1.0,1.0
0,0,4,4,7,1,1,1.0,1.0,1.0
0,0,0,0,2,0,0,1.0,1.0,1.0
0,0,11,0,6,4,1,1.0,1.0,1.0
0,0,3,5,4,3,0,1.0,1.0,1.0
0,1,4,5,4,3,0,1.0,1.0,1.0
0,0,6,11,6,3,0,1.0,1.0,1.0
0,0,0,5,0,1,0,1.0,1.0,1.0
0,0,3,6,6,0,1,1.0,1.0,1.0
0,0,5,4,6,2,1,1.0,1.0,1.0
0,0,3,5,6,2,0,1.0,1.0,1.0
0,0,4,0,7,4,0,1.0,1.0,1.0
0,0,0,6,3,2,0,1.0,1.0,1.0
0,0,1,7,1,3,0,1.0,1.0,1.0
0,0,7,8,4,0,0,1.0,1.0,1.0
0,0,5,5,6,2,0,1.0,1.0,1.0
0,2,0,6,3,3,0,1.0,1.0,1.0
0,0,5,6,6,2,1,1.0,1.0,1.0
0,0,4,5,4,2,0,1.0,1.0,1.0
1,0,6,6,5,1,0,1.0,1.0,1.0
0,0,1,2,2,0,0,1.0,1.0,1.0
0,1,2,4,5,0,0,1.0,1.0,1.0
0,0,3,8,5,3,1,1.0,1.0,1.0
0,0,2,1,5,0,0,1.0,1.0,1.0
0,0,3,3,4,2,0,1.0,1.0,1.0
0,0,0,3,4,0,0,1.0,1.0,1.0
0,0,3,4,3,2,0,1.0,1.0,1.0
0,1,3,8,6,6,0,1.0,1.0,1.0
0,0,4,7,6,3,0,1.0,1.0,1.0
0,0,3,0,5,0,0,1.0,1.0,1.0
0,0,3,5,3,1,0,1.0,1.0,1.0
0,0,4,2,6,0,1,1.0,1.0,1.0
0,0,0,6,1,3,0,1.0,1.0,1.0
0,1,4,7,5,4,0,1.0,1.0,1.0
0,0,2,2,3,0,0,1.0,1.0,1.0
0,0,1,1,1,0,0,1.0,1.0,1.0
0,2,4,8,6,4,1,1.0,1.0,1.0
0,0,4,4,7,2,0,1.0,1.0,1.0
0,0,3,7,6,5,0,1.0,1.0,1.0
0,0,2,5,3,3,0,1.0,1.0,1.0
0,0,3,7,7,3,1,1.0,1.0,1.0
0,0,6,5,6,2,2,1.0,1.0,1.0
0,0,3,0,2,0,0,1.0,1.0,1.0
0,0,0,5,3,3,0,1.0,1.0,1.0
0,1,0,6,3,4,0,1.0,1.0,1.0
0,0,0,3,1,0,0,1.0,1.0,1.0
0,0,5,2,6,0,1,1.0,1.0,1.0
0,0,5,2,2,0,0,1.0,1.0,1.0
0,0,4,1,6,0,1,1.0,1.0,1.0
0,0,3,4,5,2,0,1.0,1.0,1.0
0,0,9,10,7,6,1,1.0,1.0,1.0
0,0,6,6,7,3,1,1.0,1.0,1.0
0,0,2,3,6,1,0,1.0,1.0,1.0
0,0,7,6,6,4,0,1.0,1.0,1.0
0,1,6,8,7,4,0,1.0,1.0,1.0
0,0,8,7,9,1,0,1.0,1.0,1.0
0,0,10,4,7,0,1,1.0,1.0,1.0
0,0,11,9,8,4,1,1.0,1.0,1.0
0,0,10,8,8,2,0,1.0,1.0,1.0
0,0,7,6,4,0,0,1.0,1.0,1.0
0,1,8,10,6,4,0,1.0,1.0,1.0
0,2,17,13,10,11,0,1.0,1.0,1.0
0,0,8,10,4,5,0,1.0,1.0,1.0
0,0,11,10,8,5,0,1.0,1.0,1.0
0,0,8,6,5,3,0,1.0,1.0,1.0
0,0,10,8,6,3,0,1.0,1.0,1.0
0,1,20,18,12,6,1,1.0,1.0,1.0
0,0,6,11,2,4,0,1.0,1.0,1.0
0,0,12,7,8,2,0,1.0,1.0,1.0
0,0,19,17,17,9,0,1.0,1.0,1.0
0,0,8,9,6,2,0,1.0,1.0,1.0
0,0,6,7,2,1,0,1.0,1.0,1.0
0,0,9,6,8,3,0,1.0,1.0,1.0
0,0,10,11,6,5,0,1.0,1.0,1.0
0,0,10,11,6,3,0,1.0,1.0,1.0
0,0,10,10,9,5,1,1.0,1.0,1.0
0,0,7,8,3,4,0,1.0,1.0,1.0
0,0,10,8,6,4,0,1.0,1.0,1.0
0,1,10,8,7,4,0,1.0,1.0,1.0
0,0,9,10,6,6,0,1.0,1.0,1.0
0,1,10,14,0,14,0,1.0,1.0,1.0
0,0,8,8,8,5,1,1.0,1.0,1.0
0,0,4,6,3,0,0,1.0,1.0,1.0
0,0,2,9,4,6,0,1.0,1.0,1.0
0,0,6,7,7,3,0,1.0,1.0,1.0
0,0,7,8,7,4,0,1.0,1.0,1.0
0,1,7,8,8,6,1,1.0,1.0,1.0
0,0,2,8,3,4,0,1.0,1.0,1.0
0,0,5,6,3,4,0,1.0,1.0,1.0
0,0,9,6,8,2,2,1.0,1.0,1.0
0,0,9,5,8,3,0,1.0,1.0,1.0
0,0,13,9,12,0,1,1.0,1.0,1.0
0,0,4,2,5,0,0,1.0,1.0,1.0
0,0,3,4,5,1,0,1.0,1.0,1.0
0,0,10,9,6,5,0,1.0,1.0,1.0
0,0,6,4,5,1,0,1.0,1.0,1.0
0,0,8,5,6,1,0,1.0,1.0,1.0
0,0,5,4,2,0,0,1.0,1.0,1.0
0,0,4,7,5,3,0,1.0,1.0,1.0
0,0,1,5,4,1,0,1.0,1.0,1.0
0,0,7,9,7,3,0,1.0,1.0,1.0
0,0,6,8,6,5,1,1.0,1.0,1.0
1,0,8,7,7,0,0,1.0,1.0,1.0
0,0,8,5,7,2,0,1.0,1.0,1.0
0,0,5,9,5,4,0,1.0,1.0,1.0
0,0,0,11,10,7,0,1.0,1.0,1.0
0,0,3,5,5,2,0,1.0,1.0,1.0
0,0,9,6,8,3,0,1.0,1.0,1.0
0,0,7,6,7,3,1,1.0,1.0,1.0
0,0,8,7,8,2,1,1.0,1.0,1.0
0,0,7,6,7,2,0,1.0,1.0,1.0
0,0,5,3,5,0,0,1.0,1.0,1.0
0,0,3,6,4,3,0,1.0,1.0,1.0
0,0,6,6,6,3,0,1.0,1.0,1.0
1,0,6,6,6,1,0,1.0,1.0,1.0
0,0,6,7,5,3,0,1.0,1.0,1.0
0,0,7,12,8,4,0,1.0,1.0,1.0
0,0,2,8,5,12,0,1.0,1.0,1.0
0,0,6,10,8,5,0,1.0,1.0,1.0
0,0,5,9,11,7,0,1.0,1.0,1.0
0,0,7,7,9,5,0,1.0,1.0,1.0
0,0,3,10,2,0,0,1.0,1.0,1.0
0,0,6,6,7,2,0,1.0,1.0,1.0
0,0,7,5,7,4,0,1.0,1.0,1.0
0,1,14,11,7,6,0,1.0,1.0,1.0
0,0,5,2,5,0,0,1.0,1.0,1.0
0,0,5,6,7,1,0,1.0,1.0,1.0
0,0,6,6,6,2,0,1.0,1.0,1.0
0,0,6,2,7,3,1,1.0,1.0,1.0
0,0,6,5,6,1,0,1.0,1.0,1.0
0,0,6,9,7,4,0,1.0,1.0,1.0
0,0,6,9,7,4,0,1.0,1.0,1.0
0,0,10,8,8,3,0,1.0,1.0,1.0
0,0,2,6,4,5,0,1.0,1.0,1.0
0,0,2,3,2,0,0,1.0,1.0,1.0
0,0,3,6,3,4,0,1.0,1.0,1.0
0,0,7,6,7,2,0,1.0,1.0,1.0
0,0,5,2,6,0,2,1.0,1.0,1.0
0,0,5,5,4,1,0,1.0,1.0,1.0
0,0,6,7,6,3,1,1.0,1.0,1.0
0,2,13,8,9,6,0,1.0,1.0,1.0
0,0,5,7,7,5,0,1.0,1.0,1.0
1,0,5,6,5,3,0,1.0,1.0,1.0
0,0,6,6,6,4,1,1.0,1.0,1.0
0,0,5,6,3,3,0,1.0,1.0,1.0
0,0,3,7,3,5,0,1.0,1.0,1.0
0,0,6,5,8,1,1,1.0,1.0,1.0
0,0,7,3,7,0,0,1.0,1.0,1.0
0,0,7,6,9,3,1,1.0,1.0,1.0
0,0,7,8,8,5,0,1.0,1.0,1.0
0,0,5,8,7,4,0,1.0,1.0,1.0
0,0,9,5,9,0,0,1.0,1.0,1.0
0,0,6,3,5,0,0,1.0,1.0,1.0
0,0,5,6,6,2,0,1.0,1.0,1.0
0,0,6,7,7,4,0,1.0,1.0,1.0
0,0,2,7,1,4,0,1.0,1.0,1.0
0,0,7,9,7,4,0,1.0,1.0,1.0
0,0,4,3,3,2,0,1.0,1.0,1.0
0,0,4,2,5,0,0,1.0,1.0,1.0
0,0,7,3,7,0,1,1.0,1.0,1.0
0,0,6,7,8,4,0,1.0,1.0,1.0
0,0,6,7,6,3,0,1.0,1.0,1.0
0,0,5,7,3,5,0,1.0,1.0,1.0
0,1,6,7,6,4,1,1.0,1.0,1.0
0,1,6,10,0,7,0,1.0,1.0,1.0
0,1,7,8,6,4,0,1.0,1.0,1.0
0,1,7,6,5,4,2,1.0,1.0,1.0
0,0,3,7,5,3,0,1.0,1.0,1.0
0,0,3,9,3,5,0,1.0,1.0,1.0
0,0,2,6,1,1,0,1.0,1.0,1.0
0,0,8,6,6,3,0,1.0,1.0,1.0
0,0,5,7,5,1,0,1.0,1.0,1.0
0,0,1,6,2,4,0,1.0,1.0,1.0
0,1,5,4,6,2,0,1.0,1.0,1.0
0,0,7,7,5,3,0,1.0,1.0,1.0
0,1,2,8,2,6,0,1.0,1.0,1.0
0,0,7,6,7,3,0,1.0,1.0,1.0
0,0,4,5,5,0,0,1.0,1.0,1.0
0,0,5,8,7,5,0,1.0,1.0,1.0
0,0,1,9,2,4,0,1.0,1.0,1.0
0,0,9,4,8,0,0,1.0,1.0,1.0
0,0,5,3,3,0,0,1.0,1.0,1.0
0,0,6,7,6,4,1,1.0,1.0,1.0
0,0,5,7,5,4,0,1.0,1.0,1.0
0,0,6,7,7,3,0,1.0,1.0,1.0
0,0,4,5,4,0,0,1.0,1.0,1.0
0,1,0,9,1,6,0,1.0,1.0,1.0
0,1,4,7,3,4,0,1.0,1.0,1.0
0,0,8,6,6,3,0,1.0,1.0,1.0
0,0,7,7,6,3,0,1.0,1.0,1.0
0,0,4,5,5,0,0,1.0,1.0,1.0
0,0,8,8,7,4,0,1.0,1.0,1.0
0,0,6,7,3,3,0,1.0,1.0,1.0
0,0,7,7,7,2,0,1.0,1.0,1.0
0,0,5,7,6,2,0,1.0,1.0,1.0
0,0,6,9,7,4,0,1.0,1.0,1.0
0,0,6,3,7,0,0,1.0,1.0,1.0
0,1,12,15,6,0,1,1.0,1.0,1.0
0,0,6,5,8,0,0,1.0,1.0,1.0
0,0,5,3,5,0,0,1.0,1.0,1.0
0,0,11,9,10,4,0,1.0,1.0,1.0
0,0,7,8,8,4,1,1.0,1.0,1.0
0,0,2,8,3,3,0,1.0,1.0,1.0
1,0,6,7,8,1,0,1.0,1.0,1.0
2,0,8,3,7,0,2,1.0,1.0,1.0
0,2,7,6,5,4,0,1.0,1.0,1.0
0,0,7,7,6,3,0,1.0,1.0,1.0
0,0,7,7,8,2,0,1.0,1.0,1.0
0,1,8,10,8,4,0,1.0,1.0,1.0
0,0,3,7,1,2,0,1.0,1.0,1.0
0,0,5,5,4,1,0,1.0,1.0,1.0
0,0,6,7,6,3,0,1.0,1.0,1.0
0,0,4,2,5,0,0,1.0,1.0,1.0
0,0,3,7,3,3,0,1.0,1.0,1.0
0,0,3,5,2,3,0,1.0,1.0,1.0
0,0,2,7,1,4,0,1.0,1.0,1.0
0,0,6,8,5,4,0,1.0,1.0,1.0
0,0,9,9,10,7,0,1.0,1.0,1.0
1,0,5,5,6,2,0,1.0,1.0,1.0
0,0,6,8,7,5,0,1.0,1.0,1.0
0,1,6,8,8,4,1,1.0,1.0,1.0
0,0,7,5,6,1,0,1.0,1.0,1.0
0,0,6,4,4,4,0,1.0,1.0,1.0
0,0,6,7,6,4,0,1.0,1.0,1.0
0,0,8,10,7,4,0,1.0,1.0,1.0
0,0,5,3,6,0,0,1.0,1.0,1.0
0,0,6,6,7,4,0,1.0,1.0,1.0
0,0,6,5,7,3,1,1.0,1.0,1.0
0,0,5,6,3,5,0,1.0,1.0,1.0
0,0,4,6,3,2,0,1.0,1.0,1.0
0,1,8,8,8,5,1,1.0,1.0,1.0
0,0,8,6,6,5,0,1.0,1.0,1.0
0,0,1,7,2,4,0,1.0,1.0,1.0
0,1,14,12,10,7,1,1.0,1.0,1.0
0,0,7,6,7,2,0,1.0,1.0,1.0
0,0,7,4,6,2,0,1.0,1.0,1.0
0,0,6,4,5,0,0,1.0,1.0,1.0
0,0,5,6,7,3,1,1.0,1.0,1.0
1,0,7,1,8,1,1,1.0,1.0,1.0
0,0,3,3,6,0,0,1.0,1.0,1.0
0,0,7,8,7,4,0,1.0,1.0,1.0
0,0,7,5,7,2,0,1.0,1.0,1.0
0,0,8,2,7,0,0,1.0,1.0,1.0
0,0,2,4,4,0,0,1.0,1.0,1.0
0,0,14,9,8,7,0,1.0,1.0,1.0
0,0,3,2,6,0,0,1.0,1.0,1.0
0,0,6,7,6,4,0,1.0,1.0,1.0
0,0,10,6,8,1,0,1.0,1.0,1.0
0,0,7,6,8,4,0,1.0,1.0,1.0
0,0,6,6,7,4,0,1.0,1.0,1.0
0,0,9,8,9,5,0,1.0,1.0,1.0
0,0,0,8,1,3,0,1.0,1.0,1.0
0,0,6,8,6,4,0,1.0,1.0,1.0
0,0,7,6,8,2,0,1.0,1.0,1.0
0,0,7,2,5,0,0,1.0,1.0,1.0
0,0,4,2,4,1,0,1.0,1.0,1.0
0,1,3,7,6,3,0,1.0,1.0,1.0
0,0,3,3,4,0,0,1.0,1.0,1.0
0,0,2,7,3,3,0,1.0,1.0,1.0
0,0,8,7,6,4,0,1.0,1.0,1.0
0,0,7,6,6,3,0,1.0,1.0,1.0
0,0,3,8,3,2,0,1.0,1.0,1.0
0,0,8,5,7,4,1,1.0,1.0,1.0
0,0,4,6,3,3,0,1.0,1.0,1.0
0,0,2,7,3,5,0,1.0,1.0,1.0
0,0,7,7,6,2,0,1.0,1.0,1.0
0,0,7,7,8,3,2,1.0,1.0,1.0
0,1,7,7,8,5,0,1.0,1.0,1.0
0,0,1,5,1,2,0,1.0,1.0,1.0
0,0,3,7,2,4,0,1.0,1.0,1.0
0,0,7,5,8,0,0,1.0,1.0,1.0
0,0,4,4,5,0,0,1.0,1.0,1.0
0,0,7,8,7,6,0,1.0,1.0,1.0
0,0,3,4,5,4,0,1.0,1.0,1.0
0,0,7,3,6,2,0,1.0,1.0,1.0
0,0,6,6,6,4,0,1.0,1.0,1.0
0,0,7,2,5,0,0,1.0,1.0,1.0
0,0,10,13,11,3,0,1.0,1.0,1.0
0,1,4,6,4,5,0,1.0,1.0,1.0
0,1,1,8,3,5,0,1.0,1.0,1.0
0,0,7,13,9,5,0,1.0,1.0,1.0
0,0,5,6,6,3,0,1.0,1.0,1.0
0,0,8,7,6,4,0,1.0,1.0,1.0
0,1,6,5,7,1,0,1.0,1.0,1.0
0,0,6,6,7,3,0,1.0,1.0,1.0
0,0,0,6,2,5,0,1.0,1.0,1.0
0,0,6,8,5,5,0,1.0,1.0,1.0
0,0,8,7,8,5,0,1.0,1.0,1.0
0,0,8,5,8,3,2,1.0,1.0,1.0
0,1,6,7,8,4,0,1.0,1.0,1.0
0,0,3,4,4,3,0,1.0,1.0,1.0
0,0,9,4,10,1,0,1.0,1.0,1.0
0,0,4,7,5,4,0,1.0,1.0,1.0
0,0,4,6,1,5,0,1.0,1.0,1.0
0,0,4,4,8,2,0,1.0,1.0,1.0
0,1,7,5,7,0,0,1.0,1.0,1.0
0,0,6,6,7,2,0,1.0,1.0,1.0
0,0,6,8,6,3,0,1.0,1.0,1.0
0,0,6,4,5,5,0,1.0,1.0,1.0
0,0,8,5,9,1,1,1.0,1.0,1.0
0,0,7,7,8,4,1,1.0,1.0,1.0
0,0,6,8,7,5,0,1.0,1.0,1.0
0,0,13,14,0,6,0,1.0,1.0,1.0
0,2,0,7,0,4,0,1.0,1.0,1.0
0,0,8,6,8,1,1,1.0,1.0,1.0
0,0,9,12,8,2,0,1.0,1.0,1.0
2,0,8,4,7,3,1,1.0,1.0,1.0
0,0,7,4,6,1,0,1.0,1.0,1.0
0,0,5,4,5,2,0,1.0,1.0,1.0
0,0,4,7,4,5,0,1.0,1.0,1.0
0,0,9,8,7,3,0,1.0,1.0,1.0
0,0,6,11,5,3,0,1.0,1.0,1.0
0,0,7,10,7,4,0,1.0,1.0,1.0
0,0,2,9,3,2,0,1.0,1.0,1.0
0,0,4,9,2,3,0,1.0,1.0,1.0
0,0,6,7,6,2,0,1.0,1.0,1.0
0,0,8,5,6,0,0,1.0,1.0,1.0
0,0,5,6,5,0,0,1.0,1.0,1.0
0,0,4,6,6,2,0,1.0,1.0,1.0
0,0,0,6,0,4,0,1.0,1.0,1.0
0,0,1,4,3,1,0,1.0,1.0,1.0
0,1,3,5,6,2,1,1.0,1.0,1.0
0,1,0,0,4,0,0,1.0,1.0,1.0
0,0,3,5,6,3,0,1.0,1.0,1.0
0,0,2,2,5,1,2,1.0,1.0,1.0
0,0,2,2,6,0,0,1.0,1.0,1.0
0,0,1,6,6,3,0,1.0,1.0,1.0
0,1,0,5,5,2,0,1.0,1.0,1.0
0,0,0,3,3,3,0,1.0,1.0,1.0
0,1,0,4,4,3,0,1.0,1.0,1.0
0,0,3,3,7,1,2,1.0,1.0,1.0
0,0,0,2,5,2,0,1.0,1.0,1.0
1,0,3,3,7,3,1,1.0,1.0,1.0
0,0,2,0,6,0,2,1.0,1.0,1.0
0,0,0,4,2,0,0,1.0,1.0,1.0
0,0,1,1,6,0,2,1.0,1.0,1.0
0,0,2,2,7,0,0,1.0,1.0,1.0
2,3,3,6,7,2,1,1.0,1.0,1.0
0,0,2,5,5,2,2,1.0,1.0,1.0
0,0,3,2,7,0,1,1.0,1.0,1.0
0,0,1,5,5,3,2,1.0,1.0,1.0
0,0,0,1,5,0,0,1.0,1.0,1.0
0,2,3,2,6,3,0,1.0,1.0,1.0
0,0,1,4,5,2,1,1.0,1.0,1.0
0,1,2,5,6,3,1,1.0,1.0,1.0
0,0,1,4,5,2,0,1.0,1.0,1.0
0,0,2,0,7,0,0,1.0,1.0,1.0
0,0,2,1,5,0,0,1.0,1.0,1.0
0,0,3,0,4,0,2,1.0,1.0,1.0
0,0,0,6,2,5,0,1.0,1.0,1.0
0,2,0,2,2,4,0,1.0,1.0,1.0
0,6,0,3,1,3,0,1.0,1.0,1.0
0,1,0,3,5,5,0,1.0,1.0,1.0
0,0,1,2,7,5,0,1.0,1.0,1.0
0,1,2,4,7,5,0,1.0,1.0,1.0
0,2,1,2,5,5,2,1.0,1.0,1.0
0,0,2,0,6,0,2,1.0,1.0,1.0
0,2,0,0,5,1,0,1.0,1.0,1.0
0,0,0,0,3,1,0,1.0,1.0,1.0
0,0,3,1,8,2,2,1.0,1.0,1.0
2,0,3,1,8,2,2,1.0,1.0,1.0
0,0,2,4,6,7,0,1.0,1.0,1.0
0,0,0,4,4,4,0,1.0,1.0,1.0
0,0,1,4,7,2,0,1.0,1.0,1.0
0,0,2,5,5,3,0,1.0,1.0,1.0
0,0,2,4,6,6,0,1.0,1.0,1.0
0,1,0,6,4,5,0,1.0,1.0,1.0
0,0,0,2,2,0,0,1.0,1.0,1.0
2,0,2,0,7,2,1,1.0,1.0,1.0
0,0,0,0,2,0,0,1.0,1.0,1.0
0,2,0,3,4,4,0,1.0,1.0,1.0
1,1,0,2,6,4,1,1.0,1.0,1.0
0,0,0,3,7,1,0,1.0,1.0,1.0
0,0,3,5,6,3,1,1.0,1.0,1.0
0,0,0,2,3,5,0,1.0,1.0,1.0
0,0,1,4,4,6,0,1.0,1.0,1.0
0,3,2,4,7,6,3,1.0,1.0,1.0
0,0,3,4,6,4,1,1.0,1.0,1.0
1,0,2,4,6,6,0,1.0,1.0,1.0
0,0,3,2,6,3,1,1.0,1.0,1.0
0,1,0,5,1,6,0,1.0,1.0,1.0
0,5,1,5,4,6,1,1.0,1.0,1.0
0,3,0,5,2,6,0,1.0,1.0,1.0
0,0,2,3,5,7,0,1.0,1.0,1.0
0,0,1,0,6,2,0,1.0,1.0,1.0
0,0,4,4,7,6,0,1.0,1.0,1.0
0,1,3,0,6,2,2,1.0,1.0,1.0
0,0,1,5,5,5,0,1.0,1.0,1.0
0,0,0,2,2,3,0,1.0,1.0,1.0
0,0,0,0,6,0,0,1.0,1.0,1.0
0,2,3,5,7,6,0,1.0,1.0,1.0
0,0,0,4,0,3,0,1.0,1.0,1.0
1,0,2,1,5,3,1,1.0,1.0,1.0
0,0,2,2,7,6,1,1.0,1.0,1.0
0,1,3,5,6,6,2,1.0,1.0,1.0
0,0,0,6,7,7,0,1.0,1.0,1.0
0,0,0,3,3,6,0,1.0,1.0,1.0
0,0,3,5,7,5,1,1.0,1.0,1.0
2,1,4,6,8,8,1,1.0,1.0,1.0
0,0,2,4,7,4,1,1.0,1.0,1.0
0,0,1,4,5,3,0,1.0,1.0,1.0
0,0,1,3,5,3,0,1.0,1.0,1.0
0,0,0,0,2,2,0,1.0,1.0,1.0
0,2,2,4,6,6,0,1.0,1.0,1.0
0,0,0,0,3,0,1,1.0,1.0,1.0
0,1,3,5,7,6,0,1.0,1.0,1.0
0,0,0,4,1,5,0,1.0,1.0,1.0
0,0,3,5,6,3,1,1.0,1.0,1.0
0,1,2,3,6,4,0,1.0,1.0,1.0
0,0,3,4,7,4,1,1.0,1.0,1.0
0,0,2,3,4,2,0,1.0,1.0,1.0
0,0,3,3,8,2,1,1.0,1.0,1.0
0,1,2,4,5,5,2,1.0,1.0,1.0
0,0,0,0,1,2,0,1.0,1.0,1.0
0,0,3,1,6,1,1,1.0,1.0,1.0
0,0,4,5,6,5,1,1.0,1.0,1.0
0,0,1,3,5,5,0,1.0,1.0,1.0
0,0,0,3,3,6,0,1.0,1.0,1.0
0,0,0,4,2,6,0,1.0,1.0,1.0
0,2,1,4,5,5,2,1.0,1.0,1.0
0,0,0,5,2,5,0,1.0,1.0,1.0
0,0,1,5,7,5,0,1.0,1.0,1.0
0,0,1,5,6,6,0,1.0,1.0,1.0
0,1,0,3,4,6,0,1.0,1.0,1.0
0,2,2,4,6,5,0,1.0,1.0,1.0
0,2,0,5,6,5,0,1.0,1.0,1.0
0,0,2,2,8,4,0,1.0,1.0,1.0
0,0,2,0,7,0,0,1.0,1.0,1.0
0,0,1,4,6,6,0,1.0,1.0,1.0
0,0,2,4,7,6,1,1.0,1.0,1.0
0,0,3,3,6,4,0,1.0,1.0,1.0
2,0,0,4,6,5,1,1.0,1.0,1.0
0,0,2,4,6,3,0,1.0,1.0,1.0
1,0,2,0,7,0,1,1.0,1.0,1.0
0,0,2,5,7,6,2,1.0,1.0,1.0
0,0,0,0,5,1,0,1.0,1.0,1.0
0,0,0,6,7,7,0,1.0,1.0,1.0
1,0,3,0,6,0,3,1.0,1.0,1.0
0,0,0,1,5,1,0,1.0,1.0,1.0
0,0,1,2,6,1,1,1.0,1.0,1.0
0,2,4,4,7,5,2,1.0,1.0,1.0
0,0,4,1,6,0,3,1.0,1.0,1.0
0,3,0,0,5,0,0,1.0,1.0,1.0
0,4,0,0,3,2,0,1.0,1.0,1.0
0,5,2,5,4,5,1,1.0,1.0,1.0
0,1,3,6,7,5,0,1.0,1.0,1.0
0,2,0,4,4,5,0,1.0,1.0,1.0
0,2,2,6,6,5,2,1.0,1.0,1.0
0,3,3,8,6,5,0,1.0,1.0,1.0
0,3,3,7,7,5,1,1.0,1.0,1.0
0,2,3,7,7,5,1,1.0,1.0,1.0
1,2,4,9,7,5,0,1.0,1.0,1.0
0,1,3,9,6,6,2,1.0,1.0,1.0
1,4,4,5,6,1,2,1.0,1.0,1.0
0,2,3,10,8,6,0,1.0,1.0,1.0
1,0,4,8,8,3,1,1.0,1.0,1.0
0,1,3,6,6,1,1,1.0,1.0,1.0
0,0,5,9,7,4,1,1.0,1.0,1.0
0,4,5,8,8,5,1,1.0,1.0,1.0
0,2,1,6,3,1,0,1.0,1.0,1.0
0,4,2,9,6,1,0,1.0,1.0,1.0
0,9,2,13,5,0,0,1.0,1.0,1.0
0,2,3,10,8,4,2,1.0,1.0,1.0
0,2,0,7,2,6,0,1.0,1.0,1.0
0,2,5,6,7,4,2,1.0,1.0,1.0
0,0,3,8,3,0,0,1.0,1.0,1.0
0,0,4,8,9,2,1,1.0,1.0,1.0
0,1,1,9,4,3,0,1.0,1.0,1.0
0,3,3,11,7,3,0,1.0,1.0,1.0
0,0,2,8,7,2,1,1.0,1.0,1.0
0,4,5,10,7,6,2,1.0,1.0,1.0
0,3,3,7,6,4,0,1.0,1.0,1.0
0,4,7,11,4,5,0,1.0,1.0,1.0
0,0,0,7,3,5,0,1.0,1.0,1.0
0,0,0,6,4,4,0,1.0,1.0,1.0
0,2,4,12,8,4,1,1.0,1.0,1.0
0,0,1,5,6,2,0,1.0,1.0,1.0
0,2,4,6,6,5,0,1.0,1.0,1.0
0,3,0,7,5,4,0,1.0,1.0,1.0
0,0,3,8,6,3,0,1.0,1.0,1.0
0,0,2,14,8,0,0,1.0,1.0,1.0
0,1,3,8,6,4,0,1.0,1.0,1.0
0,1,1,6,1,4,0,1.0,1.0,1.0
0,0,8,8,8,4,0,1.0,1.0,1.0
0,0,3,7,6,5,0,1.0,1.0,1.0
0,2,0,7,2,4,0,1.0,1.0,1.0
2,0,5,0,9,3,2,1.0,1.0,1.0
0,1,2,8,7,4,0,1.0,1.0,1.0
0,1,2,11,6,6,1,1.0,1.0,1.0
0,2,5,8,7,5,0,1.0,1.0,1.0
0,0,3,5,7,2,0,1.0,1.0,1.0
1,0,2,6,6,1,0,1.0,1.0,1.0
0,1,3,10,8,5,1,1.0,1.0,1.0
1,2,3,11,7,5,2,1.0,1.0,1.0
0,5,0,11,1,7,0,1.0,1.0,1.0
0,0,1,10,3,6,0,1.0,1.0,1.0
0,2,5,9,7,3,0,1.0,1.0,1.0
0,7,7,11,6,1,0,1.0,1.0,1.0
0,3,1,7,3,3,0,1.0,1.0,1.0
0,0,0,9,6,4,0,1.0,1.0,1.0
0,2,3,9,5,5,0,1.0,1.0,1.0
0,2,4,9,6,5,0,1.0,1.0,1.0
0,1,4,7,4,2,0,1.0,1.0,1.0
0,0,5,5,4,0,1,1.0,1.0,1.0
0,2,2,9,4,4,0,1.0,1.0,1.0
2,1,5,7,8,4,0,1.0,1.0,1.0
0,0,4,4,7,2,1,1.0,1.0,1.0
0,2,3,11,6,5,0,1.0,1.0,1.0
0,0,3,6,5,3,0,1.0,1.0,1.0
1,3,5,10,7,5,2,1.0,1.0,1.0
0,3,5,9,4,5,0,1.0,1.0,1.0
0,0,0,6,1,3,0,1.0,1.0,1.0
1,4,4,9,5,5,1,1.0,1.0,1.0
0,4,7,0,6,4,0,1.0,1.0,1.0
0,0,4,10,6,3,0,1.0,1.0,1.0
0,2,2,10,5,5,0,1.0,1.0,1.0
0,0,4,10,6,4,2,1.0,1.0,1.0
0,0,3,10,7,5,2,1.0,1.0,1.0
0,4,0,9,6,5,0,1.0,1.0,1.0
0,0,0,4,2,1,0,1.0,1.0,1.0
0,0,2,3,4,0,0,1.0,1.0,1.0
0,2,3,9,6,6,2,1.0,1.0,1.0
0,3,1,5,7,1,0,1.0,1.0,1.0
0,3,3,8,7,5,1,1.0,1.0,1.0
0,0,3,10,7,4,0,1.0,1.0,1.0
2,2,2,8,7,4,1,1.0,1.0,1.0
0,2,4,10,7,4,3,1.0,1.0,1.0
0,2,4,9,8,4,2,1.0,1.0,1.0
0,0,0,11,3,3,0,1.0,1.0,1.0
0,7,3,12,2,4,0,1.0,1.0,1.0
2,1,3,9,7,4,1,1.0,1.0,1.0
0,0,5,4,7,0,1,1.0,1.0,1.0
0,1,0,8,3,4,0,1.0,1.0,1.0
1,1,4,6,8,1,0,1.0,1.0,1.0
2,0,4,8,8,2,1,1.0,1.0,1.0
0,4,0,6,3,5,0,1.0,1.0,1.0
0,0,3,5,8,5,1,1.0,1.0,1.0
1,0,2,5,8,4,2,1.0,1.0,1.0
0,0,4,2,8,0,3,1.0,1.0,1.0
0,4,0,5,3,4,0,1.0,1.0,1.0
0,2,3,6,8,5,2,1.0,1.0,1.0
0,0,1,4,7,1,1,1.0,1.0,1.0
0,1,3,2,6,3,2,1.0,1.0,1.0
0,0,4,1,8,0,1,1.0,1.0,1.0
0,0,1,0,6,0,0,1.0,1.0,1.0
0,0,2,4,8,4,1,1.0,1.0,1.0
0,0,2,2,6,2,2,1.0,1.0,1.0
0,0,2,3,7,0,2,1.0,1.0,1.0
0,0,2,1,8,1,1,1.0,1.0,1.0
0,0,3,2,8,0,1,1.0,1.0,1.0
0,0,3,0,9,0,2,1.0,1.0,1.0
0,1,3,5,6,5,0,1.0,1.0,1.0
0,2,2,4,5,3,0,1.0,1.0,1.0
0,1,1,3,8,5,0,1.0,1.0,1.0
0,0,3,3,7,1,0,1.0,1.0,1.0
1,0,3,3,5,3,1,1.0,1.0,1.0
2,0,2,3,9,4,3,1.0,1.0,1.0
4,1,0,6,5,4,0,1.0,1.0,1.0
8,2,3,5,8,3,2,1.0,1.0,1.0
6,0,3,3,6,4,1,1.0,1.0,1.0
5,4,3,3,7,3,0,1.0,1.0,1.0
1,0,2,0,5,0,0,1.0,1.0,1.0
6,3,4,6,8,5,1,1.0,1.0,1.0
6,2,2,5,8,5,2,1.0,1.0,1.0
2,2,0,6,2,5,0,1.0,1.0,1.0
0,0,0,3,2,3,0,1.0,1.0,1.0
1,0,0,1,6,4,0,1.0,1.0,1.0
4,0,0,0,4,0,0,1.0,1.0,1.0
5,0,4,1,8,0,2,1.0,1.0,1.0
4,4,2,0,5,0,2,1.0,1.0,1.0
5,4,0,5,3,4,0,1.0,1.0,1.0
0,3,0,5,2,2,0,1.0,1.0,1.0
4,0,3,3,8,0,1,1.0,1.0,1.0
0,2,0,2,2,2,0,1.0,1.0,1.0
0,0,0,2,4,0,0,1.0,1.0,1.0
6,2,2,4,7,3,0,1.0,1.0,1.0
5,2,3,2,7,3,2,1.0,1.0,1.0
4,0,4,0,7,0,2,1.0,1.0,1.0
0,3,0,4,5,4,0,1.0,1.0,1.0
0,3,0,0,4,1,0,1.0,1.0,1.0
1,2,3,5,6,5,1,1.0,1.0,1.0
1,3,0,1,5,1,0,1.0,1.0,1.0
5,0,2,0,6,0,0,1.0,1.0,1.0
5,1,3,4,8,2,1,1.0,1.0,1.0
1,3,2,4,7,5,0,1.0,1.0,1.0
0,2,0,3,1,4,0,1.0,1.0,1.0
1,0,3,0,7,2,0,1.0,1.0,1.0
0,0,0,3,4,5,0,1.0,1.0,1.0
3,0,1,4,8,4,1,1.0,1.0,1.0
2,0,4,2,8,1,2,1.0,1.0,1.0
2,0,3,0,8,1,1,1.0,1.0,1.0
0,4,0,6,7,5,0,1.0,1.0,1.0
0,2,0,2,6,3,0,1.0,1.0,1.0
0,1,0,4,2,3,0,1.0,1.0,1.0
0,0,2,1,5,4,0,1.0,1.0,1.0
0,0,2,1,7,0,1,1.0,1.0,1.0
0,0,2,2,6,0,1,1.0,1.0,1.0
0,0,4,1,9,2,1,1.0,1.0,1.0
1,0,2,0,7,0,1,1.0,1.0,1.0
0,1,1,4,9,5,1,1.0,1.0,1.0
0,0,2,3,7,4,2,1.0,1.0,1.0
0,1,4,5,7,3,1,1.0,1.0,1.0
0,0,1,5,7,4,1,1.0,1.0,1.0
1,1,4,2,7,2,3,1.0,1.0,1.0
0,0,0,2,2,4,0,1.0,1.0,1.0
0,1,0,5,5,3,0,1.0,1.0,1.0
0,0,4,1,8,3,4,1.0,1.0,1.0
0,0,1,3,6,3,2,1.0,1.0,1.0
0,0,1,5,8,6,1,1.0,1.0,1.0
0,0,2,4,8,5,0,1.0,1.0,1.0
0,0,2,0,4,0,1,1.0,1.0,1.0
0,0,1,4,6,4,0,1.0,1.0,1.0
0,0,0,4,2,2,0,1.0,1.0,1.0
0,0,1,2,5,3,0,1.0,1.0,1.0
0,0,2,3,8,4,1,1.0,1.0,1.0
0,0,2,3,7,4,0,1.0,1.0,1.0
0,1,2,3,6,5,1,1.0,1.0,1.0
0,1,3,3,7,3,1,1.0,1.0,1.0
1,1,2,4,5,4,0,1.0,1.0,1.0
0,1,1,2,6,4,0,1.0,1.0,1.0
0,0,0,0,4,0,0,1.0,1.0,1.0
0,0,0,0,3,1,0,1.0,1.0,1.0
0,0,0,3,3,5,0,1.0,1.0,1.0
1,0,3,0,6,2,2,1.0,1.0,1.0
0,0,2,4,8,5,0,1.0,1.0,1.0
0,2,3,5,6,5,2,1.0,1.0,1.0
0,0,1,3,6,3,2,1.0,1.0,1.0
0,0,1,2,8,0,1,1.0,1.0,1.0
0,3,0,6,3,5,0,1.0,1.0,1.0
0,1,0,4,2,3,0,1.0,1.0,1.0
0,0,0,4,2,3,0,1.0,1.0,1.0
0,0,3,4,7,4,1,1.0,1.0,1.0
0,0,3,2,8,1,3,1.0,1.0,1.0
1,0,3,3,5,1,1,1.0,1.0,1.0
0,1,1,2,8,5,1,1.0,1.0,1.0
0,0,2,2,8,1,1,1.0,1.0,1.0
0,0,2,3,6,3,1,1.0,1.0,1.0
1,0,3,3,7,0,3,1.0,1.0,1.0
4,1,2,3,8,4,2,1.0,1.0,1.0
15,0,1,1,4,0,0,1.0,1.0,1.0
91,0,3,4,6,2,1,1.0,1.0,1.0
258,14,7,7,9,5,1,1.0,1.0,1.0
304,38,8,11,5,4,0,1.0,1.0,1.0
304,91,18,12,4,5,0,1.0,1.0,1.0
164,159,88,7,7,1,1,1.0,1.0,1.0
132,209,115,7,6,1,0,1.0,1.0,1.0
90,324,134,12,6,4,0,1.0,1.0,1.0
78,335,142,14,8,6,2,1.0,1.0,1.0
78,318,134,11,9,4,2,1.0,1.0,1.0
74,324,132,14,2,5,0,1.0,1.0,1.0
77,337,141,11,5,2,0,1.0,1.0,1.0
80,355,146,13,4,5,1,1.0,1.0,1.0
82,362,149,10,9,2,1,1.0,1.0,1.0
82,363,147,10,9,0,1,1.0,1.0,1.0
83,366,148,13,8,6,1,1.0,1.0,1.0
82,363,148,14,7,7,2,1.0,1.0,1.0
83,359,147,14,8,5,2,1.0,1.0,1.0
81,356,147,11,8,1,0,1.0,1.0,1.0
81,356,146,10,9,0,2,1.0,1.0,1.0
79,352,144,5,8,1,0,1.0,1.0,1.0
81,353,148,13,9,5,2,1.0,1.0,1.0
79,346,147,13,9,4,2,1.0,1.0,1.0
71,327,134,11,4,3,0,1.0,1.0,1.0
77,308,135,12,8,2,1,1.0,1.0,1.0
79,280,134,11,8,4,2,1.0,1.0,1.0
79,276,132,14,8,6,4,1.0,1.0,1.0
79,275,133,6,10,0,1,1.0,1.0,1.0
80,280,133,12,8,4,2,1.0,1.0,1.0
75,275,130,13,4,6,0,1.0,1.0,1.0
81,277,135,11,10,3,1,1.0,1.0,1.0
76,281,130,14,3,5,0,1.0,1.0,1.0
75,286,132,14,7,5,0,1.0,1.0,1.0
80,287,135,13,10,7,1,1.0,1.0,1.0
78,293,133,16,9,5,2,1.0,1.0,1.0
76,297,131,11,7,3,0,1.0,1.0,1.0
78,321,135,14,9,7,2,1.0,1.0,1.0
78,334,143,14,10,7,3,1.0,1.0,1.0
83,346,147,14,9,4,3,1.0,1.0,1.0
86,344,148,13,9,3,2,1.0,1.0,1.0
85,355,148,13,10,2,3,1.0,1.0,1.0
85,363,151,11,8,0,2,1.0,1.0,1.0
1335,379,150,11,12,2,4,1.0,1.0,1.0
1244,982,149,14,12,3,5,1.0,1.0,1.0
841,77,142,8,2,0,0,1.0,1.0,1.0
1329,137,61,10,10,2,4,1.0,1.0,1.0
1529,364,3,10,6,2,0,1.0,1.0,1.0
932,218,37,5,8,0,1,1.0,1.0,1.0
214,149,206,5,7,0,2,1.0,1.0,1.0
2,93,139,7,6,1,2,1.0,1.0,1.0
4,91,158,216,7,1,1,1.0,1.0,1.0
82,78,175,491,6,1,0,1.0,1.0,1.0
99,92,194,359,0,0,0,1.0,1.0,1.0
106,255,364,281,3,0,0,1.0,1.0,1.0
94,541,530,286,1,2,0,1.0,1.0,1.0
85,551,315,290,6,0,3,1.0,1.0,1.0
80,316,266,261,4,0,2,1.0,1.0,1.0
55,369,195,253,5,1,2,1.0,1.0,1.0
56,592,80,389,7,1,1,1.0,1.0,1.0
65,77,72,9,6,0,2,1.0,1.0,1.0
37,149,40,9,5,0,0,1.0,1.0,1.0
806,400,51,4,5,0,3,1.0,1.0,1.0
1127,142,47,9,5,0,1,1.0,1.0,1.0
1667,100,31,3,8,0,0,1.0,1.0,1.0
1239,94,30,9,9,0,2,1.0,1.0,1.0
1124,97,28,8,6,0,0,1.0,1.0,1.0
1341,55,26,8,4,1,3,1.0,1.0,1.0
1777,194,24,5,6,0,0,1.0,1.0,1.0
1690,271,27,3,7,0,3,1.0,1.0,1.0
1563,888,25,6,5,0,2,1.0,1.0,1.0
238,1523,24,10,8,3,2,1.0,1.0,1.0
29,1616,1214,11,2,4,0,1.0,1.0,1.0
26,108,123,94,1,2,0,1.0,1.0,1.0
32,59,240,566,6,0,1,1.0,1.0,1.0
25,62,181,575,5,0,2,1.0,1.0,1.0
24,58,179,549,3,0,1,1.0,1.0,1.0
26,55,176,556,2,0,2,1.0,1.0,1.0
24,51,161,557,0,2,0,1.0,1.0,1.0
26,56,178,509,6,0,2,1.0,1.0,1.0
25,144,164,10,6,2,3,1.0,1.0,1.0
17,79,22,7,3,1,0,1.0,1.0,1.0
22,81,23,3,5,0,1,1.0,1.0,1.0
24,76,23,2,7,0,2,1.0,1.0,1.0
22,79,20,8,2,1,1,1.0,1.0,1.0
21,76,21,5,6,0,1,1.0,1.0,1.0
32,78,22,8,5,0,1,1.0,1.0,1.0
39,80,22,8,6,0,0,1.0,1.0,1.0
29,78,23,7,5,0,2,1.0,1.0,1.0
23,80,22,7,5,0,0,1.0,1.0,1.0
26,80,24,8,7,1,2,1.0,1.0,1.0
20,78,22,7,6,0,2,1.0,1.0,1.0
10,76,17,7,1,0,0,1.0,1.0,1.0
6,71,15,5,5,1,0,1.0,1.0,1.0
9,77,18,1,4,0,0,1.0,1.0,1.0
14,92,25,5,5,1,2,1.0,1.0,1.0
8,104,29,6,2,0,0,1.0,1.0,1.0
1,60,28,2,5,0,2,1.0,1.0,1.0
0,4,2,1,3,0,0,1.0,1.0,1.0
0,0,0,1,4,0,0,1.0,1.0,1.0
0,0,2,3,6,0,1,1.0,1.0,1.0
0,0,0,3,4,0,0,1.0,1.0,1.0
0,0,0,4,2,0,0,1.0,1.0,1.0
0,0,3,1,7,1,2,1.0,1.0,1.0
0,1,0,4,0,2,0,1.0,1.0,1.0
0,0,2,4,7,0,1,1.0,1.0,1.0
0,4,4,4,5,1,2,1.0,1.0,1.0
0,6,6,3,6,1,1,1.0,1.0,1.0
0,11,8,6,8,2,2,1.0,1.0,1.0
0,12,9,5,7,1,1,1.0,1.0,1.0
0,12,6,0,3,0,0,1.0,1.0,1.0
0,11,6,7,8,0,1,1.0,1.0,1.0
0,11,9,5,7,0,0,1.0,1.0,1.0
0,12,8,6,6,0,0,1.0,1.0,1.0
0,23,14,6,7,0,1,1.0,1.0,1.0
0,30,22,7,10,1,4,1.0,1.0,1.0
0,54,37,5,8,0,2,1.0,1.0,1.0
0,68,52,6,10,0,2,1.0,1.0,1.0
0,86,67,5,8,0,1,1.0,1.0,1.0
0,103,77,12,9,1,1,1.0,1.0,1.0
0,133,101,13,11,2,3,1.0,1.0,1.0
0,156,112,14,10,1,2,1.0,1.0,1.0
0,159,112,10,5,0,0,1.0,1.0,1.0
0,169,282,15,11,2,1,1.0,1.0,1.0
0,179,372,17,10,0,0,1.0,1.0,1.0
0,176,405,14,13,0,3,1.0,1.0,1.0
0,171,126,10,8,0,0,1.0,1.0,1.0
0,154,122,17,12,1,1,1.0,1.0,1.0
0,144,122,15,12,1,0,1.0,1.0,1.0
0,146,122,16,7,0,0,1.0,1.0,1.0
0,153,126,17,12,0,1,1.0,1.0,1.0
0,135,117,16,10,0,0,1.0,1.0,1.0
0,106,100,13,11,0,2,1.0,1.0,1.0
0,68,64,14,12,2,3,1.0,1.0,1.0
0,49,48,13,9,2,0,1.0,1.0,1.0
0,46,46,13,8,1,0,1.0,1.0,1.0
0,46,52,13,12,0,1,1.0,1.0,1.0
0,50,64,10,12,0,0,1.0,1.0,1.0
0,61,84,16,10,0,0,1.0,1.0,1.0
0,75,114,18,12,0,0,1.0,1.0,1.0
0,95,146,23,16,0,1,1.0,1.0,1.0
0,107,170,22,15,0,0,1.0,1.0,1.0
0,126,189,26,15,0,0,1.0,1.0,1.0
0,128,184,24,14,0,1,1.0,1.0,1.0
0,124,166,18,13,0,2,1.0,1.0,1.0
0,133,160,23,13,0,2,1.0,1.0,1.0
0,146,175,23,12,0,0,1.0,1.0,1.0
0,160,182,16,12,0,0,1.0,1.0,1.0
0,155,182,24,10,0,0,1.0,1.0,1.0
0,139,174,18,12,0,1,1.0,1.0,1.0
0,151,179,25,10,0,0,1.0,1.0,1.0
0,177,219,28,15,0,0,1.0,1.0,1.0
1,214,250,33,14,0,1,1.0,1.0,1.0
0,240,263,34,14,0,0,1.0,1.0,1.0
0,243,258,36,13,0,0,1.0,1.0,1.0
0,246,258,36,16,0,0,1.0,1.0,1.0
0,249,240,34,13,0,0,1.0,1.0,1.0
0,234,234,34,15,0,2,1.0,1.0,1.0
0,211,219,30,15,0,0,1.0,1.0,1.0
0,200,201,26,10,0,0,1.0,1.0,1.0
0,195,193,27,13,0,2,1.0,1.0,1.0
0,191,184,22,10,0,0,1.0,1.0,1.0
0,184,176,23,9,0,0,1.0,1.0,1.0
0,187,166,16,10,0,0,1.0,1.0,1.0
0,184,167,22,12,1,0,1.0,1.0,1.0
0,177,162,18,6,0,0,1.0,1.0,1.0
0,182,163,21,6,2,0,1.0,1.0,1.0
0,175,164,14,9,0,1,1.0,1.0,1.0
0,168,161,17,3,0,0,1.0,1.0,1.0
1,143,161,16,6,0,2,1.0,1.0,1.0
0,126,144,16,3,0,0,1.0,1.0,1.0
0,110,132,10,4,0,0,1.0,1.0,1.0
1,97,100,13,5,0,0,1.0,1.0,1.0
0,84,86,14,8,0,0,1.0,1.0,1.0
0,85,87,18,6,0,0,1.0,1.0,1.0
0,108,130,25,8,0,0,1.0,1.0,1.0
0,140,209,36,13,0,0,1.0,1.0,1.0
0,184,302,49,19,0,0,1.0,1.0,1.0
0,212,345,61,21,0,0,1.0,1.0,1.0
0,234,374,74,23,0,0,1.0,1.0,1.0
0,233,578,79,21,0,0,1.0,1.0,1.0
0,236,672,82,23,0,0,1.0,1.0,1.0
0,253,942,101,24,0,2,1.0,1.0,1.0
0,537,960,104,23,1,2,1.0,1.0,1.0
1,600,978,91,24,0,3,1.0,1.0,1.0
1,541,859,81,22,0,3,1.0,1.0,1.0
0,468,745,72,20,0,0,1.0,1.0,1.0
0,434,732,73,21,1,1,1.0,1.0,1.0
0,383,702,78,20,1,2,1.0,1.0,1.0
0,343,671,55,21,0,0,1.0,1.0,1.0
0,46,83,23,14,1,1,1.0,1.0,1.0
0,11,22,14,11,0,0,1.0,1.0,1.0
0,2,8,7,9,0,2,1.0,1.0,1.0
0,2,7,10,10,1,0,1.0,1.0,1.0
0,3,7,8,9,0,1,1.0,1.0,1.0
0,2,3,5,5,0,0,1.0,1.0,1.0
0,1,3,6,4,1,0,1.0,1.0,1.0
0,0,7,3,8,0,0,1.0,1.0,1.0
0,5,11,7,12,0,0,1.0,1.0,1.0
1,5,12,9,14,1,2,1.0,1.0,1.0
0,5,20,10,17,0,0,1.0,1.0,1.0
0,2,21,8,16,0,1,1.0,1.0,1.0
0,0,21,12,18,1,0,1.0,1.0,1.0
0,5,24,13,18,0,0,1.0,1.0,1.0
0,8,26,14,16,0,0,1.0,1.0,1.0
0,8,40,20,19,0,2,1.0,1.0,1.0
0,6,38,13,17,0,1,1.0,1.0,1.0
0,6,27,12,14,0,1,1.0,1.0,1.0
0,8,18,9,10,0,0,1.0,1.0,1.0
0,4,14,6,6,0,0,1.0,1.0,1.0
0,11,16,8,4,0,0,1.0,1.0,1.0
0,9,5,5,0,0,0,1.0,1.0,1.0
0,5,3,5,0,0,0,1.0,1.0,1.0
1,1,2,7,3,1,0,1.0,1.0,1.0
0,0,4,4,3,0,0,1.0,1.0,1.0
0,0,3,5,5,0,0,1.0,1.0,1.0
0,0,4,4,4,0,0,1.0,1.0,1.0
0,1,2,6,1,1,0,1.0,1.0,1.0
0,0,2,5,2,1,0,1.0,1.0,1.0
0,1,7,4,5,0,0,1.0,1.0,1.0
0,0,8,4,5,0,0,1.0,1.0,1.0
0,0,7,0,6,0,0,1.0,1.0,1.0
0,0,5,6,7,0,0,1.0,1.0,1.0
0,1,4,6,6,2,0,1.0,1.0,1.0
0,0,7,6,8,0,0,1.0,1.0,1.0
0,0,7,8,10,2,0,1.0,1.0,1.0
0,0,13,9,16,1,0,1.0,1.0,1.0
0,0,11,17,44,1,0,1.0,1.0,1.0
0,0,17,29,70,0,1,1.0,1.0,1.0
0,0,18,44,97,3,0,1.0,1.0,1.0
0,0,8,44,101,5,0,1.0,1.0,1.0
0,0,7,39,113,1,0,1.0,1.0,1.0
0,0,7,40,119,3,1,1.0,1.0,1.0
0,0,8,36,130,2,1,1.0,1.0,1.0
0,0,5,32,158,1,0,1.0,1.0,1.0
0,0,10,30,162,0,0,1.0,1.0,1.0
0,0,9,35,162,2,2,1.0,1.0,1.0
0,0,9,35,168,2,1,1.0,1.0,1.0
0,0,9,35,175,2,1,1.0,1.0,1.0
0,0,8,36,175,2,0,1.0,1.0,1.0
0,0,8,39,163,4,0,1.0,1.0,1.0
0,1,8,41,104,3,1,1.0,1.0,1.0
0,0,8,44,66,3,0,1.0,1.0,1.0
0,1,7,46,65,5,0,1.0,1.0,1.0
0,0,10,46,72,5,1,1.0,1.0,1.0
0,2,9,47,96,5,0,1.0,1.0,1.0
0,0,9,45,117,3,2,1.0,1.0,1.0
0,0,8,43,115,3,0,1.0,1.0,1.0
0,0,9,44,91,4,1,1.0,1.0,1.0
0,1,7,46,76,3,1,1.0,1.0,1.0
0,0,2,46,67,5,0,1.0,1.0,1.0
0,0,4,44,71,5,0,1.0,1.0,1.0
0,0,8,44,70,4,1,1.0,1.0,1.0
0,0,9,45,70,4,2,1.0,1.0,1.0
0,2,9,47,74,5,0,1.0,1.0,1.0
0,0,5,45,69,4,0,1.0,1.0,1.0
0,0,5,45,59,6,0,1.0,1.0,1.0
0,0,10,48,50,6,0,1.0,1.0,1.0
0,0,10,45,55,2,0,1.0,1.0,1.0
0,0,8,44,56,3,0,1.0,1.0,1.0
0,0,9,47,61,7,0,1.0,1.0,1.0
0,0,8,47,69,6,0,1.0,1.0,1.0
0,0,7,45,70,1,0,1.0,1.0,1.0
0,1,11,48,74,8,0,1.0,1.0,1.0
0,0,9,48,74,5,1,1.0,1.0,1.0
0,0,7,49,72,5,0,1.0,1.0,1.0
0,0,11,47,75,2,1,1.0,1.0,1.0
0,0,5,44,68,3,0,1.0,1.0,1.0
0,0,3,48,66,5,0,1.0,1.0,1.0
0,0,9,45,70,3,2,1.0,1.0,1.0
0,0,10,44,71,5,1,1.0,1.0,1.0
0,0,10,48,73,6,0,1.0,1.0,1.0
0,0,11,46,72,5,1,1.0,1.0,1.0
0,0,7,42,66,3,0,1.0,1.0,1.0
0,2,12,48,72,7,1,1.0,1.0,1.0
0,0,10,48,88,5,1,1.0,1.0,1.0
0,1,10,46,117,6,0,1.0,1.0,1.0
0,0,7,47,101,4,0,1.0,1.0,1.0
0,0,5,45,91,4,0,1.0,1.0,1.0
0,0,10,47,89,5,1,1.0,1.0,1.0
0,0,11,47,84,5,1,1.0,1.0,1.0
0,0,9,46,90,4,0,1.0,1.0,1.0
0,0,9,48,89,4,1,1.0,1.0,1.0
0,0,4,42,82,0,0,1.0,1.0,1.0
0,0,9,44,76,3,1,1.0,1.0,1.0
0,2,9,44,62,5,1,1.0,1.0,1.0
0,0,3,66,92,3,0,1.0,1.0,1.0
0,0,15,23,46,7,0,1.0,1.0,1.0
0,0,23,28,43,10,0,1.0,1.0,1.0
0,0,22,27,43,9,0,1.0,1.0,1.0
0,0,27,31,43,14,1,1.0,1.0,1.0
0,0,29,34,32,13,0,1.0,1.0,1.0
0,0,24,30,26,10,0,1.0,1.0,1.0
0,0,28,28,30,9,0,1.0,1.0,1.0
0,0,32,30,33,11,0,1.0,1.0,1.0
0,0,32,31,31,13,0,1.0,1.0,1.0
0,0,33,27,33,11,1,1.0,1.0,1.0
0,0,32,27,32,9,0,1.0,1.0,1.0
0,1,31,32,32,12,0,1.0,1.0,1.0
0,0,31,32,33,11,2,1.0,1.0,1.0
0,1,32,32,33,12,0,1.0,1.0,1.0
0,0,30,30,42,8,0,1.0,1.0,1.0
0,1,26,28,41,12,1,1.0,1.0,1.0
0,0,23,28,45,9,2,1.0,1.0,1.0
0,0,23,30,45,7,1,1.0,1.0,1.0
0,0,20,27,42,4,0,1.0,1.0,1.0
0,0,19,29,45,8,0,1.0,1.0,1.0
0,0,15,27,54,1,0,1.0,1.0,1.0
0,0,10,22,60,0,0,1.0,1.0,1.0
0,0,13,31,62,5,2,1.0,1.0,1.0
0,0,7,34,50,4,0,1.0,1.0,1.0
0,0,7,29,54,7,0,1.0,1.0,1.0
0,0,10,29,60,6,0,1.0,1.0,1.0
0,0,11,30,61,2,0,1.0,1.0,1.0
0,0,5,32,63,7,0,1.0,1.0,1.0
0,0,13,27,71,2,2,1.0,1.0,1.0
0,0,6,31,68,5,0,1.0,1.0,1.0
0,0,8,23,85,5,0,1.0,1.0,1.0
0,0,10,14,87,0,0,1.0,1.0,1.0
0,1,12,18,85,3,0,1.0,1.0,1.0
0,0,18,21,57,4,0,1.0,1.0,1.0
0,0,25,23,26,5,2,1.0,1.0,1.0
0,0,19,21,17,4,0,1.0,1.0,1.0
0,0,25,21,18,6,0,1.0,1.0,1.0
0,0,25,19,18,5,0,1.0,1.0,1.0
0,0,22,18,18,7,0,1.0,1.0,1.0
0,0,14,9,13,2,0,1.0,1.0,1.0
0,0,24,12,18,5,0,1.0,1.0,1.0
0,0,35,29,34,9,1,1.0,1.0,1.0
0,1,36,31,42,10,0,1.0,1.0,1.0
0,1,42,51,63,10,2,1.0,1.0,1.0
0,0,38,56,70,6,0,1.0,1.0,1.0
0,0,38,55,66,8,0,1.0,1.0,1.0
0,0,43,61,71,9,0,1.0,1.0,1.0
0,1,44,62,73,11,2,1.0,1.0,1.0
0,0,41,58,72,10,0,1.0,1.0,1.0
0,0,40,49,65,8,0,1.0,1.0,1.0
0,0,37,46,60,10,0,1.0,1.0,1.0
0,0,42,48,62,12,0,1.0,1.0,1.0
0,0,42,43,60,13,2,1.0,1.0,1.0
0,1,40,44,61,12,1,1.0,1.0,1.0
0,1,38,38,54,12,0,1.0,1.0,1.0
0,0,38,34,49,16,0,1.0,1.0,1.0
0,0,28,29,35,19,0,1.0,1.0,1.0
0,0,34,28,37,19,1,1.0,1.0,1.0
0,0,31,21,32,14,1,1.0,1.0,1.0
0,0,24,23,24,19,0,1.0,1.0,1.0
0,0,29,23,1,32,2,1.0,1.0,1.0
0,0,26,22,27,20,0,1.0,1.0,1.0
0,0,25,21,25,19,1,1.0,1.0,1.0
0,0,26,23,27,22,0,1.0,1.0,1.0
0,2,19,20,18,20,0,1.0,1.0,1.0
0,0,27,20,24,15,1,1.0,1.0,1.0
0,0,21,23,21,19,0,1.0,1.0,1.0
0,0,27,20,24,15,1,1.0,1.0,1.0
0,0,24,19,24,14,1,1.0,1.0,1.0
0,0,27,16,23,13,1,1.0,1.0,1.0
0,0,19,18,17,19,0,1.0,1.0,1.0
0,0,18,17,17,14,0,1.0,1.0,1.0
0,1,16,14,17,12,0,1.0,1.0,1.0
0,0,18,14,16,13,1,1.0,1.0,1.0
0,0,17,14,13,18,0,1.0,1.0,1.0
0,0,14,14,14,12,0,1.0,1.0,1.0
0,1,21,18,23,13,0,1.0,1.0,1.0
0,0,16,18,22,11,0,1.0,1.0,1.0
1,0,22,16,31,10,2,1.0,1.0,1.0
0,2,21,21,30,12,0,1.0,1.0,1.0
0,0,25,24,35,11,0,1.0,1.0,1.0
0,0,26,26,39,10,1,1.0,1.0,1.0
0,0,25,26,36,11,0,1.0,1.0,1.0
0,0,21,25,32,10,0,1.0,1.0,1.0
0,0,26,22,36,10,0,1.0,1.0,1.0
0,0,27,22,35,7,1,1.0,1.0,1.0
0,1,27,17,36,7,0,1.0,1.0,1.0
0,1,26,25,31,11,0,1.0,1.0,1.0
0,1,25,25,28,13,0,1.0,1.0,1.0
0,0,18,18,20,11,0,1.0,1.0,1.0
0,1,16,17,14,10,0,1.0,1.0,1.0
0,0,10,7,11,7,0,1.0,1.0,1.0
0,0,7,1,9,2,2,1.0,1.0,1.0
1,0,7,5,8,3,2,1.0,1.0,1.0
0,0,2,3,4,0,0,1.0,1.0,1.0
0,0,4,2,5,0,0,1.0,1.0,1.0
0,0,6,7,8,1,0,1.0,1.0,1.0
0,0,4,6,4,4,0,1.0,1.0,1.0
0,0,3,5,3,2,0,1.0,1.0,1.0
0,0,4,8,0,1,0,1.0,1.0,1.0
0,0,6,2,6,0,0,1.0,1.0,1.0
0,0,5,2,4,0,0,1.0,1.0,1.0
0,0,4,4,4,0,0,1.0,1.0,1.0
0,0,4,7,3,0,1,1.0,1.0,1.0
0,0,2,4,0,0,0,1.0,1.0,1.0
0,1,4,6,4,0,0,1.0,1.0,1.0
0,0,5,6,4,0,1,1.0,1.0,1.0
0,0,4,5,4,0,0,1.0,1.0,1.0
0,2,1,5,0,0,0,1.0,1.0,1.0
0,1,1,5,0,0,0,1.0,1.0,1.0
0,2,5,9,5,2,1,1.0,1.0,1.0
0,0,0,6,0,0,0,1.0,1.0,1.0
0,1,3,7,4,0,0,1.0,1.0,1.0
0,1,1,3,0,0,0,1.0,1.0,1.0
0,0,1,4,2,0,0,1.0,1.0,1.0
0,1,1,4,4,0,0,1.0,1.0,1.0
0,0,2,6,4,0,0,1.0,1.0,1.0
0,0,1,3,4,0,0,1.0,1.0,1.0
0,1,2,5,4,0,0,1.0,1.0,1.0
0,0,1,0,4,0,0,1.0,1.0,1.0
0,0,3,4,4,0,0,1.0,1.0,1.0
0,3,4,8,3,0,1,1.0,1.0,1.0
0,0,0,4,0,0,0,1.0,1.0,1.0
0,0,2,7,5,0,0,1.0,1.0,1.0
0,3,9,17,5,1,1,1.0,1.0,1.0
0,1,1,9,0,0,0,1.0,1.0,1.0
0,1,2,10,1,0,0,1.0,1.0,1.0
0,0,10,9,2,0,0,1.0,1.0,1.0
0,0,4,7,2,0,0,1.0,1.0,1.0
0,0,13,8,6,0,0,1.0,1.0,1.0
0,0,13,12,7,2,0,1.0,1.0,1.0
0,1,19,18,10,4,1,1.0,1.0,1.0
0,0,17,23,4,6,0,1.0,1.0,1.0
0,0,26,22,10,4,0,1.0,1.0,1.0
0,0,34,25,17,7,0,1.0,1.0,1.0
0,0,43,34,33,8,2,1.0,1.0,1.0
0,0,36,26,16,3,0,1.0,1.0,1.0
0,1,38,31,19,9,0,1.0,1.0,1.0
0,1,33,27,18,8,0,1.0,1.0,1.0
0,3,31,24,16,7,0,1.0,1.0,1.0
0,0,25,19,12,5,0,1.0,1.0,1.0
0,1,15,18,7,1,0,1.0,1.0,1.0
0,0,18,16,5,1,0,1.0,1.0,1.0
0,0,23,17,11,1,0,1.0,1.0,1.0
0,1,26,21,11,4,2,1.0,1.0,1.0
0,0,24,17,10,0,1,1.0,1.0,1.0
0,0,20,16,7,0,0,1.0,1.0,1.0
0,2,20,18,10,2,0,1.0,1.0,1.0
0,2,15,19,2,3,0,1.0,1.0,1.0
0,2,19,19,9,2,0,1.0,1.0,1.0
0,0,17,16,5,0,0,1.0,1.0,1.0
0,0,21,22,11,0,0,1.0,1.0,1.0
0,0,22,18,8,3,1,1.0,1.0,1.0
0,2,18,18,9,4,0,1.0,1.0,1.0
0,0,16,13,6,0,0,1.0,1.0,1.0
0,1,17,19,8,4,0,1.0,1.0,1.0
0,2,19,18,9,3,1,1.0,1.0,1.0
0,3,18,15,9,2,0,1.0,1.0,1.0
0,3,18,18,8,5,1,1.0,1.0,1.0
0,3,19,19,6,6,0,1.0,1.0,1.0
0,1,17,12,9,0,0,1.0,1.0,1.0
0,1,13,18,7,2,0,1.0,1.0,1.0
0,3,17,18,9,4,0,1.0,1.0,1.0
0,2,14,19,2,3,0,1.0,1.0,1.0
0,0,19,1,9,0,0,1.0,1.0,1.0
0,0,13,18,3,4,0,1.0,1.0,1.0
0,2,13,17,3,3,0,1.0,1.0,1.0
0,1,18,15,7,1,0,1.0,1.0,1.0
0,1,17,18,9,3,0,1.0,1.0,1.0
0,0,18,16,11,0,0,1.0,1.0,1.0
0,0,16,13,8,1,0,1.0,1.0,1.0
0,2,17,17,8,1,0,1.0,1.0,1.0
1,0,21,24,0,3,0,1.0,1.0,1.0
