3,14,91,280,95,12,14,4.0,100.0,80.0
4,13,91,280,94,10,14,4.0,100.0,80.0
6,15,93,281,96,12,15,4.0,100.0,80.0
4,12,93,278,97,10,15,4.0,100.0,80.0
3,13,92,281,96,15,15,4.0,100.0,80.0
6,15,92,281,96,12,14,4.0,100.0,80.0
5,10,90,276,93,7,13,4.0,100.0,80.0
7,10,94,278,94,11,16,4.0,100.0,80.0
4,12,92,279,95,13,13,4.0,100.0,80.0
6,12,92,279,95,12,15,4.0,100.0,80.0
6,10,93,279,95,11,15,4.0,100.0,80.0
6,12,93,280,96,9,13,4.0,100.0,80.0
2,14,88,282,93,12,12,4.0,100.0,80.0
4,11,89,277,94,10,12,4.0,100.0,80.0
4,12,92,279,96,10,14,4.0,100.0,80.0
6,14,92,282,93,14,15,4.0,100.0,80.0
7,11,94,277,95,7,17,4.0,100.0,80.0
3,12,89,279,92,9,11,4.0,100.0,80.0
6,11,91,279,95,11,15,4.0,100.0,80.0
6,11,92,280,95,12,14,4.0,100.0,80.0
4,11,90,278,95,9,15,4.0,100.0,80.0
4,14,89,282,92,13,12,4.0,100.0,80.0
5,14,91,281,93,13,15,4.0,100.0,80.0
1,13,89,280,91,13,10,4.0,100.0,80.0
4,10,91,275,94,9,14,4.0,100.0,80.0
3,13,91,281,94,11,15,4.0,100.0,80.0
5,13,92,278,94,10,14,4.0,100.0,80.0
4,13,92,280,96,12,14,4.0,100.0,80.0
5,9,91,279,95,12,14,4.0,100.0,80.0
6,14,93,281,95,12,16,4.0,100.0,80.0
6,9,94,277,94,9,15,4.0,100.0,80.0
6,13,92,280,95,11,15,4.0,100.0,80.0
1,13,87,281,93,13,10,4.0,100.0,80.0
5,12,92,278,94,13,16,4.0,100.0,80.0
6,10,91,279,93,10,14,4.0,100.0,80.0
4,10,92,282,94,12,14,4.0,100.0,80.0
2,14,89,283,92,14,12,4.0,100.0,80.0
4,12,90,281,92,12,13,4.0,100.0,80.0
5,12,90,282,92,13,13,4.0,100.0,80.0
4,13,90,281,95,11,14,4.0,100.0,80.0
4,13,90,279,96,13,13,4.0,100.0,80.0
5,13,92,280,95,13,15,4.0,100.0,80.0
2,12,91,277,94,11,13,4.0,100.0,80.0
3,12,91,279,94,11,15,4.0,100.0,80.0
6,13,93,279,98,14,14,4.0,100.0,80.0
6,13,94,281,95,13,15,4.0,100.0,80.0
2,14,88,282,91,12,10,4.0,100.0,80.0
5,9,92,278,96,10,15,4.0,100.0,80.0
4,13,92,282,96,12,16,4.0,100.0,80.0
6,12,90,278,96,12,16,4.0,100.0,80.0
6,11,92,280,95,12,15,4.0,100.0,80.0
3,12,92,278,95,10,15,4.0,100.0,80.0
6,12,93,279,95,12,15,4.0,100.0,80.0
5,10,92,279,95,8,14,4.0,100.0,80.0
6,10,90,278,95,11,13,4.0,100.0,80.0
6,11,91,277,95,10,12,4.0,100.0,80.0
4,14,90,280,92,12,11,4.0,100.0,80.0
5,8,92,279,96,9,15,4.0,100.0,80.0
0,14,89,283,93,14,11,4.0,100.0,80.0
5,12,89,280,94,11,11,4.0,100.0,80.0
4,12,91,281,96,12,11,4.0,100.0,80.0
5,12,92,277,97,10,12,4.0,100.0,80.0
7,13,95,280,97,12,17,4.0,100.0,80.0
3,13,90,280,95,11,11,4.0,100.0,80.0
3,12,91,276,93,10,12,4.0,100.0,80.0
6,12,94,280,96,10,16,4.0,100.0,80.0
6,10,93,280,97,9,17,4.0,100.0,80.0
8,10,92,275,93,9,12,4.0,100.0,80.0
7,14,93,281,96,12,16,4.0,100.0,80.0
4,11,92,278,96,10,12,4.0,100.0,80.0
1,14,89,281,92,14,12,4.0,100.0,80.0
4,10,91,276,94,8,13,4.0,100.0,80.0
1,13,89,281,95,12,10,4.0,100.0,80.0
4,10,89,278,93,8,12,4.0,100.0,80.0
5,9,92,279,95,10,13,4.0,100.0,80.0
6,12,90,278,94,10,12,4.0,100.0,80.0
4,13,94,280,97,12,13,4.0,100.0,80.0
3,14,87,280,92,12,9,4.0,100.0,80.0
4,12,92,280,95,11,15,4.0,100.0,80.0
4,13,92,281,93,13,12,4.0,100.0,80.0
0,14,90,280,93,11,13,4.0,100.0,80.0
5,13,91,280,93,12,11,4.0,100.0,80.0
5,13,92,281,95,12,15,4.0,100.0,80.0
5,13,94,282,95,13,14,4.0,100.0,80.0
3,13,90,280,95,10,13,4.0,100.0,80.0
4,14,94,282,97,12,15,4.0,100.0,80.0
5,11,92,280,95,10,15,4.0,100.0,80.0
5,10,92,281,96,12,14,4.0,100.0,80.0
5,14,90,281,93,12,13,4.0,100.0,80.0
7,12,92,282,96,13,16,4.0,100.0,80.0
6,10,93,278,95,7,14,4.0,100.0,80.0
5,8,94,278,98,8,18,4.0,100.0,80.0
6,11,93,279,96,12,15,4.0,100.0,80.0
4,14,92,278,95,11,14,4.0,100.0,80.0
1,12,89,280,92,10,10,4.0,100.0,80.0
5,13,90,281,97,11,15,4.0,100.0,80.0
7,12,92,277,95,8,16,4.0,100.0,80.0
7,13,91,280,97,12,15,4.0,100.0,80.0
6,12,90,279,93,11,14,4.0,100.0,80.0
5,13,91,278,95,14,15,4.0,100.0,80.0
3,16,43,542,132,8,13,3.0,100.0,80.0
5,15,46,543,132,8,14,3.0,100.0,80.0
7,10,44,539,132,8,14,3.0,100.0,80.0
6,10,43,538,132,4,11,3.0,100.0,80.0
7,14,46,543,133,8,15,3.0,100.0,80.0
5,12,43,544,132,9,12,3.0,100.0,80.0
5,12,45,540,133,8,14,3.0,100.0,80.0
4,13,46,541,134,8,14,3.0,100.0,80.0
6,11,45,539,132,5,12,3.0,100.0,80.0
4,15,44,544,130,10,14,3.0,100.0,80.0
5,12,46,538,133,5,13,3.0,100.0,80.0
6,15,44,541,134,9,13,3.0,100.0,80.0
6,14,43,539,132,7,14,3.0,100.0,80.0
2,16,42,542,129,11,12,3.0,100.0,80.0
5,15,44,541,132,7,13,3.0,100.0,80.0
5,11,42,540,130,4,13,3.0,100.0,80.0
5,13,44,538,131,3,12,3.0,100.0,80.0
3,12,44,541,132,8,14,3.0,100.0,80.0
5,15,44,540,133,7,11,3.0,100.0,80.0
1,11,43,537,132,2,10,3.0,100.0,80.0
3,15,45,541,131,7,13,3.0,100.0,80.0
2,15,40,541,130,9,9,3.0,100.0,80.0
4,14,41,541,131,7,10,3.0,100.0,80.0
6,8,44,537,130,1,13,3.0,100.0,80.0
3,11,43,538,132,6,13,3.0,100.0,80.0
4,12,44,539,130,5,13,3.0,100.0,80.0
3,13,44,540,132,5,13,3.0,100.0,80.0
3,12,42,540,129,4,11,3.0,100.0,80.0
5,13,45,540,133,6,14,3.0,100.0,80.0
2,13,45,541,133,8,13,3.0,100.0,80.0
5,12,44,539,132,5,13,3.0,100.0,80.0
4,14,44,539,132,6,11,3.0,100.0,80.0
3,14,43,538,131,7,10,3.0,100.0,80.0
5,13,44,542,132,7,14,3.0,100.0,80.0
5,15,45,540,133,6,14,3.0,100.0,80.0
2,14,44,541,131,7,12,3.0,100.0,80.0
6,12,43,538,132,4,12,3.0,100.0,80.0
5,14,43,541,131,6,12,3.0,100.0,80.0
1,13,42,539,131,5,10,3.0,100.0,80.0
5,14,44,542,130,5,13,3.0,100.0,80.0
5,15,43,543,131,6,14,3.0,100.0,80.0
5,14,41,541,130,7,14,3.0,100.0,80.0
2,11,40,539,131,3,9,3.0,100.0,80.0
6,15,43,541,130,8,13,3.0,100.0,80.0
5,10,43,538,129,6,13,3.0,100.0,80.0
6,14,43,541,131,8,13,3.0,100.0,80.0
5,14,43,540,131,5,13,3.0,100.0,80.0
5,13,42,541,131,7,12,3.0,100.0,80.0
4,10,41,536,131,5,11,3.0,100.0,80.0
1,14,38,541,125,6,10,3.0,100.0,80.0
0,13,40,540,125,9,9,3.0,100.0,80.0
2,12,42,540,130,7,7,3.0,100.0,80.0
4,12,43,537,131,3,11,3.0,100.0,80.0
5,14,43,541,131,7,12,3.0,100.0,80.0
4,11,40,535,127,3,9,3.0,100.0,80.0
5,12,43,541,130,7,12,3.0,100.0,80.0
6,14,40,539,127,6,10,3.0,100.0,80.0
6,13,43,540,131,7,12,3.0,100.0,80.0
4,11,40,539,127,2,10,3.0,100.0,80.0
3,9,37,539,127,4,8,3.0,100.0,80.0
5,12,41,539,129,6,12,3.0,100.0,80.0
4,15,42,541,130,7,11,3.0,100.0,80.0
3,13,44,539,131,7,14,3.0,100.0,80.0
2,13,43,539,129,4,11,3.0,100.0,80.0
0,14,37,542,124,9,7,3.0,100.0,80.0
3,14,38,541,127,7,9,3.0,100.0,80.0
4,9,40,536,131,3,10,3.0,100.0,80.0
4,10,39,538,129,4,11,3.0,100.0,80.0
1,11,38,541,126,6,8,3.0,100.0,80.0
5,12,42,538,130,5,11,3.0,100.0,80.0
2,14,36,541,126,7,8,3.0,100.0,80.0
6,10,42,540,129,5,12,3.0,100.0,80.0
4,11,38,538,130,2,10,3.0,100.0,80.0
0,12,35,540,125,6,7,3.0,100.0,80.0
3,12,39,541,129,7,11,3.0,100.0,80.0
5,12,40,540,130,6,10,3.0,100.0,80.0
1,14,38,539,125,7,9,3.0,100.0,80.0
4,14,39,540,128,5,11,3.0,100.0,80.0
1,13,40,542,127,7,9,3.0,100.0,80.0
3,14,36,540,125,6,8,3.0,100.0,80.0
4,14,41,539,129,6,12,3.0,100.0,80.0
5,13,40,538,129,3,10,3.0,100.0,80.0
4,14,39,542,129,8,11,3.0,100.0,80.0
2,9,38,539,127,7,9,3.0,100.0,80.0
5,10,38,540,126,4,9,3.0,100.0,80.0
4,13,40,540,130,5,10,3.0,100.0,80.0
5,9,39,538,129,3,11,3.0,100.0,80.0
3,13,38,540,126,5,10,3.0,100.0,80.0
0,12,35,542,126,7,7,3.0,100.0,80.0
1,11,39,540,129,4,11,3.0,100.0,80.0
4,13,41,539,130,6,11,3.0,100.0,80.0
4,8,39,536,129,0,10,3.0,100.0,80.0
5,12,39,537,129,5,11,3.0,100.0,80.0
4,14,40,541,131,6,11,3.0,100.0,80.0
5,11,40,542,127,7,11,3.0,100.0,80.0
2,13,37,539,128,6,9,3.0,100.0,80.0
0,11,35,540,126,5,7,3.0,100.0,80.0
5,13,40,541,127,4,11,3.0,100.0,80.0
4,13,38,540,128,6,8,3.0,100.0,80.0
4,13,41,540,129,4,13,3.0,100.0,80.0
4,16,28,1102,187,9,13,2.0,100.0,80.0
5,11,29,1103,186,3,12,2.0,100.0,80.0
4,14,29,1102,187,6,11,2.0,100.0,80.0
4,13,31,1100,188,4,13,2.0,100.0,80.0
5,12,32,1103,188,6,14,2.0,100.0,80.0
1,17,28,1103,187,8,12,2.0,100.0,80.0
2,16,23,1104,185,7,12,2.0,100.0,80.0
2,15,26,1100,186,6,9,2.0,100.0,80.0
4,16,28,1105,188,8,15,2.0,100.0,80.0
6,14,30,1103,190,4,15,2.0,100.0,80.0
7,14,31,1102,190,7,15,2.0,100.0,80.0
5,16,31,1104,188,4,14,2.0,100.0,80.0
6,15,32,1105,190,8,13,2.0,100.0,80.0
2,17,28,1104,188,8,11,2.0,100.0,80.0
3,16,27,1104,186,5,10,2.0,100.0,80.0
4,14,30,1104,189,6,12,2.0,100.0,80.0
5,17,31,1105,189,9,14,2.0,100.0,80.0
7,17,32,1104,189,10,15,2.0,100.0,80.0
6,18,32,1105,189,8,15,2.0,100.0,80.0
5,16,30,1106,188,8,13,2.0,100.0,80.0
6,16,31,1106,189,10,16,2.0,100.0,80.0
4,16,30,1103,190,6,14,2.0,100.0,80.0
3,18,27,1105,184,6,9,2.0,100.0,80.0
2,15,26,1104,186,5,11,2.0,100.0,80.0
4,16,31,1105,189,8,14,2.0,100.0,80.0
6,18,32,1104,188,11,15,2.0,100.0,80.0
3,16,28,1103,187,8,13,2.0,100.0,80.0
6,13,33,1103,191,9,16,2.0,100.0,80.0
6,17,30,1106,191,7,16,2.0,100.0,80.0
3,17,33,1104,188,7,16,2.0,100.0,80.0
5,17,30,1101,189,7,16,2.0,100.0,80.0
8,17,31,1106,190,8,17,2.0,100.0,80.0
5,20,32,1106,190,9,14,2.0,100.0,80.0
6,18,29,1105,188,8,12,2.0,100.0,80.0
6,17,32,1105,190,8,14,2.0,100.0,80.0
6,15,31,1102,189,3,14,2.0,100.0,80.0
3,16,32,1104,189,8,13,2.0,100.0,80.0
1,16,31,1106,190,9,14,2.0,100.0,80.0
5,14,31,1103,188,5,15,2.0,100.0,80.0
3,16,30,1105,191,5,15,2.0,100.0,80.0
4,16,29,1103,186,3,12,2.0,100.0,80.0
5,19,32,1104,190,8,16,2.0,100.0,80.0
4,13,28,1102,187,6,13,2.0,100.0,80.0
4,16,32,1104,190,7,14,2.0,100.0,80.0
6,19,31,1107,190,8,14,2.0,100.0,80.0
4,16,31,1107,190,7,14,2.0,100.0,80.0
2,12,29,1103,186,2,13,2.0,100.0,80.0
5,18,31,1106,190,9,15,2.0,100.0,80.0
3,16,28,1103,187,7,9,2.0,100.0,80.0
4,17,32,1106,191,8,15,2.0,100.0,80.0
4,16,29,1104,187,6,13,2.0,100.0,80.0
3,17,31,1102,190,5,16,2.0,100.0,80.0
6,17,32,1106,190,7,16,2.0,100.0,80.0
2,19,31,1106,191,9,15,2.0,100.0,80.0
4,15,31,1105,189,7,14,2.0,100.0,80.0
5,18,32,1106,191,8,15,2.0,100.0,80.0
2,18,31,1106,188,8,11,2.0,100.0,80.0
1,16,29,1104,187,7,12,2.0,100.0,80.0
6,17,32,1105,188,7,14,2.0,100.0,80.0
4,13,32,1105,190,6,14,2.0,100.0,80.0
5,17,30,1107,188,9,14,2.0,100.0,80.0
3,18,27,1105,185,7,12,2.0,100.0,80.0
6,17,32,1106,191,9,14,2.0,100.0,80.0
5,16,33,1103,190,7,17,2.0,100.0,80.0
2,15,29,1105,189,7,12,2.0,100.0,80.0
4,16,31,1104,189,8,11,2.0,100.0,80.0
4,16,31,1106,189,7,15,2.0,100.0,80.0
6,14,33,1102,189,4,17,2.0,100.0,80.0
5,17,32,1106,187,8,17,2.0,100.0,80.0
7,18,32,1106,189,9,13,2.0,100.0,80.0
5,16,28,1104,188,6,13,2.0,100.0,80.0
5,13,32,1105,189,8,15,2.0,100.0,80.0
1,17,27,1105,188,6,10,2.0,100.0,80.0
6,17,32,1105,191,8,14,2.0,100.0,80.0
5,16,29,1103,190,6,14,2.0,100.0,80.0
5,17,32,1106,190,8,16,2.0,100.0,80.0
4,14,32,1105,190,8,16,2.0,100.0,80.0
4,15,30,1102,189,5,14,2.0,100.0,80.0
5,16,31,1106,189,6,15,2.0,100.0,80.0
5,18,31,1106,190,7,15,2.0,100.0,80.0
3,14,29,1102,185,6,10,2.0,100.0,80.0
6,16,32,1105,193,8,16,2.0,100.0,80.0
3,17,25,1103,185,5,10,2.0,100.0,80.0
4,16,32,1104,189,6,14,2.0,100.0,80.0
3,13,28,1102,187,5,10,2.0,100.0,80.0
3,13,31,1104,187,8,13,2.0,100.0,80.0
6,12,32,1103,190,3,15,2.0,100.0,80.0
4,13,29,1105,189,5,12,2.0,100.0,80.0
2,14,30,1105,189,6,15,2.0,100.0,80.0
5,15,31,1101,189,4,14,2.0,100.0,80.0
5,16,27,1102,187,5,14,2.0,100.0,80.0
4,16,28,1104,185,6,13,2.0,100.0,80.0
1,15,29,1103,190,5,12,2.0,100.0,80.0
5,15,34,1107,190,8,17,2.0,100.0,80.0
3,17,30,1104,189,7,13,2.0,100.0,80.0
1,17,31,1104,189,8,14,2.0,100.0,80.0
6,19,31,1106,191,8,15,2.0,100.0,80.0
6,18,32,1105,190,8,17,2.0,100.0,80.0
4,16,30,1106,188,8,14,2.0,100.0,80.0
6,17,32,1106,189,9,17,2.0,100.0,80.0
5,13,122,163,73,21,13,5.0,100.0,80.0
6,12,124,160,73,17,16,5.0,100.0,80.0
7,5,123,157,73,12,13,5.0,100.0,80.0
5,12,122,163,73,18,15,5.0,100.0,80.0
3,11,124,160,71,16,14,5.0,100.0,80.0
5,10,121,161,72,16,13,5.0,100.0,80.0
9,13,121,164,72,19,16,5.0,100.0,80.0
3,13,117,162,68,16,13,5.0,100.0,80.0
5,12,123,163,74,19,16,5.0,100.0,80.0
7,10,121,163,72,17,13,5.0,100.0,80.0
3,7,117,163,70,17,10,5.0,100.0,80.0
0,9,116,161,66,18,9,5.0,100.0,80.0
5,12,123,164,73,19,14,5.0,100.0,80.0
8,13,123,165,73,20,15,5.0,100.0,80.0
5,13,123,163,73,21,14,5.0,100.0,80.0
4,10,122,162,73,17,15,5.0,100.0,80.0
4,12,119,161,72,18,12,5.0,100.0,80.0
2,12,119,162,71,17,12,5.0,100.0,80.0
7,11,122,163,73,18,15,5.0,100.0,80.0
2,12,119,163,70,19,13,5.0,100.0,80.0
5,10,122,160,73,14,15,5.0,100.0,80.0
8,13,123,163,73,18,16,5.0,100.0,80.0
5,11,124,165,75,20,14,5.0,100.0,80.0
1,11,121,163,71,17,10,5.0,100.0,80.0
6,10,122,162,74,17,13,5.0,100.0,80.0
6,10,122,158,72,17,14,5.0,100.0,80.0
3,9,120,161,70,16,13,5.0,100.0,80.0
5,10,121,160,72,16,13,5.0,100.0,80.0
6,10,124,163,72,19,16,5.0,100.0,80.0
0,9,117,163,70,17,10,5.0,100.0,80.0
5,9,121,159,71,18,14,5.0,100.0,80.0
2,13,120,163,72,20,12,5.0,100.0,80.0
6,10,121,159,72,15,14,5.0,100.0,80.0
2,13,120,165,70,22,11,5.0,100.0,80.0
5,12,122,162,69,20,13,5.0,100.0,80.0
3,10,119,162,69,19,12,5.0,100.0,80.0
6,14,123,164,74,19,16,5.0,100.0,80.0
5,11,124,159,72,14,15,5.0,100.0,80.0
2,9,119,162,70,20,11,5.0,100.0,80.0
4,8,124,159,73,14,15,5.0,100.0,80.0
5,12,124,164,73,19,15,5.0,100.0,80.0
5,7,122,160,71,17,15,5.0,100.0,80.0
4,13,123,162,73,16,14,5.0,100.0,80.0
6,9,124,160,74,17,14,5.0,100.0,80.0
2,13,119,165,71,20,13,5.0,100.0,80.0
7,14,123,164,74,19,16,5.0,100.0,80.0
4,14,120,164,68,20,11,5.0,100.0,80.0
8,12,124,163,73,20,16,5.0,100.0,80.0
6,10,122,160,73,16,16,5.0,100.0,80.0
3,13,124,164,73,18,16,5.0,100.0,80.0
3,6,121,161,71,16,13,5.0,100.0,80.0
0,12,120,161,70,16,10,5.0,100.0,80.0
6,11,123,161,73,14,14,5.0,100.0,80.0
6,13,124,162,73,19,16,5.0,100.0,80.0
7,13,125,162,73,20,16,5.0,100.0,80.0
6,13,124,163,74,18,15,5.0,100.0,80.0
4,9,123,162,74,17,15,5.0,100.0,80.0
5,10,122,160,73,14,15,5.0,100.0,80.0
4,12,120,165,72,19,12,5.0,100.0,80.0
8,13,123,164,73,19,15,5.0,100.0,80.0
3,9,122,161,71,18,13,5.0,100.0,80.0
5,12,121,159,74,16,15,5.0,100.0,80.0
4,7,121,160,71,16,12,5.0,100.0,80.0
2,10,119,160,69,16,9,5.0,100.0,80.0
6,12,123,162,74,19,15,5.0,100.0,80.0
6,11,123,164,73,17,14,5.0,100.0,80.0
7,13,122,162,71,18,15,5.0,100.0,80.0
1,8,119,161,70,19,10,5.0,100.0,80.0
4,13,123,161,73,18,16,5.0,100.0,80.0
3,8,122,161,70,19,13,5.0,100.0,80.0
6,12,123,161,73,16,15,5.0,100.0,80.0
4,12,124,163,72,19,16,5.0,100.0,80.0
2,9,121,160,71,17,12,5.0,100.0,80.0
6,12,124,162,74,18,16,5.0,100.0,80.0
6,8,123,158,72,15,13,5.0,100.0,80.0
6,11,122,161,72,18,13,5.0,100.0,80.0
3,8,120,159,68,13,12,5.0,100.0,80.0
1,13,118,162,69,14,13,5.0,100.0,80.0
1,10,116,157,67,15,9,5.0,100.0,80.0
3,6,122,158,70,15,12,5.0,100.0,80.0
6,12,122,161,72,19,15,5.0,100.0,80.0
6,9,120,158,69,16,12,5.0,100.0,80.0
2,12,122,164,71,20,11,5.0,100.0,80.0
6,14,122,162,72,21,15,5.0,100.0,80.0
5,9,121,161,72,16,13,5.0,100.0,80.0
5,7,121,159,71,16,15,5.0,100.0,80.0
2,11,120,160,70,15,10,5.0,100.0,80.0
5,11,123,160,71,19,13,5.0,100.0,80.0
4,12,122,159,69,16,14,5.0,100.0,80.0
5,12,122,162,72,19,14,5.0,100.0,80.0
4,14,123,162,70,18,10,5.0,100.0,80.0
2,12,118,160,68,16,9,5.0,100.0,80.0
1,10,120,154,70,13,10,5.0,100.0,80.0
3,9,121,160,71,16,13,5.0,100.0,80.0
7,7,122,159,72,16,13,5.0,100.0,80.0
4,12,122,164,71,19,12,5.0,100.0,80.0
4,7,119,162,68,18,11,5.0,100.0,80.0
3,14,120,163,68,19,13,5.0,100.0,80.0
7,7,122,158,72,14,13,5.0,100.0,80.0
7,11,122,162,72,19,15,5.0,100.0,80.0
2,11,116,100,53,26,7,6.0,100.0,80.0
3,13,119,99,55,29,11,6.0,100.0,80.0
5,7,118,97,55,23,12,6.0,100.0,80.0
5,12,118,94,54,18,13,6.0,100.0,80.0
2,11,114,97,51,26,9,6.0,100.0,80.0
5,12,118,98,52,25,10,6.0,100.0,80.0
6,11,119,98,56,24,12,6.0,100.0,80.0
5,9,119,99,55,26,11,6.0,100.0,80.0
4,12,120,101,55,26,13,6.0,100.0,80.0
4,9,118,99,55,24,14,6.0,100.0,80.0
7,9,118,96,55,22,12,6.0,100.0,80.0
4,11,114,100,52,24,9,6.0,100.0,80.0
5,11,118,101,54,24,10,6.0,100.0,80.0
6,8,119,96,54,24,11,6.0,100.0,80.0
6,10,119,99,54,25,12,6.0,100.0,80.0
3,12,117,100,52,23,13,6.0,100.0,80.0
5,11,115,99,52,24,10,6.0,100.0,80.0
6,11,119,101,52,25,11,6.0,100.0,80.0
6,12,118,99,53,25,15,6.0,100.0,80.0
1,7,118,95,55,22,13,6.0,100.0,80.0
4,5,119,96,54,19,11,6.0,100.0,80.0
4,12,117,99,53,24,11,6.0,100.0,80.0
4,11,116,99,50,24,12,6.0,100.0,80.0
6,10,119,101,54,25,13,6.0,100.0,80.0
6,7,120,98,55,23,13,6.0,100.0,80.0
8,11,119,99,53,24,13,6.0,100.0,80.0
4,12,119,102,54,27,11,6.0,100.0,80.0
7,10,119,99,55,24,12,6.0,100.0,80.0
6,11,119,100,54,25,15,6.0,100.0,80.0
2,12,115,101,52,25,10,6.0,100.0,80.0
6,12,118,101,55,25,12,6.0,100.0,80.0
5,5,118,94,56,20,12,6.0,100.0,80.0
0,12,113,101,49,25,7,6.0,100.0,80.0
2,9,117,96,53,22,10,6.0,100.0,80.0
4,12,119,101,55,26,12,6.0,100.0,80.0
2,8,116,98,54,25,9,6.0,100.0,80.0
4,11,116,101,54,25,11,6.0,100.0,80.0
0,8,117,101,55,26,6,6.0,100.0,80.0
6,8,119,95,56,22,12,6.0,100.0,80.0
5,9,119,100,54,24,10,6.0,100.0,80.0
3,11,115,100,52,25,9,6.0,100.0,80.0
6,7,118,96,56,20,12,6.0,100.0,80.0
1,11,114,100,48,25,8,6.0,100.0,80.0
5,11,119,101,55,27,13,6.0,100.0,80.0
5,9,119,96,55,22,12,6.0,100.0,80.0
2,11,117,99,52,25,11,6.0,100.0,80.0
6,11,117,97,54,22,11,6.0,100.0,80.0
6,12,117,100,53,26,11,6.0,100.0,80.0
5,7,119,94,55,21,12,6.0,100.0,80.0
3,12,119,98,54,24,12,6.0,100.0,80.0
6,5,118,97,55,20,13,6.0,100.0,80.0
4,6,119,96,55,21,12,6.0,100.0,80.0
5,6,119,97,56,21,13,6.0,100.0,80.0
7,6,119,97,55,22,14,6.0,100.0,80.0
4,8,118,96,55,20,13,6.0,100.0,80.0
7,12,118,100,55,27,12,6.0,100.0,80.0
5,9,120,97,55,22,13,6.0,100.0,80.0
4,8,119,99,54,23,13,6.0,100.0,80.0
3,11,119,100,55,26,10,6.0,100.0,80.0
0,10,115,100,53,25,9,6.0,100.0,80.0
6,11,118,102,54,24,13,6.0,100.0,80.0
6,10,118,101,54,26,13,6.0,100.0,80.0
5,11,120,99,54,26,11,6.0,100.0,80.0
5,11,119,101,56,25,11,6.0,100.0,80.0
5,10,120,99,56,25,13,6.0,100.0,80.0
5,6,120,95,56,20,12,6.0,100.0,80.0
3,11,119,98,54,20,13,6.0,100.0,80.0
4,12,117,99,53,23,13,6.0,100.0,80.0
5,10,118,100,55,25,12,6.0,100.0,80.0
5,12,120,101,54,26,14,6.0,100.0,80.0
4,5,119,95,57,20,13,6.0,100.0,80.0
3,11,116,101,53,24,10,6.0,100.0,80.0
5,11,119,101,55,26,13,6.0,100.0,80.0
5,11,120,99,56,25,12,6.0,100.0,80.0
6,10,118,101,52,26,11,6.0,100.0,80.0
3,12,118,102,56,25,13,6.0,100.0,80.0
5,10,119,99,56,25,12,6.0,100.0,80.0
3,10,119,98,56,24,11,6.0,100.0,80.0
4,11,116,96,52,22,10,6.0,100.0,80.0
5,11,119,101,56,26,12,6.0,100.0,80.0
5,10,118,100,53,26,9,6.0,100.0,80.0
1,10,114,101,50,27,8,6.0,100.0,80.0
6,9,117,98,53,23,10,6.0,100.0,80.0
2,7,117,101,55,26,8,6.0,100.0,80.0
6,6,119,96,56,20,10,6.0,100.0,80.0
0,12,114,101,53,26,7,6.0,100.0,80.0
4,11,116,99,54,26,12,6.0,100.0,80.0
1,11,114,101,50,26,8,6.0,100.0,80.0
4,11,115,99,50,25,9,6.0,100.0,80.0
6,12,117,99,53,25,9,6.0,100.0,80.0
5,10,119,99,54,24,12,6.0,100.0,80.0
2,11,115,99,51,24,8,6.0,100.0,80.0
5,11,119,100,54,24,11,6.0,100.0,80.0
6,10,118,98,54,23,13,6.0,100.0,80.0
2,8,118,99,54,24,12,6.0,100.0,80.0
4,10,116,98,52,23,10,6.0,100.0,80.0
4,13,116,95,54,21,10,6.0,100.0,80.0
2,11,118,98,54,24,12,6.0,100.0,80.0
4,11,117,98,54,22,12,6.0,100.0,80.0
0,11,112,99,49,25,6,6.0,100.0,80.0
0,10,93,66,39,25,7,7.0,100.0,80.0
5,6,98,64,44,23,13,7.0,100.0,80.0
6,5,98,64,43,20,11,7.0,100.0,80.0
6,3,98,63,42,22,13,7.0,100.0,80.0
6,10,98,65,42,24,13,7.0,100.0,80.0
5,10,98,64,44,22,12,7.0,100.0,80.0
5,8,99,66,44,26,13,7.0,100.0,80.0
3,7,93,67,39,25,11,7.0,100.0,80.0
4,9,97,66,43,24,13,7.0,100.0,80.0
2,10,92,68,38,25,6,7.0,100.0,80.0
6,10,99,66,44,24,13,7.0,100.0,80.0
4,8,97,65,42,24,12,7.0,100.0,80.0
6,11,97,68,43,26,12,7.0,100.0,80.0
6,11,98,65,42,26,11,7.0,100.0,80.0
4,11,94,68,37,27,8,7.0,100.0,80.0
5,11,98,66,44,23,11,7.0,100.0,80.0
3,13,97,66,43,25,13,7.0,100.0,80.0
5,8,98,64,42,20,11,7.0,100.0,80.0
5,10,99,66,43,25,14,7.0,100.0,80.0
5,10,101,66,44,25,13,7.0,100.0,80.0
4,10,98,61,42,20,12,7.0,100.0,80.0
4,11,99,66,44,23,11,7.0,100.0,80.0
5,9,94,67,41,24,10,7.0,100.0,80.0
1,12,98,66,42,25,11,7.0,100.0,80.0
4,12,98,60,44,21,11,7.0,100.0,80.0
2,11,95,67,42,25,10,7.0,100.0,80.0
3,10,98,66,43,23,11,7.0,100.0,80.0
4,11,94,66,40,24,10,7.0,100.0,80.0
4,10,97,67,43,27,11,7.0,100.0,80.0
6,10,99,67,43,24,11,7.0,100.0,80.0
3,11,95,68,39,26,9,7.0,100.0,80.0
3,10,96,66,40,26,11,7.0,100.0,80.0
5,11,99,69,44,27,11,7.0,100.0,80.0
5,8,100,67,43,24,12,7.0,100.0,80.0
4,11,97,67,43,27,11,7.0,100.0,80.0
4,11,99,68,45,25,13,7.0,100.0,80.0
5,11,97,68,44,24,12,7.0,100.0,80.0
2,10,94,67,39,27,8,7.0,100.0,80.0
2,10,95,67,44,24,10,7.0,100.0,80.0
6,7,100,61,44,20,13,7.0,100.0,80.0
4,11,99,68,45,24,13,7.0,100.0,80.0
7,10,98,68,44,24,13,7.0,100.0,80.0
5,6,100,65,45,23,13,7.0,100.0,80.0
4,7,100,67,44,24,12,7.0,100.0,80.0
4,6,98,64,43,22,12,7.0,100.0,80.0
7,7,100,64,45,22,13,7.0,100.0,80.0
6,10,99,63,44,19,11,7.0,100.0,80.0
6,7,99,61,44,22,12,7.0,100.0,80.0
6,10,99,63,44,22,12,7.0,100.0,80.0
6,8,98,67,43,25,12,7.0,100.0,80.0
4,9,99,69,41,24,11,7.0,100.0,80.0
4,8,99,64,44,19,13,7.0,100.0,80.0
3,8,99,66,43,22,11,7.0,100.0,80.0
5,11,100,66,44,24,13,7.0,100.0,80.0
6,8,99,65,43,23,12,7.0,100.0,80.0
5,6,99,65,44,22,12,7.0,100.0,80.0
4,9,99,68,44,26,13,7.0,100.0,80.0
0,12,94,67,40,25,4,7.0,100.0,80.0
5,10,98,67,40,27,12,7.0,100.0,80.0
4,11,98,69,44,26,12,7.0,100.0,80.0
5,10,99,67,44,25,11,7.0,100.0,80.0
6,11,100,68,45,27,13,7.0,100.0,80.0
5,9,99,68,43,24,12,7.0,100.0,80.0
6,10,100,64,45,24,12,7.0,100.0,80.0
3,10,98,66,43,25,11,7.0,100.0,80.0
4,6,100,63,45,20,13,7.0,100.0,80.0
4,10,101,68,45,27,13,7.0,100.0,80.0
6,7,98,64,44,22,11,7.0,100.0,80.0
2,10,95,65,41,23,10,7.0,100.0,80.0
4,6,101,63,44,19,13,7.0,100.0,80.0
1,11,95,67,42,24,8,7.0,100.0,80.0
3,11,99,68,45,26,11,7.0,100.0,80.0
6,10,99,67,45,24,13,7.0,100.0,80.0
2,10,94,67,40,24,5,7.0,100.0,80.0
5,6,99,67,46,25,12,7.0,100.0,80.0
2,10,94,68,42,25,8,7.0,100.0,80.0
5,11,98,64,45,25,13,7.0,100.0,80.0
5,9,101,63,42,21,11,7.0,100.0,80.0
3,10,97,69,39,25,11,7.0,100.0,80.0
3,11,101,68,45,24,12,7.0,100.0,80.0
2,11,100,69,45,26,11,7.0,100.0,80.0
5,11,98,68,46,24,11,7.0,100.0,80.0
3,6,101,61,45,19,14,7.0,100.0,80.0
4,7,98,69,45,26,12,7.0,100.0,80.0
1,10,97,67,42,26,8,7.0,100.0,80.0
6,8,99,68,44,26,10,7.0,100.0,80.0
7,6,99,65,45,24,12,7.0,100.0,80.0
5,6,98,66,45,22,11,7.0,100.0,80.0
6,10,100,69,43,26,13,7.0,100.0,80.0
1,10,93,68,41,26,10,7.0,100.0,80.0
4,11,99,68,44,25,13,7.0,100.0,80.0
3,6,98,69,41,26,13,7.0,100.0,80.0
6,10,100,69,44,26,12,7.0,100.0,80.0
6,10,101,69,45,24,14,7.0,100.0,80.0
2,11,95,69,40,27,9,7.0,100.0,80.0
4,8,101,66,45,22,12,7.0,100.0,80.0
4,5,100,68,46,22,14,7.0,100.0,80.0
3,10,100,68,44,26,13,7.0,100.0,80.0
5,9,100,67,45,26,14,7.0,100.0,80.0
6,8,100,70,44,26,13,7.0,100.0,80.0
3,11,80,48,37,21,12,8.0,100.0,80.0
3,12,78,48,35,24,12,8.0,100.0,80.0
0,11,75,50,33,22,11,8.0,100.0,80.0
5,11,78,49,35,23,12,8.0,100.0,80.0
4,8,80,48,36,21,12,8.0,100.0,80.0
2,12,76,47,36,24,10,8.0,100.0,80.0
5,11,80,47,37,20,13,8.0,100.0,80.0
5,11,80,50,38,21,13,8.0,100.0,80.0
4,11,75,48,33,24,10,8.0,100.0,80.0
6,11,79,48,37,21,14,8.0,100.0,80.0
6,9,80,46,38,20,14,8.0,100.0,80.0
5,7,79,47,38,18,13,8.0,100.0,80.0
7,12,81,50,38,24,14,8.0,100.0,80.0
5,9,81,45,38,19,14,8.0,100.0,80.0
5,7,80,43,38,17,14,8.0,100.0,80.0
5,11,78,47,38,22,13,8.0,100.0,80.0
5,11,81,48,37,22,14,8.0,100.0,80.0
6,10,80,49,37,23,15,8.0,100.0,80.0
5,11,80,47,38,22,13,8.0,100.0,80.0
6,7,80,44,39,17,11,8.0,100.0,80.0
5,12,80,50,40,24,14,8.0,100.0,80.0
6,6,80,46,38,18,13,8.0,100.0,80.0
4,10,79,48,37,22,13,8.0,100.0,80.0
4,11,80,48,36,23,13,8.0,100.0,80.0
0,9,76,48,36,23,9,8.0,100.0,80.0
3,9,76,48,33,23,9,8.0,100.0,80.0
4,11,78,50,38,22,13,8.0,100.0,80.0
5,10,78,47,38,22,13,8.0,100.0,80.0
6,8,81,46,36,18,13,8.0,100.0,80.0
2,11,76,50,32,24,9,8.0,100.0,80.0
5,11,80,49,37,23,14,8.0,100.0,80.0
5,7,79,44,37,15,12,8.0,100.0,80.0
6,9,79,50,38,22,13,8.0,100.0,80.0
1,11,75,48,35,23,10,8.0,100.0,80.0
6,10,81,49,38,23,13,8.0,100.0,80.0
4,10,77,47,36,23,10,8.0,100.0,80.0
5,5,80,46,38,19,14,8.0,100.0,80.0
3,11,76,50,32,24,9,8.0,100.0,80.0
5,10,81,49,38,22,13,8.0,100.0,80.0
5,10,80,49,38,24,14,8.0,100.0,80.0
5,12,80,49,35,24,10,8.0,100.0,80.0
5,10,76,49,36,23,9,8.0,100.0,80.0
6,10,80,50,36,24,14,8.0,100.0,80.0
5,10,80,48,38,24,13,8.0,100.0,80.0
2,12,77,48,30,24,11,8.0,100.0,80.0
6,10,79,49,40,23,14,8.0,100.0,80.0
3,12,77,49,34,22,11,8.0,100.0,80.0
6,6,80,44,37,21,14,8.0,100.0,80.0
5,12,78,46,37,20,14,8.0,100.0,80.0
6,12,81,48,38,23,14,8.0,100.0,80.0
6,10,80,48,38,23,12,8.0,100.0,80.0
4,10,78,48,36,23,13,8.0,100.0,80.0
6,11,80,49,36,22,14,8.0,100.0,80.0
5,12,76,49,36,22,12,8.0,100.0,80.0
6,12,79,47,37,21,14,8.0,100.0,80.0
7,11,79,44,37,19,12,8.0,100.0,80.0
6,9,78,49,37,23,13,8.0,100.0,80.0
2,10,75,50,34,22,9,8.0,100.0,80.0
6,12,78,48,35,23,12,8.0,100.0,80.0
6,12,81,50,37,23,12,8.0,100.0,80.0
5,9,79,49,36,24,12,8.0,100.0,80.0
4,9,75,50,36,23,13,8.0,100.0,80.0
6,12,81,46,38,17,13,8.0,100.0,80.0
2,11,77,50,37,23,10,8.0,100.0,80.0
4,10,76,48,32,23,11,8.0,100.0,80.0
4,6,80,48,38,23,12,8.0,100.0,80.0
4,9,80,45,37,22,12,8.0,100.0,80.0
5,9,80,45,37,20,12,8.0,100.0,80.0
6,9,79,45,38,19,14,8.0,100.0,80.0
6,10,79,49,38,22,13,8.0,100.0,80.0
7,7,80,45,38,17,13,8.0,100.0,80.0
4,8,79,50,36,21,13,8.0,100.0,80.0
2,9,76,49,33,23,9,8.0,100.0,80.0
5,11,79,48,36,21,13,8.0,100.0,80.0
4,6,81,49,38,22,13,8.0,100.0,80.0
3,9,78,49,37,22,12,8.0,100.0,80.0
4,7,80,45,36,19,13,8.0,100.0,80.0
6,11,78,50,37,22,13,8.0,100.0,80.0
5,11,80,49,38,21,13,8.0,100.0,80.0
4,8,80,50,36,24,13,8.0,100.0,80.0
6,10,78,50,37,24,13,8.0,100.0,80.0
3,11,77,49,35,24,10,8.0,100.0,80.0
4,11,77,48,36,24,13,8.0,100.0,80.0
5,9,80,50,36,23,12,8.0,100.0,80.0
4,8,80,46,36,20,14,8.0,100.0,80.0
3,9,80,45,36,19,13,8.0,100.0,80.0
6,14,79,48,37,24,14,8.0,100.0,80.0
4,10,80,50,37,24,14,8.0,100.0,80.0
6,9,80,47,36,21,14,8.0,100.0,80.0
6,9,80,46,38,22,14,8.0,100.0,80.0
5,7,78,47,37,21,11,8.0,100.0,80.0
6,11,78,50,37,24,14,8.0,100.0,80.0
5,11,80,49,37,22,12,8.0,100.0,80.0
5,11,78,50,34,22,12,8.0,100.0,80.0
4,10,80,47,37,20,14,8.0,100.0,80.0
7,9,80,48,38,23,13,8.0,100.0,80.0
5,9,80,46,36,22,12,8.0,100.0,80.0
6,11,80,50,38,24,13,8.0,100.0,80.0
6,11,80,49,36,21,14,8.0,100.0,80.0
3,12,77,48,35,23,11,8.0,100.0,80.0
3,8,10,13,14,261,7,4.0,60.0,40.0
3,6,7,13,11,261,6,4.0,60.0,40.0
2,7,7,14,11,264,5,4.0,60.0,40.0
4,7,9,14,12,264,5,4.0,60.0,40.0
0,6,5,14,10,263,3,4.0,60.0,40.0
2,6,6,14,12,264,5,4.0,60.0,40.0
4,6,10,13,15,264,7,4.0,60.0,40.0
2,7,7,13,11,263,6,4.0,60.0,40.0
3,7,8,14,13,265,5,4.0,60.0,40.0
3,4,8,9,14,259,6,4.0,60.0,40.0
3,4,7,12,12,261,5,4.0,60.0,40.0
0,2,5,9,12,259,4,4.0,60.0,40.0
4,7,8,13,13,264,7,4.0,60.0,40.0
4,7,7,13,14,263,8,4.0,60.0,40.0
3,9,9,14,13,263,5,4.0,60.0,40.0
3,7,9,13,13,261,6,4.0,60.0,40.0
4,6,9,14,13,264,6,4.0,60.0,40.0
4,7,7,15,10,264,7,4.0,60.0,40.0
3,9,10,15,14,264,5,4.0,60.0,40.0
2,8,7,16,10,264,5,4.0,60.0,40.0
1,6,5,11,13,261,4,4.0,60.0,40.0
3,0,6,12,10,259,4,4.0,60.0,40.0
4,8,7,15,14,265,6,4.0,60.0,40.0
3,7,9,13,14,263,7,4.0,60.0,40.0
0,6,6,12,10,262,5,4.0,60.0,40.0
0,5,5,12,12,261,2,4.0,60.0,40.0
5,9,9,16,13,266,7,4.0,60.0,40.0
3,8,9,14,13,263,7,4.0,60.0,40.0
4,7,8,14,12,263,6,4.0,60.0,40.0
0,6,4,8,9,259,1,4.0,60.0,40.0
0,2,6,10,11,259,0,4.0,60.0,40.0
4,8,9,14,13,263,6,4.0,60.0,40.0
6,8,9,15,13,264,7,4.0,60.0,40.0
0,0,3,8,7,259,1,4.0,60.0,40.0
3,8,9,14,14,264,6,4.0,60.0,40.0
2,6,5,13,9,264,4,4.0,60.0,40.0
4,8,7,14,14,265,5,4.0,60.0,40.0
1,7,8,14,13,263,7,4.0,60.0,40.0
2,4,8,12,11,263,4,4.0,60.0,40.0
0,6,5,13,8,262,4,4.0,60.0,40.0
4,9,9,15,14,264,6,4.0,60.0,40.0
0,4,3,11,8,261,1,4.0,60.0,40.0
3,1,6,12,10,260,3,4.0,60.0,40.0
0,4,8,8,13,257,5,4.0,60.0,40.0
3,6,10,14,14,264,5,4.0,60.0,40.0
0,8,7,15,11,264,4,4.0,60.0,40.0
4,8,10,14,14,264,6,4.0,60.0,40.0
4,6,6,14,14,263,5,4.0,60.0,40.0
2,2,7,12,11,262,4,4.0,60.0,40.0
5,9,7,16,14,264,6,4.0,60.0,40.0
0,3,5,9,8,260,2,4.0,60.0,40.0
2,7,9,13,14,264,6,4.0,60.0,40.0
3,7,5,11,11,260,3,4.0,60.0,40.0
3,9,8,15,12,264,7,4.0,60.0,40.0
0,6,5,13,8,260,4,4.0,60.0,40.0
4,9,8,14,14,265,6,4.0,60.0,40.0
0,0,8,9,12,260,3,4.0,60.0,40.0
0,1,2,8,7,258,1,4.0,60.0,40.0
1,7,8,14,14,262,7,4.0,60.0,40.0
3,8,5,13,9,264,3,4.0,60.0,40.0
2,5,8,10,13,262,5,4.0,60.0,40.0
3,8,8,16,12,265,7,4.0,60.0,40.0
0,8,4,13,11,263,2,4.0,60.0,40.0
3,8,7,15,12,265,6,4.0,60.0,40.0
3,7,5,13,12,264,5,4.0,60.0,40.0
3,7,8,14,12,264,7,4.0,60.0,40.0
0,6,1,13,8,261,0,4.0,60.0,40.0
2,6,6,15,12,265,5,4.0,60.0,40.0
2,1,7,11,9,262,5,4.0,60.0,40.0
0,5,5,14,10,259,4,4.0,60.0,40.0
0,6,4,9,8,259,3,4.0,60.0,40.0
0,3,3,10,11,261,2,4.0,60.0,40.0
3,8,8,12,13,262,6,4.0,60.0,40.0
4,9,9,15,14,265,6,4.0,60.0,40.0
1,3,5,12,10,261,3,4.0,60.0,40.0
1,6,4,14,8,263,2,4.0,60.0,40.0
0,1,5,8,10,259,2,4.0,60.0,40.0
3,7,7,13,11,263,4,4.0,60.0,40.0
2,6,8,12,13,264,6,4.0,60.0,40.0
0,8,4,14,6,261,3,4.0,60.0,40.0
3,8,9,15,15,262,7,4.0,60.0,40.0
3,7,10,13,14,263,7,4.0,60.0,40.0
4,8,6,13,11,263,7,4.0,60.0,40.0
0,6,4,13,11,263,4,4.0,60.0,40.0
0,8,5,13,11,263,3,4.0,60.0,40.0
4,7,8,12,12,263,7,4.0,60.0,40.0
0,5,8,12,12,263,5,4.0,60.0,40.0
1,7,5,10,9,257,2,4.0,60.0,40.0
3,6,8,13,14,264,6,4.0,60.0,40.0
0,4,1,9,8,260,0,4.0,60.0,40.0
5,10,9,16,13,265,6,4.0,60.0,40.0
1,6,5,11,9,259,3,4.0,60.0,40.0
4,6,8,13,14,263,6,4.0,60.0,40.0
4,8,8,14,14,263,7,4.0,60.0,40.0
2,4,7,15,14,264,4,4.0,60.0,40.0
3,6,6,13,9,261,4,4.0,60.0,40.0
3,6,6,14,11,262,4,4.0,60.0,40.0
2,2,8,9,14,257,6,4.0,60.0,40.0
2,8,7,13,11,263,3,4.0,60.0,40.0
0,1,3,13,8,259,0,4.0,60.0,40.0
4,3,8,13,15,157,4,5.0,60.0,40.0
4,2,9,9,14,152,4,5.0,60.0,40.0
4,9,9,14,13,157,6,5.0,60.0,40.0
4,5,10,12,14,156,7,5.0,60.0,40.0
0,8,8,13,14,156,6,5.0,60.0,40.0
2,3,10,7,14,151,5,5.0,60.0,40.0
0,7,5,13,12,157,3,5.0,60.0,40.0
4,5,6,12,13,155,4,5.0,60.0,40.0
3,4,8,14,14,160,6,5.0,60.0,40.0
2,8,8,10,14,158,6,5.0,60.0,40.0
2,8,7,13,13,157,6,5.0,60.0,40.0
2,7,6,13,10,157,1,5.0,60.0,40.0
0,4,5,12,10,157,2,5.0,60.0,40.0
4,6,9,14,15,156,7,5.0,60.0,40.0
3,5,7,13,14,157,4,5.0,60.0,40.0
0,9,3,14,13,160,1,5.0,60.0,40.0
4,9,9,14,14,158,5,5.0,60.0,40.0
4,2,8,10,14,152,7,5.0,60.0,40.0
1,8,8,12,14,156,4,5.0,60.0,40.0
5,4,8,13,15,157,8,5.0,60.0,40.0
4,7,8,14,15,155,5,5.0,60.0,40.0
3,3,7,11,13,155,3,5.0,60.0,40.0
0,8,5,15,10,158,2,5.0,60.0,40.0
5,2,8,13,15,159,7,5.0,60.0,40.0
0,7,6,14,13,157,3,5.0,60.0,40.0
2,5,8,12,14,155,4,5.0,60.0,40.0
0,7,6,12,10,156,1,5.0,60.0,40.0
5,9,6,12,11,156,6,5.0,60.0,40.0
4,7,9,14,13,158,5,5.0,60.0,40.0
4,7,9,13,15,158,7,5.0,60.0,40.0
2,6,8,14,14,158,5,5.0,60.0,40.0
2,3,9,9,13,152,5,5.0,60.0,40.0
2,4,8,15,14,156,7,5.0,60.0,40.0
4,4,9,14,15,158,6,5.0,60.0,40.0
2,4,7,11,12,154,5,5.0,60.0,40.0
0,5,5,14,11,156,5,5.0,60.0,40.0
2,5,9,15,13,157,4,5.0,60.0,40.0
5,6,8,13,14,157,7,5.0,60.0,40.0
4,3,9,9,13,154,7,5.0,60.0,40.0
4,2,7,9,13,154,6,5.0,60.0,40.0
3,1,8,8,14,152,5,5.0,60.0,40.0
2,8,5,13,9,157,2,5.0,60.0,40.0
1,9,4,10,9,152,2,5.0,60.0,40.0
3,8,7,13,14,154,6,5.0,60.0,40.0
3,6,9,13,13,158,4,5.0,60.0,40.0
0,5,4,12,8,156,0,5.0,60.0,40.0
6,9,9,14,14,157,8,5.0,60.0,40.0
3,2,8,14,15,158,6,5.0,60.0,40.0
2,5,6,10,12,153,3,5.0,60.0,40.0
1,6,9,10,13,155,5,5.0,60.0,40.0
4,5,8,10,13,152,5,5.0,60.0,40.0
0,6,4,10,10,157,1,5.0,60.0,40.0
2,8,9,14,14,158,6,5.0,60.0,40.0
4,6,8,13,13,156,8,5.0,60.0,40.0
0,7,6,12,10,156,3,5.0,60.0,40.0
3,6,7,13,11,157,3,5.0,60.0,40.0
2,5,6,10,11,153,1,5.0,60.0,40.0
0,6,2,13,9,156,1,5.0,60.0,40.0
2,8,8,13,14,155,5,5.0,60.0,40.0
4,6,9,13,14,156,5,5.0,60.0,40.0
2,8,6,13,13,157,3,5.0,60.0,40.0
1,8,3,14,12,158,2,5.0,60.0,40.0
0,5,5,13,11,157,4,5.0,60.0,40.0
3,8,7,10,13,156,4,5.0,60.0,40.0
4,5,8,12,15,156,6,5.0,60.0,40.0
0,8,1,10,7,156,0,5.0,60.0,40.0
3,8,7,11,13,156,5,5.0,60.0,40.0
1,8,7,12,12,157,3,5.0,60.0,40.0
2,8,3,9,8,157,0,5.0,60.0,40.0
4,5,9,11,11,156,6,5.0,60.0,40.0
2,6,9,16,12,158,8,5.0,60.0,40.0
3,7,9,12,14,156,6,5.0,60.0,40.0
5,7,8,15,14,159,5,5.0,60.0,40.0
2,5,8,9,15,153,6,5.0,60.0,40.0
0,5,6,13,12,157,4,5.0,60.0,40.0
0,7,7,13,12,155,4,5.0,60.0,40.0
3,8,8,12,13,157,5,5.0,60.0,40.0
0,5,4,13,13,155,2,5.0,60.0,40.0
5,6,9,14,14,159,8,5.0,60.0,40.0
0,8,2,13,9,157,0,5.0,60.0,40.0
4,8,10,13,15,158,8,5.0,60.0,40.0
3,4,8,13,15,159,7,5.0,60.0,40.0
4,7,9,14,14,157,6,5.0,60.0,40.0
1,3,8,12,12,156,6,5.0,60.0,40.0
0,7,6,14,9,156,2,5.0,60.0,40.0
0,8,2,13,9,158,1,5.0,60.0,40.0
2,7,7,14,14,156,4,5.0,60.0,40.0
0,6,6,13,13,156,4,5.0,60.0,40.0
0,6,3,12,9,155,2,5.0,60.0,40.0
0,7,6,13,12,157,2,5.0,60.0,40.0
1,6,6,13,13,156,4,5.0,60.0,40.0
1,3,8,9,13,153,6,5.0,60.0,40.0
0,7,5,14,8,157,2,5.0,60.0,40.0
5,2,9,9,13,153,5,5.0,60.0,40.0
1,4,2,12,9,156,2,5.0,60.0,40.0
3,6,9,13,15,156,4,5.0,60.0,40.0
2,5,8,13,15,156,6,5.0,60.0,40.0
0,8,5,13,10,157,2,5.0,60.0,40.0
2,4,3,9,12,154,5,5.0,60.0,40.0
3,7,5,12,11,156,4,5.0,60.0,40.0
0,4,6,7,9,55,4,6.0,60.0,40.0
2,1,5,9,8,54,4,6.0,60.0,40.0
0,3,1,8,7,54,0,6.0,60.0,40.0
4,4,5,8,11,55,6,6.0,60.0,40.0
0,5,5,8,9,56,3,6.0,60.0,40.0
0,4,4,7,10,53,1,6.0,60.0,40.0
1,0,3,5,6,53,3,6.0,60.0,40.0
1,3,5,11,9,57,4,6.0,60.0,40.0
1,2,6,7,7,55,4,6.0,60.0,40.0
0,3,2,7,4,55,1,6.0,60.0,40.0
3,6,6,11,10,58,5,6.0,60.0,40.0
3,6,7,9,9,59,5,6.0,60.0,40.0
1,6,6,6,9,53,4,6.0,60.0,40.0
1,3,4,8,10,54,5,6.0,60.0,40.0
3,3,7,10,10,57,4,6.0,60.0,40.0
3,6,6,9,10,55,5,6.0,60.0,40.0
0,0,6,6,8,52,0,6.0,60.0,40.0
0,3,5,6,8,54,3,6.0,60.0,40.0
2,5,6,7,9,55,7,6.0,60.0,40.0
0,0,2,8,8,54,2,6.0,60.0,40.0
3,5,5,10,10,57,5,6.0,60.0,40.0
0,0,4,8,8,54,2,6.0,60.0,40.0
2,5,2,12,5,58,0,6.0,60.0,40.0
0,4,1,11,7,58,3,6.0,60.0,40.0
0,4,2,10,6,52,1,6.0,60.0,40.0
2,1,6,12,9,57,6,6.0,60.0,40.0
1,7,6,13,10,60,6,6.0,60.0,40.0
4,5,7,10,10,56,3,6.0,60.0,40.0
2,1,7,6,10,53,5,6.0,60.0,40.0
3,5,4,12,10,58,4,6.0,60.0,40.0
1,0,4,4,9,51,2,6.0,60.0,40.0
4,5,6,12,10,57,6,6.0,60.0,40.0
3,1,6,11,10,58,5,6.0,60.0,40.0
3,6,5,5,11,53,6,6.0,60.0,40.0
0,2,3,6,6,55,4,6.0,60.0,40.0
0,3,4,9,6,55,3,6.0,60.0,40.0
2,5,5,2,9,52,5,6.0,60.0,40.0
2,3,5,10,9,56,5,6.0,60.0,40.0
4,4,5,10,9,56,5,6.0,60.0,40.0
4,5,6,10,10,59,3,6.0,60.0,40.0
3,7,7,11,11,57,6,6.0,60.0,40.0
4,5,7,10,11,56,7,6.0,60.0,40.0
2,2,5,11,6,57,5,6.0,60.0,40.0
1,3,2,9,6,55,2,6.0,60.0,40.0
0,2,3,10,8,58,2,6.0,60.0,40.0
1,1,5,9,8,56,2,6.0,60.0,40.0
2,6,7,10,11,58,4,6.0,60.0,40.0
1,3,3,9,8,53,3,6.0,60.0,40.0
0,4,3,8,9,54,4,6.0,60.0,40.0
2,5,6,10,10,57,6,6.0,60.0,40.0
0,3,7,8,11,57,4,6.0,60.0,40.0
1,3,2,10,5,56,1,6.0,60.0,40.0
0,0,1,3,7,53,1,6.0,60.0,40.0
0,2,5,6,9,53,4,6.0,60.0,40.0
0,4,0,10,3,57,0,6.0,60.0,40.0
2,4,4,11,7,56,4,6.0,60.0,40.0
4,4,7,10,10,58,5,6.0,60.0,40.0
4,5,6,9,8,57,6,6.0,60.0,40.0
0,1,3,8,7,57,1,6.0,60.0,40.0
2,3,4,8,7,57,2,6.0,60.0,40.0
3,2,6,12,9,59,5,6.0,60.0,40.0
1,7,5,9,10,56,5,6.0,60.0,40.0
3,5,5,12,8,59,4,6.0,60.0,40.0
0,2,0,8,4,56,0,6.0,60.0,40.0
1,6,7,11,10,57,4,6.0,60.0,40.0
4,4,8,8,10,56,5,6.0,60.0,40.0
2,4,6,10,7,54,5,6.0,60.0,40.0
2,5,7,11,12,58,6,6.0,60.0,40.0
0,5,2,9,6,54,0,6.0,60.0,40.0
4,6,8,10,10,57,6,6.0,60.0,40.0
0,3,5,11,9,57,4,6.0,60.0,40.0
0,1,0,11,5,56,0,6.0,60.0,40.0
0,2,1,10,6,56,0,6.0,60.0,40.0
1,3,6,9,9,56,4,6.0,60.0,40.0
0,0,3,8,8,53,1,6.0,60.0,40.0
4,3,6,8,10,56,6,6.0,60.0,40.0
1,5,4,12,7,58,4,6.0,60.0,40.0
0,0,2,5,8,53,0,6.0,60.0,40.0
0,3,6,7,10,52,2,6.0,60.0,40.0
3,7,4,9,9,53,3,6.0,60.0,40.0
4,5,8,10,9,58,6,6.0,60.0,40.0
2,4,6,10,8,58,5,6.0,60.0,40.0
0,0,2,8,7,54,3,6.0,60.0,40.0
0,4,1,9,6,56,0,6.0,60.0,40.0
3,4,5,10,8,57,3,6.0,60.0,40.0
2,3,5,7,9,52,2,6.0,60.0,40.0
3,5,7,11,10,58,5,6.0,60.0,40.0
3,6,6,12,8,58,5,6.0,60.0,40.0
0,0,2,2,8,52,1,6.0,60.0,40.0
4,5,7,11,10,57,6,6.0,60.0,40.0
2,1,6,11,8,58,3,6.0,60.0,40.0
3,5,6,10,10,57,7,6.0,60.0,40.0
0,2,3,10,6,53,0,6.0,60.0,40.0
0,3,0,8,5,57,1,6.0,60.0,40.0
1,0,3,7,6,54,2,6.0,60.0,40.0
2,3,5,9,8,56,5,6.0,60.0,40.0
1,6,5,11,10,60,4,6.0,60.0,40.0
2,3,6,10,9,57,5,6.0,60.0,40.0
0,3,4,5,8,54,1,6.0,60.0,40.0
0,5,1,11,6,56,0,6.0,60.0,40.0
0,3,6,9,9,29,4,7.0,60.0,40.0
5,3,6,5,10,25,5,7.0,60.0,40.0
2,1,3,5,6,25,4,7.0,60.0,40.0
4,3,5,7,7,28,5,7.0,60.0,40.0
3,3,4,10,8,30,4,7.0,60.0,40.0
4,7,5,6,9,29,4,7.0,60.0,40.0
3,1,4,6,7,26,5,7.0,60.0,40.0
0,4,5,8,8,30,3,7.0,60.0,40.0
0,2,4,7,7,28,1,7.0,60.0,40.0
4,3,6,8,9,28,5,7.0,60.0,40.0
2,0,5,7,9,26,6,7.0,60.0,40.0
3,4,6,6,10,28,4,7.0,60.0,40.0
2,1,5,9,7,29,5,7.0,60.0,40.0
4,0,5,6,7,24,4,7.0,60.0,40.0
1,5,7,6,11,27,4,7.0,60.0,40.0
1,5,6,10,10,30,5,7.0,60.0,40.0
0,6,0,10,5,31,0,7.0,60.0,40.0
0,2,3,4,8,29,2,7.0,60.0,40.0
0,1,0,9,5,30,1,7.0,60.0,40.0
3,4,7,8,8,28,6,7.0,60.0,40.0
2,0,6,5,10,25,5,7.0,60.0,40.0
3,5,7,8,9,30,6,7.0,60.0,40.0
3,3,4,10,8,32,2,7.0,60.0,40.0
1,2,5,7,10,29,2,7.0,60.0,40.0
3,6,6,10,10,31,5,7.0,60.0,40.0
3,2,4,8,8,29,4,7.0,60.0,40.0
4,6,8,9,9,31,7,7.0,60.0,40.0
2,3,6,9,10,31,6,7.0,60.0,40.0
0,0,2,9,6,30,0,7.0,60.0,40.0
2,3,5,8,8,31,3,7.0,60.0,40.0
0,3,1,8,6,30,0,7.0,60.0,40.0
0,4,4,8,8,29,5,7.0,60.0,40.0
2,5,7,10,10,31,5,7.0,60.0,40.0
4,3,5,10,8,32,6,7.0,60.0,40.0
3,4,5,10,11,30,6,7.0,60.0,40.0
1,3,0,8,4,30,1,7.0,60.0,40.0
1,4,4,10,8,29,4,7.0,60.0,40.0
4,4,6,9,10,32,5,7.0,60.0,40.0
2,3,2,9,6,30,3,7.0,60.0,40.0
3,5,6,8,10,32,6,7.0,60.0,40.0
2,5,6,10,8,30,3,7.0,60.0,40.0
3,4,7,10,10,30,5,7.0,60.0,40.0
5,5,6,10,9,29,6,7.0,60.0,40.0
3,2,6,6,10,29,5,7.0,60.0,40.0
2,2,4,8,9,27,4,7.0,60.0,40.0
1,4,2,8,6,31,2,7.0,60.0,40.0
0,2,1,5,6,28,0,7.0,60.0,40.0
0,5,0,11,2,31,0,7.0,60.0,40.0
2,4,6,10,9,31,5,7.0,60.0,40.0
0,4,4,11,5,29,3,7.0,60.0,40.0
3,3,6,10,9,31,6,7.0,60.0,40.0
2,0,4,5,7,24,3,7.0,60.0,40.0
3,5,6,8,10,31,5,7.0,60.0,40.0
2,0,3,9,8,30,4,7.0,60.0,40.0
0,3,4,9,7,31,2,7.0,60.0,40.0
1,4,2,9,6,30,3,7.0,60.0,40.0
1,4,5,9,8,30,1,7.0,60.0,40.0
3,4,6,8,8,30,3,7.0,60.0,40.0
4,4,7,6,11,30,5,7.0,60.0,40.0
1,0,5,5,7,26,5,7.0,60.0,40.0
0,0,4,5,7,26,3,7.0,60.0,40.0
0,4,1,9,4,30,2,7.0,60.0,40.0
2,0,5,6,7,25,5,7.0,60.0,40.0
0,4,4,8,6,29,1,7.0,60.0,40.0
3,5,5,8,9,30,6,7.0,60.0,40.0
3,3,7,10,9,29,6,7.0,60.0,40.0
1,2,5,6,7,26,4,7.0,60.0,40.0
1,4,1,9,5,29,2,7.0,60.0,40.0
2,6,2,9,5,30,4,7.0,60.0,40.0
2,0,6,5,10,24,5,7.0,60.0,40.0
4,2,4,8,8,31,5,7.0,60.0,40.0
3,6,6,10,8,30,3,7.0,60.0,40.0
0,5,3,8,9,28,0,7.0,60.0,40.0
4,3,6,6,9,30,5,7.0,60.0,40.0
3,0,6,5,10,26,5,7.0,60.0,40.0
0,3,0,8,3,29,0,7.0,60.0,40.0
3,5,6,9,10,30,5,7.0,60.0,40.0
0,4,2,10,6,32,2,7.0,60.0,40.0
0,1,5,8,7,30,1,7.0,60.0,40.0
0,3,1,5,6,29,0,7.0,60.0,40.0
2,3,5,11,10,31,4,7.0,60.0,40.0
0,0,1,4,6,27,0,7.0,60.0,40.0
0,2,5,9,8,29,2,7.0,60.0,40.0
2,1,4,5,9,28,5,7.0,60.0,40.0
2,2,5,7,8,27,3,7.0,60.0,40.0
1,4,3,9,7,31,2,7.0,60.0,40.0
3,5,8,7,10,28,7,7.0,60.0,40.0
1,0,2,4,6,25,4,7.0,60.0,40.0
2,3,4,8,7,31,4,7.0,60.0,40.0
0,0,3,10,6,31,2,7.0,60.0,40.0
4,4,5,8,8,29,4,7.0,60.0,40.0
2,1,5,4,9,27,4,7.0,60.0,40.0
3,4,7,10,11,31,6,7.0,60.0,40.0
3,1,5,6,8,26,1,7.0,60.0,40.0
0,3,1,7,4,30,2,7.0,60.0,40.0
4,1,6,9,6,29,4,7.0,60.0,40.0
2,2,3,5,10,26,4,7.0,60.0,40.0
0,3,6,7,7,28,2,7.0,60.0,40.0
3,4,3,9,5,31,1,7.0,60.0,40.0
1,4,5,11,8,31,4,7.0,60.0,40.0
0,3,1,7,4,22,0,8.0,60.0,40.0
0,4,1,8,7,22,2,8.0,60.0,40.0
1,4,4,8,7,18,3,8.0,60.0,40.0
0,3,4,10,8,20,1,8.0,60.0,40.0
1,4,3,9,8,18,2,8.0,60.0,40.0
2,2,3,8,7,21,1,8.0,60.0,40.0
0,2,3,6,7,15,0,8.0,60.0,40.0
0,5,0,9,4,21,0,8.0,60.0,40.0
1,4,5,7,9,21,3,8.0,60.0,40.0
2,2,4,6,7,19,3,8.0,60.0,40.0
1,4,5,6,8,22,3,8.0,60.0,40.0
3,0,3,7,7,18,4,8.0,60.0,40.0
0,3,0,10,5,20,0,8.0,60.0,40.0
3,5,6,6,8,16,5,8.0,60.0,40.0
2,2,4,8,8,19,1,8.0,60.0,40.0
2,4,3,10,7,21,1,8.0,60.0,40.0
3,2,6,2,10,14,6,8.0,60.0,40.0
0,0,4,8,7,19,3,8.0,60.0,40.0
0,2,2,5,5,18,3,8.0,60.0,40.0
1,4,5,9,8,19,2,8.0,60.0,40.0
0,4,4,9,4,19,1,8.0,60.0,40.0
0,3,0,10,3,20,0,8.0,60.0,40.0
2,4,6,8,10,20,4,8.0,60.0,40.0
1,2,5,5,7,17,2,8.0,60.0,40.0
0,3,6,9,9,20,4,8.0,60.0,40.0
1,6,1,7,4,18,4,8.0,60.0,40.0
0,4,0,8,2,22,0,8.0,60.0,40.0
2,3,6,9,10,21,4,8.0,60.0,40.0
1,4,2,7,5,21,1,8.0,60.0,40.0
3,2,7,7,9,19,5,8.0,60.0,40.0
0,2,4,9,7,20,4,8.0,60.0,40.0
3,0,4,8,7,20,2,8.0,60.0,40.0
0,1,6,7,10,19,2,8.0,60.0,40.0
2,0,5,4,9,16,4,8.0,60.0,40.0
0,2,2,10,6,21,3,8.0,60.0,40.0
1,3,6,8,9,20,3,8.0,60.0,40.0
0,4,2,9,4,22,0,8.0,60.0,40.0
4,3,5,9,10,19,4,8.0,60.0,40.0
2,1,6,7,9,17,3,8.0,60.0,40.0
3,2,5,4,8,18,5,8.0,60.0,40.0
0,4,0,9,2,19,0,8.0,60.0,40.0
1,5,1,8,6,19,2,8.0,60.0,40.0
0,4,3,8,7,21,0,8.0,60.0,40.0
0,1,3,4,9,16,2,8.0,60.0,40.0
1,3,2,9,7,22,0,8.0,60.0,40.0
0,5,2,11,4,20,0,8.0,60.0,40.0
2,0,6,9,9,21,4,8.0,60.0,40.0
0,0,6,7,8,18,2,8.0,60.0,40.0
3,0,5,3,9,16,1,8.0,60.0,40.0
0,3,1,9,4,21,0,8.0,60.0,40.0
2,0,4,4,6,17,1,8.0,60.0,40.0
4,4,6,7,10,19,4,8.0,60.0,40.0
0,2,0,8,5,18,0,8.0,60.0,40.0
4,4,5,5,9,19,3,8.0,60.0,40.0
1,2,6,8,8,20,4,8.0,60.0,40.0
0,6,3,9,5,21,2,8.0,60.0,40.0
1,1,6,8,8,18,2,8.0,60.0,40.0
0,1,1,8,5,18,0,8.0,60.0,40.0
0,4,4,8,9,20,3,8.0,60.0,40.0
3,0,6,7,9,22,6,8.0,60.0,40.0
0,0,3,5,6,16,0,8.0,60.0,40.0
2,3,6,9,9,19,4,8.0,60.0,40.0
2,0,3,5,8,14,4,8.0,60.0,40.0
0,5,1,9,4,22,0,8.0,60.0,40.0
0,1,5,8,5,20,4,8.0,60.0,40.0
0,3,0,8,3,21,1,8.0,60.0,40.0
0,5,0,9,4,18,0,8.0,60.0,40.0
1,4,2,8,7,20,0,8.0,60.0,40.0
1,3,5,6,8,19,4,8.0,60.0,40.0
1,2,7,7,10,20,6,8.0,60.0,40.0
1,0,6,5,8,20,1,8.0,60.0,40.0
1,3,5,7,6,21,4,8.0,60.0,40.0
3,1,4,4,8,16,2,8.0,60.0,40.0
0,4,2,9,6,22,0,8.0,60.0,40.0
1,1,4,4,5,17,3,8.0,60.0,40.0
2,1,4,10,8,20,4,8.0,60.0,40.0
2,0,6,5,9,17,3,8.0,60.0,40.0
4,1,5,4,7,20,2,8.0,60.0,40.0
3,2,5,8,8,20,3,8.0,60.0,40.0
3,1,4,9,9,19,6,8.0,60.0,40.0
0,3,1,9,4,20,0,8.0,60.0,40.0
2,4,7,0,11,14,4,8.0,60.0,40.0
3,1,5,6,8,17,5,8.0,60.0,40.0
0,4,5,8,9,21,1,8.0,60.0,40.0
2,0,5,6,9,18,2,8.0,60.0,40.0
1,0,5,6,6,17,5,8.0,60.0,40.0
3,1,6,6,9,17,4,8.0,60.0,40.0
0,5,3,9,5,21,3,8.0,60.0,40.0
2,3,5,6,9,19,5,8.0,60.0,40.0
3,3,5,9,10,21,6,8.0,60.0,40.0
0,4,0,7,4,20,0,8.0,60.0,40.0
1,3,3,6,7,20,0,8.0,60.0,40.0
3,4,5,10,8,20,6,8.0,60.0,40.0
2,0,5,7,8,20,2,8.0,60.0,40.0
3,0,6,9,7,22,2,8.0,60.0,40.0
1,1,4,9,7,22,4,8.0,60.0,40.0
4,2,5,7,8,16,3,8.0,60.0,40.0
2,2,4,8,9,20,2,8.0,60.0,40.0
0,2,3,9,7,21,2,8.0,60.0,40.0
0,3,2,9,5,20,1,8.0,60.0,40.0
0,4,2,10,7,256,2,3.0,60.0,40.0
3,7,5,7,11,255,3,3.0,60.0,40.0
3,1,5,9,10,254,5,3.0,60.0,40.0
2,4,3,5,8,253,3,3.0,60.0,40.0
2,6,4,11,8,255,4,3.0,60.0,40.0
0,3,0,12,3,258,0,3.0,60.0,40.0
0,5,2,12,6,259,0,3.0,60.0,40.0
2,5,6,11,8,258,3,3.0,60.0,40.0
0,5,2,11,5,258,2,3.0,60.0,40.0
0,4,0,8,3,258,0,3.0,60.0,40.0
3,5,6,10,9,255,4,3.0,60.0,40.0
0,4,5,11,8,256,3,3.0,60.0,40.0
2,0,6,9,7,254,6,3.0,60.0,40.0
0,3,1,11,6,256,0,3.0,60.0,40.0
0,3,3,12,5,257,3,3.0,60.0,40.0
1,4,5,10,9,257,4,3.0,60.0,40.0
0,4,5,6,7,256,3,3.0,60.0,40.0
0,6,3,12,7,259,0,3.0,60.0,40.0
0,5,2,11,6,258,0,3.0,60.0,40.0
1,4,5,10,7,257,3,3.0,60.0,40.0
1,4,5,10,9,257,2,3.0,60.0,40.0
3,5,3,10,8,259,4,3.0,60.0,40.0
3,0,6,6,10,251,6,3.0,60.0,40.0
2,4,6,9,8,256,2,3.0,60.0,40.0
2,3,6,7,10,255,3,3.0,60.0,40.0
2,4,5,11,8,257,4,3.0,60.0,40.0
4,4,4,9,10,257,3,3.0,60.0,40.0
3,1,4,8,10,253,4,3.0,60.0,40.0
0,4,0,8,4,254,0,3.0,60.0,40.0
2,0,6,11,9,257,5,3.0,60.0,40.0
0,5,2,12,6,257,2,3.0,60.0,40.0
3,0,6,5,9,252,4,3.0,60.0,40.0
2,4,5,12,6,259,5,3.0,60.0,40.0
0,4,2,9,4,256,3,3.0,60.0,40.0
3,1,6,6,8,253,2,3.0,60.0,40.0
0,5,3,9,7,256,3,3.0,60.0,40.0
1,3,4,8,8,256,1,3.0,60.0,40.0
2,4,6,11,9,258,5,3.0,60.0,40.0
0,6,1,11,7,256,0,3.0,60.0,40.0
2,0,4,4,8,251,3,3.0,60.0,40.0
1,0,6,6,8,251,3,3.0,60.0,40.0
3,0,6,12,8,257,4,3.0,60.0,40.0
3,1,4,4,11,252,4,3.0,60.0,40.0
2,3,6,9,10,256,6,3.0,60.0,40.0
2,4,6,10,10,256,3,3.0,60.0,40.0
4,3,5,8,4,251,2,3.0,60.0,40.0
0,4,0,11,4,257,0,3.0,60.0,40.0
0,2,5,10,8,257,1,3.0,60.0,40.0
2,6,5,11,9,258,2,3.0,60.0,40.0
1,4,4,10,9,256,2,3.0,60.0,40.0
3,4,5,7,7,255,5,3.0,60.0,40.0
0,4,2,10,6,257,1,3.0,60.0,40.0
2,1,6,6,8,250,5,3.0,60.0,40.0
2,5,3,11,7,257,2,3.0,60.0,40.0
3,2,6,8,10,256,3,3.0,60.0,40.0
0,4,0,10,5,257,0,3.0,60.0,40.0
0,6,6,13,8,258,3,3.0,60.0,40.0
2,2,3,8,10,255,5,3.0,60.0,40.0
3,2,6,8,7,257,5,3.0,60.0,40.0
1,4,1,12,4,256,1,3.0,60.0,40.0
3,0,5,7,11,249,4,3.0,60.0,40.0
0,4,2,10,6,256,0,3.0,60.0,40.0
3,3,4,9,8,254,5,3.0,60.0,40.0
0,2,4,11,7,256,3,3.0,60.0,40.0
0,3,4,10,8,256,3,3.0,60.0,40.0
0,4,0,9,5,258,0,3.0,60.0,40.0
1,5,5,7,8,254,2,3.0,60.0,40.0
0,5,2,11,4,258,0,3.0,60.0,40.0
0,5,6,11,8,258,1,3.0,60.0,40.0
0,4,2,11,6,258,0,3.0,60.0,40.0
0,1,5,11,9,255,5,3.0,60.0,40.0
0,3,3,9,6,257,3,3.0,60.0,40.0
0,4,1,9,5,257,3,3.0,60.0,40.0
3,3,5,7,9,252,5,3.0,60.0,40.0
0,2,6,10,9,257,4,3.0,60.0,40.0
4,4,4,9,9,255,3,3.0,60.0,40.0
0,4,4,11,6,257,0,3.0,60.0,40.0
2,3,5,7,8,254,4,3.0,60.0,40.0
3,1,5,10,9,254,3,3.0,60.0,40.0
2,3,6,10,11,255,4,3.0,60.0,40.0
3,0,4,9,7,255,4,3.0,60.0,40.0
0,6,3,10,7,254,3,3.0,60.0,40.0
1,4,2,10,7,258,2,3.0,60.0,40.0
0,4,3,10,8,256,0,3.0,60.0,40.0
0,0,3,9,3,252,0,3.0,60.0,40.0
2,1,7,7,10,254,4,3.0,60.0,40.0
4,4,5,9,8,255,3,3.0,60.0,40.0
0,3,5,6,7,255,2,3.0,60.0,40.0
1,4,6,10,8,257,3,3.0,60.0,40.0
1,3,4,10,8,257,4,3.0,60.0,40.0
2,3,4,6,7,253,3,3.0,60.0,40.0
2,4,5,9,7,256,4,3.0,60.0,40.0
3,2,6,10,10,255,5,3.0,60.0,40.0
1,4,6,11,8,258,3,3.0,60.0,40.0
2,0,6,10,8,260,5,3.0,60.0,40.0
3,0,4,6,7,253,3,3.0,60.0,40.0
1,2,0,9,3,256,0,3.0,60.0,40.0
0,4,6,7,8,255,2,3.0,60.0,40.0
1,7,1,9,6,256,0,3.0,60.0,40.0
2,5,5,10,9,258,4,3.0,60.0,40.0
4,4,5,12,11,745,3,2.0,60.0,40.0
3,6,5,7,11,743,3,2.0,60.0,40.0
0,5,2,12,6,746,1,2.0,60.0,40.0
1,4,2,12,8,745,2,2.0,60.0,40.0
0,3,0,13,6,747,0,2.0,60.0,40.0
2,2,4,9,9,744,2,2.0,60.0,40.0
2,1,5,10,8,740,3,2.0,60.0,40.0
1,4,4,12,10,745,3,2.0,60.0,40.0
2,5,3,13,7,746,0,2.0,60.0,40.0
1,4,4,9,6,744,1,2.0,60.0,40.0
0,4,2,12,8,745,0,2.0,60.0,40.0
3,0,6,9,9,742,4,2.0,60.0,40.0
4,4,5,12,9,744,4,2.0,60.0,40.0
0,5,1,12,8,746,0,2.0,60.0,40.0
0,5,2,12,8,745,3,2.0,60.0,40.0
1,4,5,11,10,745,4,2.0,60.0,40.0
1,4,3,10,10,743,3,2.0,60.0,40.0
1,0,2,8,6,742,3,2.0,60.0,40.0
2,5,5,12,13,744,2,2.0,60.0,40.0
4,4,5,12,11,746,4,2.0,60.0,40.0
0,1,3,8,4,740,2,2.0,60.0,40.0
0,5,1,11,7,744,1,2.0,60.0,40.0
2,4,3,12,8,746,2,2.0,60.0,40.0
0,4,2,13,7,746,2,2.0,60.0,40.0
2,4,4,12,9,745,3,2.0,60.0,40.0
3,5,5,12,8,745,4,2.0,60.0,40.0
0,2,1,8,4,740,1,2.0,60.0,40.0
0,6,2,12,7,745,0,2.0,60.0,40.0
2,3,4,9,8,742,3,2.0,60.0,40.0
2,1,6,12,9,744,3,2.0,60.0,40.0
4,1,4,9,10,742,2,2.0,60.0,40.0
2,2,4,8,8,743,2,2.0,60.0,40.0
0,5,0,12,4,746,0,2.0,60.0,40.0
0,5,5,12,5,746,2,2.0,60.0,40.0
3,6,7,13,10,746,3,2.0,60.0,40.0
2,0,4,8,9,743,4,2.0,60.0,40.0
4,5,6,10,11,745,2,2.0,60.0,40.0
1,1,5,9,9,742,4,2.0,60.0,40.0
1,4,4,9,10,742,3,2.0,60.0,40.0
1,5,6,12,9,746,4,2.0,60.0,40.0
2,1,3,11,10,743,4,2.0,60.0,40.0
1,5,5,13,9,744,4,2.0,60.0,40.0
0,6,1,12,7,744,0,2.0,60.0,40.0
1,3,4,10,8,744,3,2.0,60.0,40.0
0,2,0,10,3,741,0,2.0,60.0,40.0
3,4,5,13,8,746,1,2.0,60.0,40.0
0,5,2,9,5,742,2,2.0,60.0,40.0
0,4,1,10,6,743,2,2.0,60.0,40.0
0,6,1,11,6,745,0,2.0,60.0,40.0
2,3,2,8,5,741,3,2.0,60.0,40.0
4,5,5,10,11,744,3,2.0,60.0,40.0
0,5,0,8,3,744,0,2.0,60.0,40.0
3,2,5,14,8,743,5,2.0,60.0,40.0
4,4,5,8,8,742,4,2.0,60.0,40.0
0,4,5,12,9,745,4,2.0,60.0,40.0
1,4,6,11,9,743,4,2.0,60.0,40.0
0,6,4,12,10,743,0,2.0,60.0,40.0
3,0,8,7,10,740,4,2.0,60.0,40.0
1,5,2,14,7,746,3,2.0,60.0,40.0
0,4,3,10,8,742,2,2.0,60.0,40.0
0,5,4,11,10,747,4,2.0,60.0,40.0
1,1,5,9,8,743,5,2.0,60.0,40.0
2,4,3,11,7,744,2,2.0,60.0,40.0
0,0,3,8,4,743,1,2.0,60.0,40.0
0,5,5,12,8,746,4,2.0,60.0,40.0
0,5,0,11,4,746,0,2.0,60.0,40.0
1,1,4,10,9,741,1,2.0,60.0,40.0
4,1,6,8,9,744,4,2.0,60.0,40.0
2,1,6,10,10,742,3,2.0,60.0,40.0
0,5,5,13,7,745,2,2.0,60.0,40.0
2,2,4,6,7,743,4,2.0,60.0,40.0
2,3,6,11,11,744,3,2.0,60.0,40.0
0,5,5,11,10,745,3,2.0,60.0,40.0
2,4,4,12,8,744,2,2.0,60.0,40.0
1,4,1,13,6,743,2,2.0,60.0,40.0
0,5,5,11,9,746,2,2.0,60.0,40.0
0,5,5,11,9,742,1,2.0,60.0,40.0
4,2,5,7,9,742,6,2.0,60.0,40.0
3,6,5,12,11,746,5,2.0,60.0,40.0
0,5,0,11,3,745,0,2.0,60.0,40.0
2,6,5,12,10,746,2,2.0,60.0,40.0
3,0,6,12,10,747,4,2.0,60.0,40.0
1,5,6,11,8,745,3,2.0,60.0,40.0
3,2,5,11,10,745,4,2.0,60.0,40.0
3,2,5,12,10,745,3,2.0,60.0,40.0
1,3,6,7,9,743,3,2.0,60.0,40.0
2,2,5,10,10,744,4,2.0,60.0,40.0
3,4,4,8,10,743,3,2.0,60.0,40.0
2,6,3,9,6,743,3,2.0,60.0,40.0
2,6,0,13,6,744,0,2.0,60.0,40.0
2,5,5,12,9,746,3,2.0,60.0,40.0
2,1,6,6,9,741,5,2.0,60.0,40.0
1,4,6,12,10,744,3,2.0,60.0,40.0
3,4,3,11,6,745,4,2.0,60.0,40.0
3,5,5,11,7,744,1,2.0,60.0,40.0
1,2,5,11,10,743,4,2.0,60.0,40.0
2,5,5,10,8,743,5,2.0,60.0,40.0
0,6,0,8,4,742,0,2.0,60.0,40.0
2,0,6,9,10,739,4,2.0,60.0,40.0
2,4,5,8,11,743,4,2.0,60.0,40.0
3,8,7,16,12,2084,6,1.0,60.0,40.0
3,7,5,11,13,2085,4,1.0,60.0,40.0
0,7,5,14,10,2082,1,1.0,60.0,40.0
0,4,0,16,8,2084,0,1.0,60.0,40.0
2,3,5,11,11,2084,4,1.0,60.0,40.0
3,3,8,14,14,2083,4,1.0,60.0,40.0
3,3,5,15,14,2084,5,1.0,60.0,40.0
2,8,4,15,11,2086,4,1.0,60.0,40.0
3,7,7,13,13,2083,3,1.0,60.0,40.0
0,8,4,13,10,2083,1,1.0,60.0,40.0
1,7,5,16,12,2085,4,1.0,60.0,40.0
1,8,6,16,12,2085,3,1.0,60.0,40.0
4,8,8,14,12,2085,4,1.0,60.0,40.0
3,5,6,13,12,2083,6,1.0,60.0,40.0
3,8,7,17,11,2085,3,1.0,60.0,40.0
0,5,4,15,12,2083,3,1.0,60.0,40.0
0,8,3,16,9,2085,0,1.0,60.0,40.0
2,7,6,14,11,2084,4,1.0,60.0,40.0
2,8,6,14,13,2084,5,1.0,60.0,40.0
2,6,5,18,12,2086,2,1.0,60.0,40.0
2,8,6,16,13,2086,4,1.0,60.0,40.0
0,6,4,12,10,2085,2,1.0,60.0,40.0
3,4,8,15,13,2082,3,1.0,60.0,40.0
3,8,5,17,13,2086,4,1.0,60.0,40.0
0,8,2,13,8,2086,0,1.0,60.0,40.0
0,6,0,16,6,2083,0,1.0,60.0,40.0
2,3,3,14,8,2084,1,1.0,60.0,40.0
2,9,7,17,13,2087,3,1.0,60.0,40.0
2,7,6,16,13,2086,3,1.0,60.0,40.0
2,4,6,13,12,2085,6,1.0,60.0,40.0
3,4,8,14,12,2083,4,1.0,60.0,40.0
0,6,4,16,10,2085,0,1.0,60.0,40.0
2,5,0,15,8,2085,0,1.0,60.0,40.0
0,8,1,17,7,2084,0,1.0,60.0,40.0
1,5,2,15,9,2083,3,1.0,60.0,40.0
5,4,8,12,14,2081,4,1.0,60.0,40.0
0,7,2,14,8,2081,2,1.0,60.0,40.0
3,8,7,13,12,2087,5,1.0,60.0,40.0
1,4,6,14,11,2084,1,1.0,60.0,40.0
2,5,6,16,12,2086,5,1.0,60.0,40.0
2,7,4,16,12,2085,5,1.0,60.0,40.0
0,8,2,14,7,2083,1,1.0,60.0,40.0
4,6,6,14,14,2082,6,1.0,60.0,40.0
2,7,7,17,13,2086,5,1.0,60.0,40.0
5,4,7,12,14,2084,6,1.0,60.0,40.0
3,6,7,16,14,2087,5,1.0,60.0,40.0
0,7,2,17,5,2086,0,1.0,60.0,40.0
1,8,2,18,11,2087,0,1.0,60.0,40.0
2,8,6,15,13,2086,5,1.0,60.0,40.0
2,7,7,16,12,2086,3,1.0,60.0,40.0
0,7,2,16,8,2086,1,1.0,60.0,40.0
1,5,5,14,11,2081,3,1.0,60.0,40.0
4,6,5,14,11,2082,4,1.0,60.0,40.0
1,6,6,15,14,2084,5,1.0,60.0,40.0
4,9,5,17,11,2085,5,1.0,60.0,40.0
3,7,5,14,11,2087,4,1.0,60.0,40.0
0,5,2,13,12,2085,1,1.0,60.0,40.0
3,9,7,18,12,2087,3,1.0,60.0,40.0
3,5,7,12,10,2082,6,1.0,60.0,40.0
2,5,4,13,11,2081,3,1.0,60.0,40.0
4,6,7,16,12,2086,5,1.0,60.0,40.0
3,8,8,17,13,2085,4,1.0,60.0,40.0
1,3,4,17,11,2086,3,1.0,60.0,40.0
4,8,4,17,11,2084,4,1.0,60.0,40.0
3,8,4,17,8,2084,3,1.0,60.0,40.0
2,6,5,18,9,2086,4,1.0,60.0,40.0
3,8,7,15,12,2085,6,1.0,60.0,40.0
2,7,6,17,12,2086,5,1.0,60.0,40.0
3,8,6,13,13,2081,6,1.0,60.0,40.0
1,7,4,13,8,2084,2,1.0,60.0,40.0
3,8,6,16,13,2082,6,1.0,60.0,40.0
1,6,0,15,8,2084,0,1.0,60.0,40.0
1,7,5,16,12,2087,5,1.0,60.0,40.0
1,3,1,19,10,2087,2,1.0,60.0,40.0
3,8,5,15,13,2086,5,1.0,60.0,40.0
3,8,8,17,12,2083,4,1.0,60.0,40.0
3,4,4,11,11,2086,3,1.0,60.0,40.0
0,3,2,13,10,2084,3,1.0,60.0,40.0
3,3,2,13,12,2084,2,1.0,60.0,40.0
2,8,6,11,12,2084,7,1.0,60.0,40.0
0,6,4,14,12,2081,5,1.0,60.0,40.0
3,8,8,16,13,2084,4,1.0,60.0,40.0
1,6,6,13,13,2085,3,1.0,60.0,40.0
1,6,5,15,12,2084,2,1.0,60.0,40.0
0,4,1,16,8,2084,3,1.0,60.0,40.0
1,3,3,9,11,2085,3,1.0,60.0,40.0
0,1,4,10,10,2082,0,1.0,60.0,40.0
3,4,5,13,10,2084,5,1.0,60.0,40.0
2,8,6,16,11,2086,6,1.0,60.0,40.0
0,7,3,14,10,2082,0,1.0,60.0,40.0
0,5,0,16,8,2081,0,1.0,60.0,40.0
1,8,8,15,12,2083,4,1.0,60.0,40.0
0,7,2,14,7,2084,2,1.0,60.0,40.0
2,4,6,12,13,2079,5,1.0,60.0,40.0
3,9,6,15,13,2086,5,1.0,60.0,40.0
1,7,2,14,7,2083,1,1.0,60.0,40.0
3,8,6,16,13,2084,6,1.0,60.0,40.0
1,8,2,12,9,2085,4,1.0,60.0,40.0
2,7,6,15,12,2086,5,1.0,60.0,40.0
1,7,6,13,13,2083,5,1.0,60.0,40.0
