5,12,35,1198,98,5,806,2.0
6,15,36,1196,97,1,806,2.0
3,14,34,1198,98,7,803,2.0
6,15,35,1198,98,6,807,2.0
5,14,37,1195,98,6,807,2.0
6,15,36,1200,100,7,805,2.0
4,16,35,1199,97,7,807,2.0
4,15,36,1198,98,8,805,2.0
4,18,33,1199,95,8,807,2.0
9,16,36,1199,99,7,807,2.0
6,16,37,1199,100,7,808,2.0
5,16,34,1200,98,9,806,2.0
5,14,35,1198,98,6,806,2.0
1,16,31,1196,96,7,801,2.0
5,15,36,1196,98,7,806,2.0
3,17,33,1200,97,8,804,2.0
6,17,36,1200,98,8,805,2.0
5,17,34,1199,96,7,806,2.0
4,18,32,1200,96,6,804,2.0
8,17,36,1198,97,6,806,2.0
4,15,34,1199,98,8,806,2.0
5,14,36,1198,97,8,807,2.0
5,17,34,1199,98,8,806,2.0
4,16,35,1198,97,7,804,2.0
4,17,31,1200,96,9,805,2.0
6,13,35,1196,99,6,806,2.0
5,11,36,1195,98,3,808,2.0
5,16,37,1198,98,6,809,2.0
4,13,37,1195,98,7,806,2.0
3,15,37,1197,98,8,807,2.0
0,15,31,1199,97,7,804,2.0
5,15,36,1199,98,7,807,2.0
6,12,35,1196,98,5,805,2.0
8,16,36,1197,97,3,806,2.0
7,17,37,1197,99,6,807,2.0
6,16,36,1199,97,6,806,2.0
4,16,34,1198,97,7,805,2.0
3,16,32,1198,94,8,804,2.0
2,16,32,1199,97,7,802,2.0
7,13,35,1196,99,1,807,2.0
6,16,37,1197,98,7,806,2.0
4,13,36,1198,98,7,804,2.0
4,15,33,1198,94,7,803,2.0
3,16,34,1199,95,6,806,2.0
5,14,35,1198,97,6,807,2.0
5,16,36,1199,99,5,808,2.0
3,14,36,1198,99,4,806,2.0
2,12,34,1197,97,4,806,2.0
6,14,36,1198,98,6,808,2.0
0,16,32,1200,95,8,804,2.0
5,15,30,1199,94,9,802,2.0
8,17,36,1199,100,8,809,2.0
6,17,35,1197,98,3,805,2.0
1,18,32,1200,96,8,804,2.0
6,15,36,1197,96,6,804,2.0
4,16,36,1195,97,2,804,2.0
3,10,30,1199,93,6,804,2.0
5,16,35,1198,99,7,808,2.0
3,16,36,1200,99,7,807,2.0
1,16,36,1199,98,8,805,2.0
5,16,35,1197,98,5,807,2.0
4,10,34,1195,97,3,806,2.0
4,13,36,1197,99,4,807,2.0
3,15,35,1197,97,7,807,2.0
4,15,36,1195,97,3,806,2.0
0,15,32,1199,93,6,804,2.0
4,11,33,1196,97,3,807,2.0
1,16,34,1199,95,8,805,2.0
1,17,32,1197,95,7,804,2.0
6,19,37,1199,98,9,807,2.0
8,13,35,1195,98,5,808,2.0
7,13,32,1197,96,8,804,2.0
4,17,33,1200,95,6,805,2.0
3,17,32,1199,94,8,803,2.0
6,15,32,1198,97,7,804,2.0
3,12,36,1197,99,9,807,2.0
3,17,34,1198,98,7,805,2.0
2,15,31,1197,92,5,804,2.0
3,18,30,1199,94,6,803,2.0
6,16,36,1199,99,7,807,2.0
3,14,33,1198,94,7,805,2.0
2,12,33,1197,93,7,805,2.0
2,14,34,1198,95,8,804,2.0
5,12,37,1199,97,7,807,2.0
3,12,34,1198,97,5,807,2.0
7,18,35,1199,97,8,806,2.0
7,14,36,1195,97,4,807,2.0
4,15,31,1199,95,8,804,2.0
5,12,35,1196,96,5,805,2.0
6,15,36,1198,99,7,807,2.0
3,16,37,1200,97,6,806,2.0
4,15,34,1199,94,7,804,2.0
3,16,34,1197,96,5,806,2.0
1,16,32,1198,95,6,803,2.0
6,15,36,1199,96,8,808,2.0
5,16,33,1199,97,6,806,2.0
0,16,30,1200,94,8,801,2.0
0,17,34,1199,98,6,805,2.0
4,12,36,1197,96,3,807,2.0
6,16,36,1197,100,7,807,2.0
4,8,87,261,77,6,249,2.0
5,10,85,261,77,9,250,2.0
2,10,80,263,73,9,246,2.0
1,13,83,263,74,10,245,2.0
6,8,85,259,77,7,248,2.0
3,12,85,262,76,8,249,2.0
4,9,86,260,77,9,248,2.0
0,12,82,262,72,11,244,2.0
4,10,85,262,77,9,248,2.0
3,12,82,262,73,12,245,2.0
3,12,85,261,77,9,249,2.0
5,10,86,259,77,7,248,2.0
3,10,84,258,72,7,247,2.0
4,7,86,260,76,8,248,2.0
2,9,84,261,74,7,247,2.0
6,12,85,264,74,11,248,2.0
3,14,83,264,74,11,246,2.0
4,14,84,264,77,11,249,2.0
4,8,86,262,77,5,248,2.0
6,9,86,259,77,6,248,2.0
4,10,84,260,77,9,248,2.0
4,10,84,260,74,9,248,2.0
4,8,85,262,77,10,249,2.0
5,7,84,257,76,6,246,2.0
4,11,84,260,76,7,249,2.0
4,12,84,261,75,9,249,2.0
1,12,80,262,71,11,244,2.0
2,11,83,262,74,11,245,2.0
4,11,84,258,76,5,248,2.0
4,8,84,265,77,9,248,2.0
5,13,84,264,74,11,248,2.0
4,10,84,262,75,9,248,2.0
4,10,86,259,77,5,248,2.0
5,11,85,263,77,10,249,2.0
6,9,84,261,78,7,248,2.0
3,9,85,262,75,9,248,2.0
4,9,85,259,77,7,247,2.0
0,12,82,262,75,12,242,2.0
4,12,85,261,76,6,247,2.0
0,11,82,263,73,10,243,2.0
4,12,86,264,78,10,249,2.0
3,8,86,264,77,8,247,2.0
0,13,82,263,76,12,245,2.0
4,11,84,261,77,9,248,2.0
3,10,85,263,75,7,247,2.0
5,9,84,262,76,9,247,2.0
0,12,81,262,73,10,245,2.0
0,10,83,261,77,9,245,2.0
2,13,79,263,73,9,245,2.0
6,10,85,263,77,9,248,2.0
5,8,85,258,76,6,249,2.0
3,12,84,262,76,10,247,2.0
2,10,83,260,75,9,248,2.0
5,11,84,260,77,7,249,2.0
2,11,84,262,72,11,244,2.0
6,12,85,261,78,11,249,2.0
2,13,82,265,77,11,247,2.0
0,11,81,260,71,7,244,2.0
4,9,86,261,73,8,246,2.0
2,11,83,263,77,11,248,2.0
6,9,85,262,76,11,248,2.0
5,8,85,261,77,6,247,2.0
4,12,83,259,76,5,245,2.0
7,11,85,264,78,11,248,2.0
6,11,80,261,73,9,246,2.0
2,12,84,263,74,8,247,2.0
4,6,86,260,77,5,247,2.0
5,13,86,265,77,11,248,2.0
7,8,86,261,75,8,249,2.0
3,11,86,262,75,11,248,2.0
5,8,86,261,76,5,249,2.0
2,13,86,263,77,12,248,2.0
5,13,86,262,76,10,249,2.0
6,7,85,258,79,5,249,2.0
1,14,78,262,72,9,243,2.0
4,12,87,263,78,11,248,2.0
0,11,82,264,71,11,247,2.0
5,12,86,262,76,12,247,2.0
3,12,84,263,75,11,245,2.0
4,13,84,263,74,9,249,2.0
2,12,82,260,75,7,247,2.0
5,9,84,262,76,9,250,2.0
3,9,83,261,72,9,245,2.0
4,11,83,263,77,11,247,2.0
2,12,84,264,76,12,248,2.0
1,13,83,263,75,10,246,2.0
6,12,85,261,76,10,249,2.0
3,11,83,258,72,6,246,2.0
6,11,85,260,77,11,248,2.0
6,11,85,263,79,11,249,2.0
3,10,81,261,73,10,247,2.0
4,11,84,260,73,11,248,2.0
4,11,86,263,76,11,249,2.0
5,10,87,259,75,6,247,2.0
5,12,84,262,75,10,250,2.0
3,9,85,259,76,8,248,2.0
5,12,85,261,77,9,248,2.0
3,12,81,265,74,11,244,2.0
5,10,84,263,76,10,247,2.0
2,7,80,264,73,10,242,2.0
5,10,117,97,46,19,113,2.0
2,10,117,97,47,19,110,2.0
4,9,115,96,44,18,111,2.0
5,6,116,93,47,16,113,2.0
5,5,116,94,47,15,114,2.0
3,11,114,96,45,20,112,2.0
6,9,116,96,47,17,113,2.0
0,12,112,96,43,17,109,2.0
5,7,117,94,46,17,114,2.0
2,11,116,96,47,20,113,2.0
1,11,114,97,41,20,110,2.0
5,8,115,97,45,17,111,2.0
2,8,115,98,46,20,111,2.0
1,11,113,97,41,19,111,2.0
3,12,115,97,46,19,111,2.0
4,9,115,95,45,19,114,2.0
4,8,117,95,48,18,111,2.0
3,8,116,97,47,18,114,2.0
5,6,118,93,47,17,114,2.0
3,11,113,97,42,21,111,2.0
0,12,112,97,40,18,110,2.0
5,8,116,97,47,19,112,2.0
2,12,117,96,47,20,113,2.0
6,11,118,97,46,19,116,2.0
4,8,118,93,46,15,115,2.0
6,7,117,97,46,17,114,2.0
2,7,117,98,46,19,112,2.0
3,10,115,95,47,18,113,2.0
0,9,115,98,44,18,111,2.0
4,12,112,97,43,18,112,2.0
2,11,114,94,42,20,110,2.0
2,10,116,98,46,21,110,2.0
4,12,116,95,47,18,113,2.0
3,10,114,94,44,18,112,2.0
4,11,118,96,47,19,114,2.0
4,10,117,96,45,18,111,2.0
3,11,117,97,47,20,113,2.0
4,9,117,97,45,19,114,2.0
3,9,113,97,42,19,109,2.0
3,11,115,96,43,19,113,2.0
2,11,114,98,43,20,111,2.0
0,9,116,97,45,20,111,2.0
5,7,116,93,47,16,113,2.0
3,11,115,98,47,19,112,2.0
4,9,116,99,46,19,112,2.0
5,12,118,98,47,20,113,2.0
1,11,112,92,42,17,111,2.0
4,11,118,97,45,18,111,2.0
4,6,116,93,45,15,114,2.0
4,10,119,96,47,17,113,2.0
1,11,113,98,43,20,109,2.0
3,10,118,97,47,18,112,2.0
4,11,115,95,45,14,113,2.0
4,11,113,94,42,18,112,2.0
2,11,116,96,43,20,111,2.0
4,8,118,96,46,20,114,2.0
4,5,115,93,47,17,112,2.0
3,10,113,94,43,15,107,2.0
0,10,112,97,41,19,110,2.0
4,9,116,97,46,19,112,2.0
5,6,118,92,47,17,114,2.0
4,12,118,97,47,21,113,2.0
0,10,113,97,41,19,109,2.0
6,8,117,95,48,18,114,2.0
0,10,113,97,43,19,112,2.0
2,12,117,97,46,19,113,2.0
2,6,118,94,46,16,113,2.0
5,9,117,96,45,19,114,2.0
6,11,117,97,47,18,114,2.0
3,10,115,95,43,20,111,2.0
2,9,117,95,47,18,113,2.0
4,6,118,94,46,15,112,2.0
6,7,115,97,46,20,112,2.0
5,8,116,91,46,15,113,2.0
3,10,113,98,42,20,111,2.0
5,6,118,94,47,15,114,2.0
5,11,119,97,47,19,115,2.0
1,12,113,96,42,19,107,2.0
4,6,118,95,47,17,114,2.0
4,8,117,94,47,18,112,2.0
0,10,114,97,45,19,108,2.0
3,11,115,95,47,20,112,2.0
4,12,113,99,45,19,111,2.0
3,10,111,98,42,19,110,2.0
3,7,118,92,46,16,113,2.0
4,7,117,95,46,16,114,2.0
5,7,119,95,46,17,113,2.0
5,11,118,95,47,17,114,2.0
7,9,117,94,46,17,113,2.0
5,12,117,98,46,20,112,2.0
4,10,116,98,45,20,113,2.0
4,7,118,95,46,17,113,2.0
4,7,116,95,48,15,114,2.0
4,7,117,94,45,16,113,2.0
7,12,117,96,46,15,113,2.0
4,7,115,96,46,15,113,2.0
5,10,116,97,48,18,115,2.0
4,9,118,98,47,20,113,2.0
3,10,114,96,46,19,112,2.0
4,11,113,98,42,20,110,2.0
4,9,80,51,33,21,53,2.0
2,11,78,50,30,22,51,2.0
3,7,82,49,34,20,54,2.0
3,9,76,49,29,19,52,2.0
4,7,80,46,32,16,53,2.0
3,10,81,52,33,21,53,2.0
2,6,79,44,30,16,53,2.0
3,6,81,47,32,17,52,2.0
1,10,80,50,33,20,52,2.0
5,5,82,47,35,18,54,2.0
3,12,80,50,34,21,53,2.0
0,11,79,49,32,19,51,2.0
2,9,77,49,29,17,51,2.0
5,8,79,50,33,20,52,2.0
3,11,81,49,35,21,53,2.0
5,9,82,52,35,20,54,2.0
4,6,83,47,33,17,54,2.0
3,11,80,50,33,18,54,2.0
4,4,82,44,34,15,56,2.0
0,8,76,49,31,20,50,2.0
5,3,81,44,34,15,54,2.0
4,6,81,46,35,14,55,2.0
0,9,79,50,30,20,50,2.0
0,10,76,49,29,19,53,2.0
5,9,79,49,32,17,55,2.0
0,10,77,49,30,21,50,2.0
5,9,80,47,33,19,55,2.0
4,11,80,49,32,21,53,2.0
4,6,80,43,35,14,54,2.0
4,8,81,50,35,19,55,2.0
1,8,78,49,31,20,50,2.0
5,9,80,47,35,16,54,2.0
4,8,82,50,34,18,53,2.0
5,6,80,51,31,21,53,2.0
5,3,82,46,36,16,54,2.0
2,9,81,50,33,20,53,2.0
3,8,82,51,33,21,54,2.0
0,8,82,49,35,18,54,2.0
5,7,80,49,33,19,53,2.0
5,9,80,49,33,19,52,2.0
2,10,75,49,30,20,50,2.0
5,8,81,46,33,17,53,2.0
4,7,82,47,35,17,53,2.0
2,10,81,51,34,18,54,2.0
3,9,79,49,34,19,53,2.0
4,9,81,51,32,19,53,2.0
4,9,79,48,32,19,54,2.0
1,10,77,48,29,18,51,2.0
3,8,82,49,33,20,55,2.0
3,10,80,49,33,22,54,2.0
0,12,76,50,29,19,48,2.0
4,9,79,50,34,19,52,2.0
5,6,84,47,34,17,55,2.0
4,5,80,46,33,17,54,2.0
3,10,77,50,29,19,50,2.0
0,10,75,49,29,20,47,2.0
6,11,81,50,34,21,56,2.0
4,6,81,47,35,15,54,2.0
2,10,79,49,34,19,52,2.0
4,10,80,50,32,17,53,2.0
3,11,80,48,33,18,54,2.0
5,12,81,48,34,18,54,2.0
4,6,79,50,32,18,50,2.0
0,10,77,49,31,20,51,2.0
5,5,83,45,35,17,55,2.0
1,10,80,49,33,20,53,2.0
4,7,81,48,35,19,54,2.0
3,10,78,48,32,18,52,2.0
6,4,82,46,33,13,55,2.0
4,9,80,50,35,17,54,2.0
6,7,80,46,32,17,56,2.0
4,9,82,49,34,21,54,2.0
5,9,82,49,32,19,55,2.0
6,10,82,51,35,20,55,2.0
6,5,82,49,35,18,54,2.0
6,10,81,50,32,18,51,2.0
5,5,81,48,34,18,54,2.0
2,8,77,51,30,18,52,2.0
3,6,80,48,32,20,54,2.0
0,10,79,48,32,19,50,2.0
6,7,81,48,31,18,54,2.0
3,8,81,45,33,17,53,2.0
1,11,77,50,30,20,50,2.0
6,7,81,47,36,16,53,2.0
4,9,81,45,34,18,54,2.0
1,10,77,51,31,18,50,2.0
0,10,81,50,34,19,53,2.0
5,10,82,49,35,21,55,2.0
4,6,79,50,31,21,52,2.0
4,7,81,46,33,19,52,2.0
0,11,76,49,29,20,48,2.0
4,5,80,43,34,17,55,2.0
3,11,81,49,33,22,54,2.0
4,7,80,50,33,17,52,2.0
6,9,79,50,34,19,54,2.0
5,6,82,48,33,18,53,2.0
5,8,81,47,33,17,55,2.0
6,6,81,46,34,15,55,2.0
0,10,76,49,28,19,49,2.0
5,10,80,50,34,20,55,2.0
3,5,49,27,24,12,34,2.0
0,10,48,29,22,12,32,2.0
1,7,47,31,22,12,32,2.0
2,10,47,29,24,13,34,2.0
0,10,46,31,21,13,31,2.0
5,10,50,26,24,10,36,2.0
5,9,48,27,26,11,33,2.0
2,10,46,29,21,13,30,2.0
4,6,52,26,26,10,35,2.0
0,9,49,31,25,13,32,2.0
3,10,49,29,25,13,32,2.0
4,10,48,30,24,13,35,2.0
5,5,51,30,25,13,36,2.0
4,7,50,28,26,14,34,2.0
0,9,48,31,23,12,31,2.0
2,8,47,30,22,15,33,2.0
4,6,50,26,26,10,34,2.0
5,7,50,29,25,13,36,2.0
0,10,48,31,24,14,31,2.0
4,7,51,25,26,9,35,2.0
4,9,51,29,25,12,33,2.0
4,11,50,28,26,8,36,2.0
3,7,50,26,24,12,35,2.0
3,11,49,31,23,15,33,2.0
3,9,48,26,21,11,35,2.0
0,8,48,29,25,12,33,2.0
4,9,49,29,24,14,34,2.0
2,11,48,27,24,13,35,2.0
4,8,50,28,25,13,35,2.0
4,10,50,30,25,11,36,2.0
3,9,50,26,24,11,36,2.0
3,7,46,30,22,13,33,2.0
4,8,51,32,25,14,35,2.0
3,7,51,29,24,12,35,2.0
0,8,47,29,22,11,30,2.0
4,5,51,26,25,9,35,2.0
4,8,50,28,27,11,35,2.0
5,7,50,25,24,11,36,2.0
1,9,45,26,21,11,33,2.0
2,8,47,29,25,13,32,2.0
4,9,49,28,24,12,35,2.0
4,9,51,29,25,13,36,2.0
6,5,50,26,26,9,37,2.0
1,11,48,29,24,13,33,2.0
1,10,48,29,22,15,34,2.0
2,11,48,29,24,14,31,2.0
0,11,44,28,21,13,29,2.0
4,5,51,28,26,10,35,2.0
2,8,44,28,20,12,30,2.0
2,9,49,27,24,10,35,2.0
4,9,48,28,24,13,36,2.0
2,8,44,29,20,14,31,2.0
4,7,51,30,25,15,35,2.0
4,10,52,30,25,13,37,2.0
5,4,51,24,27,10,36,2.0
3,7,50,27,26,12,34,2.0
5,9,49,30,23,13,35,2.0
5,8,47,29,21,12,34,2.0
5,4,50,26,24,10,35,2.0
0,9,46,29,23,13,28,2.0
2,9,50,29,23,12,34,2.0
4,8,52,27,26,13,34,2.0
3,5,52,27,26,11,36,2.0
3,8,49,29,24,12,32,2.0
1,9,49,31,25,14,32,2.0
5,12,51,29,27,11,36,2.0
3,9,51,30,26,11,36,2.0
4,8,50,30,26,15,35,2.0
5,9,52,28,28,9,35,2.0
0,10,50,29,24,13,29,2.0
5,10,49,25,24,9,35,2.0
4,6,51,28,26,9,35,2.0
3,11,48,31,25,14,36,2.0
2,9,48,30,25,13,31,2.0
5,6,48,29,24,14,34,2.0
1,8,47,27,20,10,31,2.0
1,7,46,30,22,12,34,2.0
3,8,50,29,26,12,34,2.0
2,7,45,26,22,10,31,2.0
1,10,49,30,23,13,35,2.0
0,10,46,30,21,11,32,2.0
2,10,46,30,22,13,34,2.0
5,4,51,28,27,10,36,2.0
0,9,47,29,21,10,30,2.0
4,5,51,26,25,8,36,2.0
1,6,50,30,23,13,36,2.0
0,8,46,29,20,13,33,2.0
3,6,52,26,25,8,35,2.0
2,10,49,31,24,13,34,2.0
3,8,50,31,25,13,37,2.0
3,9,48,29,25,13,34,2.0
3,7,49,27,26,10,35,2.0
4,3,52,25,26,11,32,2.0
2,9,49,30,23,13,33,2.0
3,10,48,31,25,15,36,2.0
3,10,48,33,24,15,33,2.0
0,11,43,29,22,14,31,2.0
0,9,46,30,20,12,28,2.0
1,9,47,29,25,10,34,2.0
0,9,45,29,20,13,29,2.0
10,23,1154,36,20,3,825,2.0
6,23,1152,40,17,6,822,2.0
8,26,1149,43,15,6,823,2.0
9,23,1152,40,20,6,824,2.0
8,22,1151,40,19,5,824,2.0
6,23,1148,41,14,8,823,2.0
8,19,1153,39,19,3,823,2.0
8,25,1151,41,18,7,825,2.0
8,21,1154,38,19,3,824,2.0
8,18,1155,42,18,8,826,2.0
9,20,1156,39,18,3,826,2.0
7,25,1148,41,16,6,821,2.0
9,24,1153,39,18,4,827,2.0
9,24,1151,42,15,7,822,2.0
6,21,1150,39,17,5,823,2.0
2,24,1145,41,15,6,821,2.0
8,21,1151,39,20,5,825,2.0
7,22,1150,37,17,4,825,2.0
5,21,1146,40,16,7,824,2.0
6,23,1150,41,18,7,824,2.0
4,23,1146,42,14,8,824,2.0
3,21,1147,39,14,7,822,2.0
8,23,1150,42,19,8,824,2.0
6,24,1148,38,16,5,820,2.0
7,26,1150,41,13,5,820,2.0
9,25,1153,40,19,7,825,2.0
7,23,1153,34,18,3,825,2.0
8,21,1155,36,18,5,824,2.0
6,23,1149,41,18,7,822,2.0
7,20,1155,37,20,5,826,2.0
7,25,1150,42,19,8,825,2.0
8,24,1153,40,16,8,824,2.0
8,19,1151,36,20,1,826,2.0
7,22,1154,37,17,4,825,2.0
8,19,1152,37,20,4,825,2.0
8,19,1152,39,21,6,824,2.0
4,25,1146,41,13,9,821,2.0
7,20,1150,38,18,6,826,2.0
8,24,1154,38,19,5,826,2.0
8,23,1154,41,19,3,825,2.0
4,22,1149,42,16,7,823,2.0
5,21,1149,40,15,7,823,2.0
9,25,1153,42,20,7,824,2.0
3,22,1145,36,13,4,819,2.0
8,20,1152,37,19,4,823,2.0
5,26,1149,41,17,6,824,2.0
9,23,1150,39,19,7,826,2.0
8,23,1152,38,19,6,822,2.0
8,23,1152,40,21,5,823,2.0
6,23,1152,41,16,6,823,2.0
5,19,1146,38,15,3,821,2.0
3,23,1149,41,19,6,823,2.0
9,23,1153,37,18,2,826,2.0
5,22,1144,39,13,5,818,2.0
5,23,1149,41,15,7,820,2.0
7,24,1149,39,16,7,825,2.0
7,23,1150,36,20,3,823,2.0
9,21,1155,38,19,5,824,2.0
8,23,1149,41,18,7,825,2.0
8,21,1151,37,17,3,822,2.0
8,24,1150,40,17,7,826,2.0
8,25,1149,41,19,8,824,2.0
8,23,1150,40,18,5,825,2.0
6,25,1148,41,17,7,822,2.0
8,22,1148,40,15,8,824,2.0
11,21,1155,37,20,5,825,2.0
8,19,1153,39,20,4,825,2.0
7,21,1153,38,19,5,824,2.0
8,22,1150,37,19,4,824,2.0
4,23,1149,42,16,5,820,2.0
9,23,1150,42,17,6,825,2.0
12,21,1150,39,20,5,821,2.0
9,25,1152,39,20,6,823,2.0
9,20,1154,36,19,2,825,2.0
8,21,1146,38,16,5,822,2.0
7,23,1151,40,20,3,823,2.0
7,23,1155,38,20,6,826,2.0
8,24,1148,41,16,6,825,2.0
9,21,1150,41,19,7,825,2.0
6,26,1148,42,13,5,821,2.0
3,24,1145,37,13,5,820,2.0
7,23,1150,40,17,7,825,2.0
5,24,1153,40,19,7,823,2.0
9,24,1155,41,18,7,826,2.0
8,22,1153,37,19,4,824,2.0
5,25,1145,39,14,6,824,2.0
9,21,1154,38,21,3,825,2.0
4,23,1147,41,17,8,822,2.0
5,23,1149,39,16,4,822,2.0
4,23,1151,40,19,6,821,2.0
6,24,1150,40,19,7,824,2.0
6,24,1150,40,17,7,821,2.0
7,23,1152,39,19,3,826,2.0
8,21,1151,38,19,3,823,2.0
7,22,1146,37,15,5,823,2.0
8,25,1152,40,18,7,823,2.0
8,22,1148,41,19,5,824,2.0
8,21,1154,43,19,6,826,2.0
6,24,1149,42,17,6,821,2.0
9,23,1150,39,17,8,825,2.0
0,20,196,32,14,7,227,2.0
5,20,195,34,15,8,231,2.0
6,15,198,35,16,9,232,2.0
8,19,198,29,14,4,231,2.0
6,21,197,34,13,8,230,2.0
5,16,193,30,12,3,229,2.0
7,18,200,33,17,8,230,2.0
7,18,197,34,13,7,229,2.0
7,20,197,34,15,8,231,2.0
7,20,197,34,14,6,230,2.0
6,14,199,30,16,4,231,2.0
1,16,191,30,10,5,225,2.0
6,19,199,34,16,8,230,2.0
3,22,194,34,13,6,229,2.0
7,18,199,33,17,5,232,2.0
5,19,199,33,15,7,231,2.0
4,16,198,32,12,6,229,2.0
6,16,199,30,16,3,231,2.0
7,20,198,29,16,2,230,2.0
4,16,196,33,14,7,229,2.0
4,17,196,32,13,6,232,2.0
3,20,197,31,13,6,231,2.0
4,17,198,30,16,2,231,2.0
9,22,200,31,14,5,230,2.0
8,17,198,31,15,2,230,2.0
6,19,197,33,16,8,230,2.0
5,20,194,33,15,6,230,2.0
4,18,195,33,13,7,227,2.0
2,17,195,34,14,5,231,2.0
5,16,199,31,16,2,230,2.0
3,15,192,30,13,5,228,2.0
4,20,197,35,15,8,231,2.0
2,18,197,33,14,8,229,2.0
6,19,197,32,14,5,231,2.0
7,20,198,33,15,6,231,2.0
6,23,194,33,13,7,229,2.0
4,19,195,32,13,9,226,2.0
4,17,199,31,16,5,230,2.0
2,20,194,34,9,6,225,2.0
1,20,194,34,13,7,225,2.0
6,18,196,32,13,6,229,2.0
5,21,197,32,16,9,230,2.0
0,20,195,32,13,6,227,2.0
4,18,198,33,16,8,231,2.0
3,19,197,32,13,7,231,2.0
3,19,199,33,16,8,232,2.0
0,19,196,33,13,6,229,2.0
3,18,193,31,12,3,226,2.0
3,20,194,30,11,6,228,2.0
5,21,193,35,12,8,228,2.0
6,20,194,33,12,7,226,2.0
6,16,198,27,17,5,231,2.0
4,19,196,33,13,8,228,2.0
4,15,198,31,16,4,230,2.0
3,16,194,35,15,8,229,2.0
0,21,193,32,12,7,227,2.0
4,18,195,34,12,9,229,2.0
2,17,195,33,13,6,228,2.0
0,17,194,32,9,7,227,2.0
2,19,194,35,12,9,226,2.0
0,16,196,33,14,5,228,2.0
5,21,195,33,14,7,228,2.0
9,15,199,29,16,2,230,2.0
9,17,200,31,17,3,233,2.0
6,19,195,32,11,3,230,2.0
5,19,195,34,13,7,230,2.0
6,20,197,34,13,8,228,2.0
6,19,198,34,17,7,231,2.0
5,20,194,33,9,4,228,2.0
4,17,197,30,15,5,228,2.0
4,17,197,33,14,7,229,2.0
6,16,195,32,13,4,231,2.0
6,14,198,34,16,7,233,2.0
3,21,191,33,11,5,227,2.0
3,18,197,32,14,5,228,2.0
4,14,199,29,15,1,231,2.0
3,17,196,31,13,4,227,2.0
8,19,198,33,14,6,231,2.0
3,21,193,34,10,6,227,2.0
7,17,193,28,12,3,230,2.0
2,17,192,30,11,5,227,2.0
6,18,198,30,15,4,230,2.0
5,18,197,31,14,5,229,2.0
2,20,194,34,13,7,225,2.0
4,21,195,33,11,6,225,2.0
3,17,192,32,13,8,228,2.0
0,19,194,30,12,5,225,2.0
3,14,196,29,11,4,230,2.0
5,19,197,30,14,3,231,2.0
3,17,195,32,11,8,230,2.0
4,21,193,33,14,5,228,2.0
9,19,200,28,15,3,232,2.0
7,20,196,33,14,7,229,2.0
3,21,196,34,15,6,230,2.0
6,18,196,34,15,7,230,2.0
2,20,197,35,14,8,226,2.0
6,21,197,34,15,7,230,2.0
5,14,197,33,15,4,233,2.0
4,18,195,32,14,8,230,2.0
6,20,194,33,14,7,230,2.0
3,18,63,42,15,8,112,2.0
5,18,64,42,16,10,111,2.0
4,17,63,41,15,7,113,2.0
3,18,56,40,12,6,108,2.0
4,18,59,38,10,6,107,2.0
5,17,62,41,16,6,112,2.0
2,20,59,43,10,6,108,2.0
4,13,60,41,11,8,108,2.0
3,18,62,40,14,4,111,2.0
6,18,63,43,13,7,112,2.0
5,17,62,39,15,3,114,2.0
3,13,64,36,15,1,113,2.0
0,15,63,41,15,4,111,2.0
2,12,64,36,13,2,114,2.0
4,16,59,40,9,5,109,2.0
8,18,64,41,15,7,112,2.0
3,20,62,43,14,7,106,2.0
5,17,64,42,13,7,111,2.0
2,18,60,41,10,5,111,2.0
2,18,58,38,10,7,108,2.0
4,17,62,41,14,8,112,2.0
4,19,64,39,16,5,113,2.0
6,13,62,37,16,3,111,2.0
0,14,61,40,16,3,110,2.0
2,15,62,41,11,6,110,2.0
2,17,61,41,13,7,109,2.0
2,17,61,42,12,7,111,2.0
4,20,61,43,15,7,112,2.0
5,18,62,38,13,5,109,2.0
4,20,62,38,15,1,114,2.0
5,12,63,41,15,7,112,2.0
7,17,63,40,15,5,113,2.0
3,16,65,42,16,7,112,2.0
5,18,62,38,14,6,113,2.0
6,12,65,36,15,0,112,2.0
1,16,58,37,9,4,110,2.0
0,17,60,41,13,6,110,2.0
4,16,62,41,13,5,111,2.0
3,13,64,38,13,2,111,2.0
2,12,62,40,14,2,111,2.0
3,17,61,42,14,8,112,2.0
5,13,63,40,16,4,112,2.0
6,15,63,38,16,2,111,2.0
7,19,64,43,15,8,113,2.0
1,19,56,40,11,8,107,2.0
5,18,62,41,13,8,113,2.0
4,17,64,39,13,7,113,2.0
5,18,61,41,15,8,110,2.0
5,15,64,41,14,3,112,2.0
4,17,62,41,13,5,112,2.0
6,19,64,42,15,8,110,2.0
4,13,63,38,15,1,112,2.0
2,17,61,42,11,8,112,2.0
1,15,60,42,11,6,109,2.0
1,17,63,41,14,8,107,2.0
6,16,62,43,13,8,111,2.0
6,14,61,39,15,2,112,2.0
4,22,62,41,15,8,112,2.0
2,21,62,43,14,9,108,2.0
5,19,59,43,10,8,109,2.0
5,17,64,35,15,6,113,2.0
4,17,64,40,15,6,112,2.0
4,17,63,40,16,5,112,2.0
5,17,60,42,13,8,112,2.0
5,14,62,41,14,6,111,2.0
2,18,64,37,15,5,112,2.0
4,18,63,39,16,3,114,2.0
0,18,61,43,14,6,110,2.0
2,18,59,42,11,6,111,2.0
5,18,62,41,12,7,113,2.0
6,19,63,42,15,8,112,2.0
8,19,62,42,14,6,113,2.0
8,15,63,40,16,2,113,2.0
4,17,63,41,12,8,110,2.0
5,18,61,40,14,6,112,2.0
4,18,62,39,13,4,112,2.0
6,19,61,42,14,8,112,2.0
0,18,58,40,11,7,109,2.0
4,17,59,39,9,4,107,2.0
1,17,62,41,14,7,111,2.0
3,17,64,36,15,1,112,2.0
1,15,63,40,13,6,111,2.0
0,15,60,39,14,7,110,2.0
2,19,59,41,13,6,109,2.0
6,20,63,39,15,2,111,2.0
4,18,60,42,12,6,110,2.0
1,18,61,41,12,6,111,2.0
0,21,59,41,12,8,108,2.0
0,18,58,41,9,7,110,2.0
3,17,59,40,11,7,111,2.0
4,13,62,40,14,4,111,2.0
5,17,62,40,13,6,111,2.0
3,15,64,39,14,3,112,2.0
1,17,63,43,14,8,112,2.0
0,16,58,42,11,7,109,2.0
3,18,62,42,15,9,112,2.0
6,18,64,42,12,8,112,2.0
5,19,59,39,11,5,111,2.0
6,20,60,42,10,7,111,2.0
4,16,61,40,13,6,111,2.0
5,14,34,44,14,4,61,2.0
4,17,33,46,14,3,63,2.0
2,16,31,46,11,7,59,2.0
4,15,33,43,14,5,61,2.0
3,15,32,46,14,8,62,2.0
4,10,33,46,17,7,63,2.0
2,15,34,39,16,2,60,2.0
0,15,33,41,15,3,60,2.0
1,14,33,45,14,8,61,2.0
3,16,33,43,13,3,60,2.0
6,16,32,44,14,7,61,2.0
6,17,33,46,13,8,60,2.0
8,16,34,46,14,9,61,2.0
4,17,32,45,15,5,61,2.0
1,14,30,46,13,7,58,2.0
1,16,30,44,12,6,57,2.0
2,16,33,45,14,8,62,2.0
4,14,34,45,15,5,61,2.0
2,16,28,46,10,7,58,2.0
2,15,32,45,15,7,60,2.0
3,17,34,47,14,7,61,2.0
4,14,31,46,12,6,60,2.0
3,16,32,45,11,8,61,2.0
4,15,30,45,11,6,58,2.0
5,16,33,45,14,8,61,2.0
0,15,28,44,11,6,60,2.0
2,15,33,40,16,2,62,2.0
0,13,32,42,15,4,58,2.0
4,15,35,42,15,5,60,2.0
6,9,33,41,15,2,63,2.0
4,16,32,47,14,8,63,2.0
5,18,33,46,14,9,61,2.0
5,18,32,45,16,7,63,2.0
6,16,28,46,12,8,59,2.0
5,13,33,41,15,5,61,2.0
5,16,31,44,13,7,61,2.0
6,12,32,42,15,4,62,2.0
4,11,34,44,16,6,61,2.0
3,15,32,44,14,6,60,2.0
4,11,33,39,14,1,62,2.0
3,13,28,44,9,7,60,2.0
4,16,32,45,13,7,61,2.0
3,14,33,43,13,7,61,2.0
0,15,32,46,13,6,58,2.0
2,11,34,44,15,8,61,2.0
5,17,33,46,15,6,61,2.0
2,13,33,44,14,7,61,2.0
6,16,33,46,15,7,62,2.0
4,13,33,42,14,4,58,2.0
6,15,33,46,13,4,60,2.0
5,15,35,44,16,6,62,2.0
1,13,29,45,13,5,59,2.0
4,16,33,45,12,7,59,2.0
4,16,32,46,11,8,60,2.0
6,15,35,42,17,5,61,2.0
5,17,33,45,15,8,61,2.0
4,16,31,45,14,6,60,2.0
3,15,33,45,14,8,61,2.0
4,9,34,40,15,3,62,2.0
2,15,33,46,14,9,60,2.0
0,16,31,46,14,8,59,2.0
5,13,35,47,15,7,62,2.0
4,18,33,47,14,8,61,2.0
6,15,32,44,13,6,59,2.0
6,16,33,40,16,2,63,2.0
5,14,33,41,16,3,60,2.0
4,11,32,43,15,3,61,2.0
1,15,30,46,12,9,60,2.0
5,17,33,46,13,9,61,2.0
4,15,31,46,14,5,60,2.0
2,10,32,40,14,4,59,2.0
2,17,27,46,9,7,58,2.0
0,12,32,42,11,5,58,2.0
0,14,30,46,11,6,61,2.0
0,15,32,45,14,8,60,2.0
2,15,33,45,13,7,60,2.0
2,15,35,45,15,5,64,2.0
2,17,31,45,11,10,60,2.0
8,17,34,46,15,8,63,2.0
7,10,35,40,15,2,62,2.0
7,13,34,42,15,4,61,2.0
6,15,33,42,15,6,61,2.0
4,15,32,45,14,8,61,2.0
0,16,30,43,13,4,58,2.0
4,16,34,46,16,5,62,2.0
6,15,34,45,16,6,60,2.0
5,15,34,46,15,7,63,2.0
0,13,29,45,11,5,56,2.0
0,15,28,46,11,9,57,2.0
0,13,30,40,9,4,55,2.0
0,15,31,47,12,9,55,2.0
3,16,34,45,15,10,62,2.0
5,12,32,39,15,1,62,2.0
6,16,31,44,10,6,60,2.0
6,17,33,41,15,5,63,2.0
4,15,32,44,14,6,60,2.0
3,12,31,43,11,6,59,2.0
0,13,29,44,9,4,58,2.0
3,16,31,45,11,9,59,2.0
5,15,33,39,15,2,62,2.0
